398eceaa-4ca3-4bc0-816e-0e38b4f41bd0,The Anvaya Beach Resort Bali,4.45,5022000.0,Badung
a7b70be4-53eb-440b-a9a8-85c78897567a,The Apurva Kempinski Bali,4.45,14520640.0,Badung
b5f1d311-0e3a-48e3-9c65-d1870e5e9b50,The Sakala Resort Bali - All Suites,4.25,2400000.0,Badung
d7b98544-0aac-4ab2-9390-cc29d5436bd0,Discovery Kartika Plaza Bali,4.3,1733333.0,Badung
64842a56-3b49-4338-ab38-93ea50286454,Hilton Bali Resort,4.35,3872000.0,Badung
f738d906-b212-4a9a-a307-7de73920e9f4,The ONE Legian,4.25,1440000.0,Badung
79bd17a5-4353-45c3-b5a4-5d5d40502a01,Prama Sanur Beach Bali,4.25,2268000.0,Denpasar
53e3e58b-e614-4ccf-a2e1-ba49b8f3c0cb,Ramada Encore by Wyndham Bali Seminyak,4.3,1642500.0,Badung
3adefed6-7933-430a-a1d9-b0b6a3b6d62e,ASTON Kuta Hotel & Residence,4.3,1989000.0,Badung
6b7fb133-6db0-4b2e-95f7-a9b5fc9d610c,Merusaka Nusa Dua,4.45,3199500.0,Badung
33db73af-f32e-4d04-a321-72e5b6bead59,Kanishka Villas,4.1,1435745.0,Badung
51d8b6c5-587a-4b10-b8a4-29957e6c4485,Kanvaz Village Resort Seminyak,4.45,3211884.0,Badung
26f4e752-20ef-486a-912c-75c425021d67,RIMBA by AYANA Bali,4.5,3908300.0,Badung
517b6f6a-4136-4f1b-b655-ec32338a3cd3,Grand Inna Kuta,4.25,1920000.0,Badung
a3841edd-ca7d-4234-91ee-299882c7c49b,Conrad Bali,4.35,4154334.0,Badung
396acca8-bf85-4e79-a20e-b24eb143a891,Grand Hyatt Bali,4.25,3325031.0,Badung
a64f6b3e-d81b-495c-93ee-a818409d360a,Horison Seminyak,4.2,2000000.0,Badung
9f76692f-a676-4bf9-8d28-8fe6b83e7e73,Aryaduta Bali,4.35,1380000.0,Badung
eee2c19b-e53b-4d9c-bddd-817ef39272b1,Swiss Belhotel Tuban,4.3,990667.0,Badung
ac0accc2-cf77-495a-9faf-df7f5cb88f4b,Hotel Dafam Savvoya Seminyak,4.2,1099156.0,Badung
6ffda4b2-b2dc-44d4-9b2c-adae61c06cdd,Four Star by Trans Hotel,4.2,760000.0,Denpasar
810a41a4-1d18-4121-a150-d151443e8675,Bali Dynasty Resort,4.3,2097144.0,Badung
2cce17f8-aff5-45b7-917a-1e4f97ca8af4,Wyndham Garden Kuta Beach Bali,4.05,1032000.0,Badung
78dad64e-f11a-46cf-83dd-07100f2e3749,Sheraton Bali Kuta Resort,4.4,3468667.0,Badung
ed07c959-27f4-49a5-8d10-04c927c41c0b,Tribe Bali Kuta Beach,4.55,1637857.0,Badung
d6bf2373-3b17-44b1-9f02-53cdb89f752b,Kaisa Villas Seminyak,4.4,2450000.0,Badung
bd8bd275-fdc5-4313-b4ad-a3bded718b4f,Novotel Bali Nusa Dua - Hotel & Residences,4.25,1902120.0,Badung
fe651327-6f7a-436b-803b-8e3ea39e121b,Danoya Villa Seminyak,4.35,3663000.0,Badung
43ac1792-6627-45aa-a4e8-ad06274135cc,Grand Palace Hotel Sanur - Bali,4.35,1035000.0,Denpasar
c922f6fe-c143-4679-87cc-9c0d5e050ba6,THE 1O1 Bali Oasis Sanur,4.25,1492000.0,Denpasar
436eb582-b796-43b3-9928-25910f2caf58,MÃ¶venpick Resort and Spa Bali,4.4,3285734.0,Badung
f9de8b45-8173-4e34-aa8e-2f748f7307d2,Kuta Paradiso Hotel,4.2,2240000.0,Badung
77624e39-114a-4841-bd34-5b78eb19c853,Diamond Hotel Kuta Bali,4.1,783000.0,Badung
ec6a17e7-852b-49a8-9f4a-f3305969fcc7,Hotel Santika Seminyak,4.35,985000.0,Badung
e26c8287-9169-4717-8987-2435b289e7c6,Hyatt Regency Bali,4.35,3201881.0,Denpasar
45f2d047-14f7-479b-82a9-2cb7825174ae,Villa Kayu Raja,4.3,4130995.0,Badung
9d841b2e-1ca2-45b6-9daf-61971f509dd5,Pullman Bali Legian Beach,4.15,2420000.0,Badung
312a7423-69eb-4622-878a-e4e51c2de267,Bintang Bali Resort,4.3,2124000.0,Badung
e3e2dae2-b18e-4350-ad21-1d4741ea30c0,The Ritz-Carlton Bali,4.4,6292000.0,Badung
aaa21c0e-9daa-4ff1-9cf9-969ed4d1d35f,The Patra Bali Resort & Villas,4.4,1782000.0,Badung
89aad438-a34d-41df-a649-63886e703667,favehotel Sunset Seminyak,4.25,816480.0,Badung
35264aaa-41e3-44fe-9695-95615a26638a,Melia Bali,4.45,2607669.0,Badung
a994e9d0-3a08-4e69-bafe-40ff8190332a,THE 1O1 Bali Fontana Seminyak,4.3,1733333.0,Badung
94819558-633d-4a55-a7cb-b22630d2719b,Hotel Indigo BALI SEMINYAK BEACH,4.5,5096637.0,Badung
b50bab55-81e6-438a-82a5-279128e937de,Mamaka by Ovolo,4.45,1911714.0,Badung
76212b27-60d7-4c32-af71-9d31b6eafeaf,The Trans Resort Bali,4.5,3450000.0,Badung
d772d976-10a6-4a01-92c8-a1eb52a2069a,The Nest Hotel Nusa Dua,4.4,1080000.0,Badung
7f835914-3772-46cd-93e6-9a68a9d2974c,Grand Whiz Hotel Nusa Dua,4.25,1164500.0,Badung
dc3c1c27-83f0-41ea-9dd3-d577e4799f40,Swiss-Belresort Watu Jimbar,4.3,1180000.0,Denpasar
ab6c752c-f54c-4a24-a82d-cf3ef9fbe124,VOUK Hotel & Suites,4.1,1570000.0,Badung
8ea5e845-97d8-422f-a482-356d46e913b6,Lloyd's Inn Bali,4.3,1959404.0,Badung
5e54b877-834a-4b63-ac84-3750f2e2dd7a,Courtyard by Marriott Bali Seminyak Resort,4.5,2662000.0,Badung
368b4043-b221-48cf-ab69-06db31de9b8d,Ramada by Wyndham Bali Sunset Road Kuta,4.1,852163.0,Badung
6ab62e79-717d-4bdc-91be-43884a8de4ed,Grand Istana Rama Hotel,4.15,1242487.0,Badung
2c058277-8987-47a7-aa8a-35218aba5670,Hotel Nikko Bali Benoa Beach,4.3,1807937.0,Badung
b2c678e2-353c-473b-aa52-7499bccba46d,Boss Legian Hotel,4.1,491323.0,Badung
0349d136-d354-403b-b090-3fd602a588d0,Courtyard by Marriott Bali Nusa Dua Resort,4.3,2581333.0,Badung
7f5fee2b-e606-457d-b8d0-40019d23d41e,Tijili Benoa Hotel,4.4,1890000.0,Badung
9267fe16-e2b6-48f7-a861-3b6d8c7b2407,The St. Regis Bali Resort - CHSE Certified,4.5,10164000.0,Badung
78350003-97e2-4f7e-af02-9ab74b640957,Swiss Belhotel Rainforest,4.15,1113333.0,Badung
62b2d99c-5fca-45e6-baef-6aa43d64cf4f,Bedrock Hotel Kuta Bali,4.3,1530000.0,Badung
7c7c8237-db06-4eb8-8cc5-104b7a2cf1b3,Four Seasons Resort Bali at Jimbaran Bay - CHSE Certified,4.4,24377467.0,Badung
f7fc9b3b-c10c-4123-a8e7-40cef08656cc,HARRIS Hotel Seminyak,4.25,1005000.0,Badung
67b2737f-b062-4e32-8a72-2ecd73b13f11,Benoa Sea Suites and Villas,4.3,2880000.0,Badung
b7898349-9865-47d9-981a-1a93d5f4fafd,Grand Zuri Kuta Bali,4.3,1136591.0,Badung
d433960e-403f-4509-925d-685f734ea9d9,Prime Plaza Hotel Sanur â_x0080__x0093_ Bali,4.25,1307992.0,Denpasar
1eeec7b3-bfb8-4aef-9d37-8bbc27fd4bb3,Bali Paragon Resort Hotel,4.25,1313641.0,Badung
8f43de97-c520-4463-b334-d5f4b770f4a4,Samabe Bali Suites & Villas,4.5,7185914.0,Badung
972d2d6b-1332-47ff-abcc-54dcf251e2f1,Fairfield by Marriott Bali Kuta Sunset Road,4.35,1581067.0,Badung
2e773a3f-bd78-402e-b9ab-10fcda557ad7,"Four Points by Sheraton Bali, Kuta",4.25,1613333.0,Badung
2e3ebe45-3327-48ff-8750-879e89cfa4d2,Alila Seminyak,4.45,7381485.0,Badung
1de0f76e-402a-4208-b3ec-e339c694b268,Mercure Bali Legian,4.2,1176120.0,Badung
4581f4ae-fdff-4746-94a3-1ef6c8122647,Grand Kuta Hotel & Residence,4.2,1260000.0,Badung
53b9bc2f-d78b-42a1-b027-365c8799634b,Pandawa Hill Resort,4.35,864800.0,Badung
10f886b0-ce62-4afd-ab11-32e81cf90639,Artotel Sanur - Bali,4.4,1182600.0,Denpasar
c93e6a14-8fb7-478c-ab72-aadc2db2b8aa,Holiday Inn Resort Bali Benoa,4.5,2572999.0,Badung
36e73115-f29e-4b50-a117-c544b4030ae8,Buana Bali Villas & Spa,4.45,5580000.0,Badung
b5b351e3-4197-4595-aec0-b3c86c656d51,Le Meridien Bali Jimbaran - CHSE Certified,4.3,2339333.0,Badung
85db8d81-3093-4554-9d12-c4de18a870cd,Hadi Poetra Hotel,4.1,1034000.0,Badung
c5de6b76-98c0-4b85-936a-26c24180f0de,BEST WESTERN Kuta Villa,4.05,540000.0,Badung
5c17a753-2221-4503-9cbf-70ec22d684b0,ibis Styles Bali Benoa,4.15,978360.0,Badung
6878ca48-d494-44c5-91cd-fac6c3ba87ee,The Mulia - Nusa Dua,4.6,11777533.0,Badung
427ce117-82e1-45d1-86c2-cfbd5662f151,Stark Boutique Hotel and Spa Bali,4.1,1086869.0,Badung
902805cc-04c2-4aae-90ff-cc81494e92f7,Lovina Beach Club & Resort,4.25,1521000.0,Buleleng
82cd4ede-8976-4ac7-9cb1-1395649532cd,Ohana Hotel Kuta,4.3,1350000.0,Badung
b86ba20b-3367-4af7-98f9-b1b8a541517c,Seminyak Icon by Karaniya Experience,4.35,7362500.0,Badung
c716aa7c-0cd8-414b-9c2a-e4f287d1d3a3,SOL by Melia Benoa Bali-All Inclusive,4.2,1599624.0,Badung
14bf4cfc-fa15-4409-9c16-3a496e125135,HOTEL & RESIDENCES Riverview Kuta - Bali (Associated HARRIS),4.2,925200.0,Badung
43230441-2fa6-40d3-a433-79b18757697b,Hotel Santika Kuta,4.3,945000.0,Badung
bad659af-1328-4fa7-b1d8-7e0f45dfc43e,Wyndham Tamansari Jivva Resort,4.35,1018125.0,Klungkung
81c9f548-63f0-419d-8c80-2bec8aedbe32,Kaamala Resort Ubud,4.55,5073821.0,Gianyar
57a60344-dff0-41da-b107-37aa98492245,Abian Harmony Hotel & Spa,4.2,1307968.0,Denpasar
2b8adfef-ae18-4eeb-976f-805ca4a980f6,"Four Points by Sheraton Bali, Ungasan",4.35,1290667.0,Badung
7f201e14-44b2-4ff4-af99-a1140aeaa533,Kamandalu Ubud,4.55,5083724.0,Gianyar
6416adc1-00ef-4ad4-9876-aca8d89c0878,The Light Exclusive Villa and Spa,4.15,1788600.0,Badung
6252d74e-a45b-47ca-8d0b-0a716545638e,The Akmani Legian,4.3,1144243.0,Badung
52419d8e-8cac-40f9-b313-bb8c3e66e671,The Vira Bali Boutique Hotel & Suite,4.35,2821500.0,Badung
fc88cdda-6ffa-45eb-a20b-ad5ac535b115,Element by Westin Bali Ubud,4.5,1936000.0,Gianyar
e6bdd624-550c-472c-ab97-993f31dd43ac,Fairfield by Marriott Bali Legian,4.35,1903733.0,Badung
80afbc2e-02b0-4cdc-bffb-c3f0861d38dc,Kuta Seaview Boutique Hotel & Spa,4.3,3330000.0,Badung
e60f36af-c44c-45f9-a28b-097c73b28904,Aloft Bali Seminyak- CHSE Certified,4.4,2065067.0,Badung
fda416ee-102a-4dcf-913b-244319730e66,Hotel Zia Bali - Kuta,4.15,1303935.0,Badung
2b633b11-8c9b-4c33-a2e2-08a584e1f6fb,Bali Elephant,3.95,540000.0,Badung
2861f262-f94a-4c18-b945-9183a552baa5,Grand Mirage Resort & Thalasso Bali,4.25,1881187.0,Badung
aa791a25-e276-4fb6-b734-26218524d873,CLIO APARTMENTS,4.35,900000.0,Badung
34b4509a-9b08-407b-b195-e1a0fb83f6e5,"Sthala, a Tribute Portfolio Hotel, Ubud Bali",4.5,2097333.0,Gianyar
31e9434c-5663-45f0-8b5f-a53c3670a0c7,SereS Springs Resort & Spa,4.5,2766060.0,Gianyar
0f24570e-8f5e-4d54-9a68-039986538541,Sithala Villa Seminyak,4.4,4320000.0,Badung
c9a2f1ef-efd0-4e7a-8de6-a3e0a2bfcafb,The Ritz-Carlton Bali Villas,4.35,14600667.0,Badung
c8de385c-fa88-486b-a66a-b4461af2fab1,ZURI Express Jimbaran,4.3,511875.0,Badung
a7d1964c-11ec-4675-a2b2-231b4e8aeefa,The Grand Bali Nusa Dua,4.3,1567500.0,Badung
f9dc6aa1-03f4-4533-bc11-cb588a7721a3,Padma Resort  Legian,4.55,10664100.0,Badung
564b096a-2964-451e-a2e7-68c6361869f6,Mars City Hotel,3.9,592200.0,Denpasar
af76e24c-a1a7-4b1d-9713-32fe24b67517,Puri Padma Hotel,4.35,1890000.0,Gianyar
55058c86-7b7a-4549-903e-e12538fc3e33,Royal Regantris Kuta,4.3,465483.0,Badung
4110b216-fd0d-4d41-8158-5f0167cb2fa0,The Jas Villas,4.1,4095000.0,Badung
f88dd950-f3aa-4f09-aca7-6e442ceb25a3,Watermark Hotel and Spa Bali,4.35,1099156.0,Badung
e6f07b1c-aa28-47f6-9242-5a6cd0af1d28,The Kana Kuta Hotel,4.35,1284904.0,Badung
8bdb1d7f-9764-403b-ab07-7bf240997421,Solia Legian Bali,4.4,810000.0,Badung
3163cdbc-21c4-4b17-8e6b-b3b02529fd05,Taksu Sanur Hotel,4.35,1600200.0,Denpasar
f272808b-6d43-4b76-a16f-3590e80626e3,Bali Garden Beach Resort,4.2,2160000.0,Badung
4cf679ca-cb01-4e99-9835-d625068d9fe0,J4 Hotels Legian,4.3,6966000.0,Badung
6c3cab07-e5e2-450e-92d5-447bcca5b2cb,The Wangsa Hotel and Villas Benoa,4.25,807600.0,Badung
e9eee98f-b3e4-45ef-9f11-b8289f44c40c,Best Western Premier Agung Resort Ubud,4.4,1314000.0,Gianyar
019529bc-2997-44c5-85e5-e5d967f70fa1,Villa Seminyak Estate & Spa By Astadala,4.35,1368000.0,Badung
dbc4e905-7c60-48b6-960a-e6890bf41c92,Ulu Segara Luxury Suites and Villas,4.4,2195389.0,Badung
8d1fe7f9-56f0-4f62-8817-16d6333b2da3,Marriott Bali Nusa Dua Gardens - CHSE Certified,4.4,3630000.0,Badung
f8c3010a-f3d9-4d67-bed7-7ed67d8cd6c8,Bali Tropic Resort & Spa,4.25,2137500.0,Badung
e6c9e229-f6a9-49bc-9c76-ebde434478c0,Mercure Resort Sanur,4.2,998760.0,Denpasar
5d2fa251-3095-4179-8efd-22cd83574abb,Bali Relaxing Resort & Spa,4.25,1479600.0,Badung
dbb8a7b2-3222-4edb-8c7c-d2cd9cecb59b,Padmasari Resort,4.35,2700000.0,Buleleng
5fb2e0ce-4318-4011-99e2-34e5d16ab519,Sanur Agung Hotel,3.95,332500.0,Denpasar
922324e0-bb7a-4d37-95b9-e12bdf2183b0,Grandmas Plus Hotel - Legian,4.4,2666666.0,Badung
e23b423b-7302-475d-94d1-e4ea3ed1f403,Tijili Seminyak,4.45,1409902.0,Badung
1ef99784-3693-4ce2-a3e5-4effdea14c01,Best Western Resort Kuta,4.05,639000.0,Badung
9cdd8968-c54a-4b85-a806-c9714248c2de,ION Bali Benoa Hotel,4.05,720000.0,Badung
6ea90b44-2e5a-4438-90a7-8712b293012a,Titik Dua,4.55,2392000.0,Gianyar
71d8ab95-0337-4dad-bd9f-6783407c2ae8,The Bene - By Astadala,4.15,685886.0,Badung
82fd0c29-6267-4a2b-8528-64c259c2aa48,Holiday Inn Express BARUNA BALI,4.2,1421141.0,Badung
06a2a3e7-2234-4a07-841a-d424178b8aa7,New Sunari Lovina Beach Resort,3.85,702000.0,Buleleng
5dc4b53d-6744-4123-ad13-a2efea8b2e1a,Paisa Seminyak Living,4.2,1989833.0,Badung
f46ea214-a4ef-4337-a88d-841131cc09c6,Cara Cara Inn,4.4,390600.0,Badung
25929029-99fe-480d-8db9-e70b6f416cfb,Negara Hotel,4.0,405000.0,Jembrana
c0c2d29e-af1d-49d1-b4d6-30ac90657c21,bvilla+spa,4.15,3915723.0,Badung
1d857e23-ed20-4aa1-a1d3-611769358e97,Arena Living,4.45,1260000.0,Denpasar
ecdb4a8c-6909-4ac8-bf2d-bf8b0a0780ea,Praja Hotel,4.25,302921.0,Denpasar
a9a3f7ab-0b11-4b34-9d81-e828699769db,S18 Bali Villas,4.45,3811500.0,Badung
b1d1e53f-4305-492b-b8c7-c9b5403f44bf,Ayola Bali Jimbaran,4.2,384000.0,Badung
685fe378-d154-415d-81c1-1f6d3a944548,The Lovina Bali,4.45,3366250.0,Buleleng
8267a26a-1aac-4e80-977c-acd77b17f9fc,The Samaya Seminyak,4.25,11979000.0,Badung
8fe7074b-b1b1-41de-b7e9-19e4d3528567,Maison Aurelia Sanur - by PrÃ©fÃ©rence,4.4,2840000.0,Denpasar
5f5f8407-f436-4e0e-8051-3f7d62865f57,Signature Seminyak Smart Hotel,4.15,558000.0,Badung
fb6ca154-510a-4f4c-8175-1bf923da0ca0,Prana Villa Jimbaran,4.25,534843.0,Badung
59410105-58aa-40ec-9372-744d714bd514,The Sintesa Jimbaran Bali,4.15,764716.0,Badung
ada1198d-37f4-4d0d-a6b9-443afaf97d67,The Garcia Ubud Hotel and Resort,4.5,4418582.0,Gianyar
e67b8297-60bd-479a-8bec-99a8fe221979,Amnaya Resort Nusa Dua,4.55,9339574.0,Badung
3df52cad-042f-4501-980a-932a2e7d8011,Jas Green Villas And Spa,4.05,4005000.0,Badung
74f7f1f9-04a8-41fa-b952-391f32a9fc8c,SOL by MeliÃ¡ Kuta Bali,4.15,1150569.0,Badung
bb8a3300-1c20-4f36-889c-ada0c0642cde,One Eleven,4.6,10800000.0,Badung
4b7df1c6-7edb-4250-af28-f29f5242019c,18 Suite Villa Loft,4.5,1133334.0,Badung
5bc006af-1e41-415b-9a5f-dbae60c311e8,dâ_x0080__x0099_primahotel Seminyak,4.15,972000.0,Badung
2f5683d8-e3eb-4c69-be87-f414c6b3c734,Asoka City Bali,4.0,390000.0,Badung
f24842f0-9603-4bed-bd44-1a041e8b0611,Amnaya Resort Kuta,4.5,2871489.0,Badung
e445d733-cdb9-49d6-8b7d-eb0472d6da06,Prime Plaza Suites Sanur â_x0080__x0093_ Bali,4.3,1741300.0,Denpasar
c4ba13dd-6aa9-446f-990c-a7b6322d6052,Yan's House Hotel,4.5,2975000.0,Badung
e4ae956f-4ed8-4074-b366-4feac5c102dd,Artotel Haniman Ubud,4.5,1887717.0,Gianyar
095b2d5a-b093-4aa3-962b-547278193eed,InterContinental Hotels BALI RESORT,4.45,5145998.0,Badung
c8169a9b-2e76-4509-b2be-3560749ff8ff,Segara Village Hotel,4.35,1839165.0,Denpasar
0bb51cac-b350-4eaf-b70c-683c315763b6,Puri Saron Seminyak,4.15,2880000.0,Badung
b3f32d57-67e0-4007-918a-232da11beb44,KajaNe Yangloni at Ubud Bali,4.55,1784500.0,Gianyar
b21e4ee7-96eb-4fad-9b3d-9c764e363c6f,The Leaf Jimbaran Luxury Villas,4.15,4725000.0,Badung
e510fd8a-3356-4b60-a4e7-5d02a7c46051,Aria Exclusive Villa & Spa,4.4,3600000.0,Badung
9a1e7229-4f9e-4f0c-8214-bf1695995f54,Maya Ubud Resort & Spa,4.45,15622149.0,Gianyar
b626b4e8-68c2-46eb-95b8-7a23d4cf8c2f,Legian Beach Hotel,4.2,3082556.0,Badung
81638995-0dcf-4d9f-a824-410b4e2927cd,Bali Golden Elephant,3.95,540000.0,Badung
1470841a-90ad-4f70-928f-bd831de69f79,BALQUISSE Heritage Hotel,4.5,1620000.0,Badung
92dd8a03-9dc4-4b21-978c-5274cdef740c,Adhi Jaya Hotel,4.35,1854000.0,Badung
fcfffd98-51d7-4542-8c7e-0238345e6840,ibis Bali Legian Street,4.3,696960.0,Badung
f58a7459-d861-469d-9cea-71f8c3281197,Kampi Villas by Premier Hospitality Asia,3.8,6120000.0,Badung
cdc8c09d-0f97-45f8-ba2b-486a629dbc35,Inna Sindhu Beach Hotel & Resort,4.3,1197000.0,Denpasar
9135c247-5e75-4b46-9b06-b863fc70ef8e,Bintang Kuta Hotel,4.35,1530000.0,Badung
152f138a-ced1-4a32-8002-513dcaf2fd15,Odika Lovina House and Villas,4.3,1472500.0,Buleleng
7c01d9b2-c853-46e9-8e51-0f675319f9ad,Kampung Cenik,4.45,728333.0,Badung
3703d8d5-10a1-4f92-b101-62e71f620ab5,Ananta Legian Hotel,4.0,625050.0,Badung
53832fbd-d6f4-463d-93d2-0b87410c98c0,Bali Mandira Beach Resort & Spa,4.15,5890000.0,Badung
1697a27c-b196-4eb5-afcc-811de8d07c66,Ramayana Suites & Resort,4.3,1710000.0,Badung
bf2d3820-42ae-4508-94aa-2bf0fe064989,Keraton Jimbaran Resort,4.15,780079.0,Badung
f8d2e9b8-0d52-4587-b87a-40bd6265ad01,Melasti Kuta Bungalows and Spa,3.95,850000.0,Badung
fcbb3017-4b82-491f-881d-4d74e448049f,Serela Legian by KAGUM Hotels,4.2,454500.0,Badung
27b51d07-b84c-4100-bfdd-0833fa37257f,Villa Harmony Residence,4.0,2940000.0,Badung
918e59d0-94a5-4ebb-aa66-20e990c7bf5a,Wirton Seminyak Boutique Hotel,4.15,468000.0,Badung
9ac1a12c-448c-41f0-9f0b-cce1537211ab,Goya Boutique Resort,4.4,6850994.0,Gianyar
be2d8ec1-1665-4dbd-b5c1-b5d442f9f2ad,OYO 1654 Maha Bharata Kuta Inn,3.9,357452.0,Badung
49ba54dd-0dfd-4b4c-bff2-46bcf785e07e,Grand La Walon Hotel,4.35,630000.0,Badung
0c584ba9-b77d-43be-a1ef-3dea8f8bc7eb,Beautiful Bali Villas,4.3,3120300.0,Badung
3324918c-eba8-43a3-8bab-1eb69a859f92,Bali Rani Hotel,4.3,2250000.0,Badung
b9359d69-a7f4-4d61-b7ae-677ba9c31ce4,Lasanti Villas and Spa Seminyak,4.45,2936000.0,Badung
026ccb1d-a865-4104-bf54-dadc3f48736f,Kuta Central Park Hotel,4.15,1794000.0,Badung
2ffe2dd5-ddaf-4b93-8631-327595a1b7bc,Jas Boutique Villas,4.25,4095000.0,Badung
7545ff60-37fc-40f9-980a-02cf4c0f04b9,Coco De Heaven,4.05,450000.0,Badung
868fe081-dfd4-4d49-945b-70b5c05406a0,The Magani Hotel and Spa,4.25,1455345.0,Badung
d14d2da9-5a19-4381-9c7c-2c0ea1f77fb8,Kubu GWK Resort,4.4,1755000.0,Badung
8a211242-d5c6-48cd-a488-e91da8934d00,Wina Holiday Villa Kuta Bali,4.15,917563.0,Badung
debf6cbd-9536-4b45-8f43-cf3ab6c484d8,Gending Kedis Luxury Villas & Spa Estate,4.35,11340000.0,Badung
484b4f46-f454-4eb0-9d73-e7c7fb6450e1,Nesa Sanur,4.15,710285.0,Denpasar
011d0be0-be27-4182-bbcb-535de0be21c2,Argya Santi Resort,4.35,660000.0,Badung
2c1c8c5b-97f3-430b-be06-6aa52daf8a4d,Rantun's Place,4.0,836104.0,Badung
2277ea4e-590c-4dc1-b870-ede0b7a5c80d,Tropico Jimbaran Bali,4.4,323760.0,Badung
1e800ada-798f-4424-a030-ef0c517e275c,Peppers Seminyak,4.15,15246000.0,Badung
34b88bbd-88ba-40b8-9f6b-78eefdac2823,Taman Harum Cottages,4.1,1759500.0,Gianyar
10eed0b5-95ba-49ef-ac76-ade49067bfad,Mutiara Bali Boutique Resort Villas and Spa,4.4,1811350.0,Badung
f3989b34-cae1-400c-9b1a-5f8df25c4a63,OYO 1200 Kencana Residence,4.15,257643.0,Badung
0894f03f-62de-4931-9c1f-c697d8f8c102,The Hill Ungasan Bukit Jimbaran,4.15,630000.0,Badung
ea069be9-ab09-41de-8fb5-988316a45f80,Karang Lila Bhuana Ubud,4.65,682521.0,Gianyar
d96cc5e0-bb3c-4b69-8182-359666ec1f5b,The Alantara Sanur,4.4,1362060.0,Denpasar
e470eb1f-70fa-4f15-b3c9-764a425360c0,Destiny Boutique Hotel,4.2,1449459.0,Badung
480ffcf9-162d-4ff9-9d7c-45e9b980ebbe,OYO 2184 Nan Berlian Inn,3.5,228042.0,Badung
0a8c9600-ef49-421a-9257-03297171c0dd,Tanadewa Resort & Spa Ubud,4.35,3972152.0,Gianyar
f18da331-329d-466e-8a39-e050ea1604fa,Dinara Ubud,4.4,2923044.0,Gianyar
a215b61a-0180-4699-aa4d-ce5964bd12e3,The Awan Villas,4.3,4652458.0,Badung
4f3e60ef-59ee-4b75-88f1-888a3f131e44,Alam Kulkul Boutique Resort,4.2,1783710.0,Badung
729bf088-d7d5-4faf-b65e-04bb1eb1e6e4,"Abian Srama Hotel, Massage And Spa",3.75,173333.0,Denpasar
8cdf2b88-49af-4508-b616-1307e56ef4f2,Astagina Resort Villa and Spa,4.2,3402936.0,Badung
65a1ffe2-f188-4607-89dc-18a79b04b142,Pondok Anyar Hotel,4.0,517500.0,Badung
3dc21b28-3205-4d5f-8393-91f1dd763e77,Nata Ubud,4.2,1440000.0,Gianyar
fc7bdc6e-93a2-4a7b-9e94-9a89356fbfef,The Bandha Hotel & Suites,4.45,5687147.0,Badung
d0270676-715f-46ff-87a6-2f475b49443e,Hotel Terrace at Kuta,4.35,757052.0,Badung
e719e18c-6bd2-48cd-9cd2-5fb7ca9c962f,Kutus Kutus Mas Ubud Villa,4.55,1098000.0,Gianyar
88e93ca8-bfc0-4fc9-9a52-25c29462aa0a,Vico Hotel,3.85,178860.0,Badung
f521b44a-0e82-42b6-8a24-6004b2f13b27,SenS Hotel and Spa,4.45,1913151.0,Gianyar
bcf4a229-f0a7-42d7-9223-cd6d2d19456f,Atta Mesari Ubud,4.25,3285799.0,Gianyar
66fd6ea3-2dba-4bb8-a8db-004233f43aff,Anja Jimbaran,4.3,1850980.0,Badung
66a9843c-6bec-48c5-a144-d28e5a73286a,The Pari Sudha,4.35,1554798.0,Gianyar
c5fb57cf-71f3-4a85-8b2a-fcdb5ce1ce9f,Natya Tanah Lot,4.45,1826532.0,Tabanan
049c50f0-be97-4f53-9ab7-5bb4e5d30c72,The Niche Bali,4.15,440000.0,Badung
285acfde-534e-48ba-861a-9514e1b1c7e0,Samana Residence Denpasar,4.15,390000.0,Denpasar
2064bab9-7cfa-4615-9765-96570016829f,Fourteen Roses Boutique Hotel Kuta,4.05,810000.0,Badung
0d3856d7-84e1-451f-ba73-aeeeff7e1613,Fourteen Roses Boutique Hotel Kuta,4.05,810000.0,Badung
7a1ad74a-d206-4053-ac10-80273da1f092,Sunrise Hotel Sanur,3.75,378000.0,Denpasar
ad2ea985-ef11-4299-89d7-34d77cd0f097,M BOX SEMINYAK,4.3,133333.0,Badung
61e3c6a5-5b1e-472f-b102-cc8875b25a3d,Yulia Beach Inn Kuta,4.3,994500.0,Badung
e58cc4ef-b0f7-4798-bdd4-f7ec2507308c,Villa Puri Ayu,4.25,983367.0,Denpasar
57bfce33-1f73-41d2-a261-587a2dddf9b7,The Nani,4.2,1668000.0,Gianyar
83651ddf-331c-42b1-96fc-91ba1b83d9ab,Nirmala Hotel Jimbaran,3.75,554400.0,Badung
8af9210c-150b-4d60-a780-9badd184b581,Eden The Residence,4.4,11262627.0,Badung
564232e0-f29c-46ed-b1de-5bc840c5096b,Zest Legian by Swiss-Belhotel International,4.5,606667.0,Badung
cdb2f3e3-3896-44f2-9394-a8fe10f55f3d,Alindra Villa,4.2,2610000.0,Badung
c614991e-8626-413d-9b36-185ed4d62c9a,La Cabane Bali,4.6,3510000.0,Badung
29d4befb-5930-46a4-b60c-d7bdd993a3d1,Adi Dharma Hotel Kuta,4.25,1020000.0,Badung
60c0e6f0-19a9-43d9-a56b-9bce326f28c0,Cicada Luxury Townhouses,4.3,4207536.0,Badung
be3db318-38ef-4cb3-8072-cb783f6f6a7b,OYO 90291 Vin Stay Petanu,3.7,499255.0,Denpasar
21c26cba-ae0c-41af-b750-8a5491578378,Amadea Resort & Villas Seminyak Bali,4.3,5272307.0,Badung
3f71427b-c4f3-4fb0-8266-8a303cc08c59,Adikara Renon,4.2,371565.0,Denpasar
92ed9594-754e-4bbe-84e4-98774508fc9a,The Bali Dream Villa Seminyak,4.4,3793724.0,Badung
25931625-e18f-4b97-9ec4-17ab85216994,Home 21 Bali,4.25,1091426.0,Denpasar
9884b996-faa2-45fb-a328-496f4c7ce8f4,The Salila Beach Resort Seminyak Bali,4.5,3150000.0,Badung
8a361106-68c9-491b-83c2-21c01b63bea8,Ossotel Legian,4.45,2045188.0,Badung
3e14278e-891a-4ab9-acca-bd8bfe21c121,Kak Garden Inn,4.35,340000.0,Badung
0fc718f2-4d2d-4405-b72b-d55fe58681a1,The Kanjeng Hotel Kuta,2.8,269304.0,Badung
dfeae7df-c349-47e6-a889-54b153118f62,Restu Bali Hotel,4.2,141067.0,Badung
107f11a2-e26e-463c-94d9-13fc9f4a03ab,The Alley City Hotel,4.15,320000.0,Denpasar
d613b22f-8548-4461-9a60-1b6df517b6f3,The Bale Villas Nusa Dua,4.25,8419500.0,Badung
a17ebaf6-0804-4b73-8e15-4d9493ce895e,Matahari House,4.1,450000.0,Badung
867c14a6-e7ad-4bf8-aab8-5a6cd6cf8386,The Haere â_x0080__x0093_ By Astadala,4.1,2700000.0,Badung
a0659574-850c-4dc8-b789-9f38c567bed8,Rama Residence Padma,4.45,3057933.0,Badung
05378175-5d52-4787-8d6d-e8496e307952,Ila Villa Ubud,4.3,696667.0,Gianyar
76279ca3-2d1f-4498-b399-f3b5cf4f8b4c,Febri's Hotel & Spa,4.4,795340.0,Badung
50dc12a0-f5fd-4832-afd6-0ee5ec12fdf8,Hotel Vila Lumbung,4.05,1170000.0,Badung
70f64fd9-b7e6-4df5-b5d5-d346f9a99160,Villa Mandi Ubud,4.15,1745000.0,Gianyar
2ea4a39d-5531-4878-b723-311a9fdf5ef7,Swahita Ubud,4.4,1339255.0,Gianyar
8ceb3564-d799-4511-96e9-fd275e002506,Bali Summer Hotel,3.85,560461.0,Badung
1b7fb9ba-ca85-4b0c-8658-d93a65b88db1,Amalfi Hotel Seminyak,4.3,824367.0,Badung
f5938c43-f08d-46a9-b9d9-16add056a918,OYO 1433 Homestay Rumahku,3.9,353844.0,Badung
1d24a72d-6e3b-4f6b-99f0-87b132b3eada,Taman Ayu 212,4.3,411667.0,Denpasar
ff128940-9168-44a4-ae5b-d651ab2c7c1c,Cattleya Pool Suite - Seminyak by Marbella,4.2,1235000.0,Badung
3d05b4ce-b88d-40c4-9dfe-d7d47dec343d,Legian Paradiso Hotel,4.0,619230.0,Badung
c6e2536f-1439-476f-9418-8331383078d9,Suites by Watermark Hotel and Spa,4.5,3070010.0,Badung
9f7175b8-8d16-44c8-be77-f390321e16eb,The Aromas of Bali Hotel & Residence,3.8,434380.0,Badung
8c7ef6a3-d818-4b94-b1c3-a98c90f7f002,Visesa Ubud Resort,4.45,3904251.0,Gianyar
7cc427bb-5324-4ba7-bfa4-28f38aad6501,Arana Suite,4.5,2329200.0,Badung
d8c3d29a-d60d-4b8c-9931-90fd6a6ef9e0,Dea Graha,4.05,226667.0,Denpasar
6bb1f190-806a-44ee-9e52-7d5e79caf0f5,Taksu Nusa Dua Guest House,4.15,300000.0,Badung
d8cebccc-33ec-4c3b-967c-b7cf6e75b253,OYO 1848 TB'S Homestay,3.9,298959.0,Denpasar
9811c1eb-1967-4e8f-b4d8-19fd0407e0dd,My Home @ Bali by Conary,4.2,294000.0,Badung
6c42e003-3a96-4478-847e-bffef248498d,Nugraha Lovina Seaview Resort and Spa,4.4,1852500.0,Buleleng
edaf583e-8d55-471e-9df9-74a1631fc062,Collection O 91125 Puri Dewa Bharata,3.5,251674.0,Badung
d7562b9a-84e3-4fc5-820e-f8db39cd7cbc,The Seiryu Boutique Villas,4.4,4636979.0,Badung
6a99a857-8fe0-45bc-a93b-3e4e95444b15,SPOT ON 2426 Hotel Aget Jaya Ii,3.7,124137.0,Denpasar
193e1bfc-3f48-4c24-bc6b-ae99baffa4c7,Kimono Hotel,3.55,337500.0,Badung
bffc9a39-62e0-44b8-b9a4-646d985fb1b7,Agata Villas,3.65,9161796.0,Badung
572f7464-0ee3-49e4-b413-96e009fe6948,Puri Bali Lovina,4.25,753333.0,Buleleng
4070593d-b5e9-4fe6-9bf2-49776df2d726,Vije Boutique Resort and Spa,4.4,1900000.0,Gianyar
e3c42625-d93d-46e1-8fc4-f11cb14d32c3,Kejora Suites,3.7,2580000.0,Denpasar
9caf9ba8-0ff7-406b-9865-a25919907bb6,Core Hotel Benoa,4.25,631800.0,Badung
302f3429-ffa5-4e87-a8ae-a2f491e77aed,Hotel Segara Mandala,3.85,337500.0,Jembrana
ccf90001-0ad5-4c10-8d23-d0632dd8ab5c,Bali Caps Hostel,4.5,146667.0,Badung
adc6d667-9ef0-4c4e-a8ff-486371818e97,Seminyak Square Hotel,4.25,1652000.0,Badung
76ca3384-4e4e-44a2-a657-375ea2f81c9c,Arkamara Dijiwa Ubud,4.45,6792831.0,Gianyar
4f2f5bd3-c31e-48b0-8848-da310f6d15c3,Ubud Lestari Villa,4.4,1198471.0,Gianyar
cec5ad12-0639-4338-801c-9cbfefdfb7d6,Lumbini Luxury Villas and Spa,4.4,2747965.0,Badung
ca274243-b8b2-4385-a1c9-a8a690823343,Hotel Puriartha Ubud,4.2,749999.0,Gianyar
1563d638-2deb-467a-92f2-420bb72ce282,Pondok Sari Hotel,4.25,675000.0,Badung
fb8b4ef8-d728-4181-ab23-6db3dd367d14,Three Brothers Guest House,4.6,333334.0,Gianyar
b1d5aed5-496f-4117-86b5-b9b672276dbc,Akana Boutique Hotel,4.35,1593568.0,Denpasar
ba0fe0b2-e938-4395-adc7-8fc35b95d775,Meruhdani Boutique Hotel Ubud,4.45,719040.0,Gianyar
42bbc25f-4e5c-44b7-8b69-7f830d585b56,Hotel Melamun Lovina,4.45,562500.0,Buleleng
b3ca2b14-1806-49f1-b699-4c5c68a82f5d,Sanur Seaview Hotel,3.85,662400.0,Denpasar
8e968508-5476-4fd4-810f-97239468432f,Samudra Boutique Hotel and Villa,4.0,240964.0,Badung
ef4c9e55-f25c-404e-b837-4c6747021ce6,Sun Island Hotel & Spa Legian,4.25,1639800.0,Badung
8f4700fc-33a9-4757-ae0d-88620031bfa0,The Kryamaha Villas,4.4,2903987.0,Tabanan
cd4eeeb5-5cde-4e85-bc6e-13c39a93ce0d,The Kryamaha Villas,4.4,2903987.0,Tabanan
ff5ac9a5-601c-4921-b6e8-8eb942563c8f,Pondok Dukuh Jati,4.1,200000.0,Badung
691ad1dd-9736-4251-bb66-206a30f91d8f,The Sesari Jimbaran,4.1,367200.0,Badung
9b5a9be8-8d3b-4a7f-9fe7-266ff4a212f9,Uma Mani Villa,4.3,600000.0,Badung
3114fca5-2311-4982-a573-2161ffc499e8,The Lokha Legian Resort & Spa,4.3,1645600.0,Badung
34b7caea-1f25-4e6e-9893-b33c3697eef6,Arimba at Bisma,3.95,585000.0,Gianyar
b3e9ba57-23ec-4110-be2c-635160b14e84,Hotel Oranjje,3.8,417083.0,Denpasar
56e3ff41-7d9e-4af4-83e0-1ecdf2679a4c,Casa Padma Suites Bali,4.1,1329975.0,Badung
b5570621-6b7d-44d4-81ae-be4ddbd9b797,Wahyu Dana Hotel,4.1,420000.0,Buleleng
a65458ac-86fc-462a-a55c-a09b155c475e,Sativa Sanur Cottages,4.0,840000.0,Denpasar
ed16a93d-2205-4937-a797-82929d4e86e3,Hotel Karthi,4.2,266333.0,Badung
90ba2ef5-3f5b-4a97-aeb8-4cd29bfb425d,The Kasih Villas & Spa,4.4,3141763.0,Badung
d5577e1f-b3c7-4cb2-aa1a-64772a178144,Annora Villas Sanur,4.6,5318774.0,Denpasar
5d5f9cdb-5fc9-43c4-99f3-7a69ad461dfa,Hana Kuta Beach,4.2,405000.0,Badung
c5c0b161-0b4d-423d-926c-5f42f7201dc9,Kampung 168 Jimbaran,4.1,637192.0,Badung
cb20a656-99bf-4429-b838-ac3262d294cf,Anantara Seminyak Resort & Spa,4.15,7850765.0,Badung
c604d463-9f61-4ec0-9fdf-1461005778cb,Dewi Sinta Hotel and Restaurant by Wizzela,4.2,430312.0,Tabanan
8bfd83ee-8394-4117-9a56-f2afbca05319,Puspa Graha Villatel,4.15,337500.0,Badung
45a3341d-1c81-48a0-90b4-f411f34d4077,New Garden View Resort,4.15,438518.0,Badung
758bfe4f-eb70-4844-ac1e-c6c133ab1b97,Villa Bebek Cottages Sanur,4.7,1020000.0,Denpasar
2accee8d-b063-4f92-a4fe-0de1fc248e1f,Legian Village Hotel,3.8,918915.0,Badung
f27dc78e-0e18-428c-87dd-71e8a1c739c7,Pelangi Bali Hotel & Spa,4.05,3300000.0,Badung
a24774b3-0357-4bbc-b821-55b8e5a163b1,Legian Bisma Suite,4.35,407333.0,Badung
3ef467c0-9396-4f7c-91f1-a580a41007af,Rai House Sanur,4.35,240000.0,Denpasar
289c99d4-9c8f-4d6f-8aa7-0402996a73d6,Suryadina Guest House,4.3,380000.0,Gianyar
e8d37541-38e4-4dde-8beb-61b9a223b85b,Ubud Nyuh Bali Resort & Spa,4.45,6786847.0,Gianyar
e517c4c6-3365-4a65-ac20-4bae516645a5,The Wolas Villas & Spa,4.4,4971285.0,Badung
eb713825-6156-4911-834c-2a9ed9ee611c,AQ-VA Hotel & Villas,4.3,953841.0,Badung
35594ee8-15bb-41c1-938a-c2210b0580bc,Villa Ombak Kedungu,4.25,400000.0,Tabanan
85a9f503-58e8-41b4-a344-e21bf7fae8e3,Amatara Arya Ubud,4.55,1662001.0,Gianyar
3c823a51-c939-447a-a789-034ff869f93a,Sanur Guest House,3.95,339999.0,Denpasar
7d209aaa-f975-4454-b22a-f273b6f6cb9c,Kubu Cempaka Seminyak,4.45,2029999.0,Badung
1fba0568-6609-4e9a-8c63-21e386091026,Sanur Guest House,3.95,339999.0,Denpasar
44cc0186-7d5c-4714-bd70-557ba41cc278,Honai Resort,4.4,5200000.0,Gianyar
11eb73f5-e5eb-4758-9462-803e0a24dff6,Abi Bali Resort Villas and Spa,4.25,3432800.0,Badung
c2ffb274-60c0-4156-b06f-fdbe8ab4c017,Uma Emas Residence,3.7,225904.0,Denpasar
7fc56e0b-17f3-4ca1-8a54-328e2829ea9e,The Nyaman Bali,4.35,532000.0,Badung
2b0ae953-7a8f-4795-a7b6-db0fb0ad693f,Harmony Beach Suite,4.0,1125000.0,Badung
d0edcf50-310e-43fc-b685-96968b56159e,Aneka Lovina Villas & Spa,4.25,978750.0,Buleleng
ce2412f6-0a65-4cef-8a8b-1e2c32014b21,Wapa di Ume Resort & Spa,4.5,4230000.0,Gianyar
345a7b12-c672-4279-86b7-43d9ee9ed376,Alam Pangkung Ubud,4.0,450000.0,Gianyar
03fb33ef-289d-4e68-9421-637f1df0fa3b,Jukung Guest House,4.45,450000.0,Denpasar
a5f6c9cd-4cb8-47f9-847f-26bfdca2221f,NEW Alron Hotel Kuta,4.2,424284.0,Badung
1d70e66d-d571-4251-a524-9dbadc357821,The Kirana Ungasan,4.4,1368745.0,Badung
3238539b-c2e4-4341-9130-f5f8e671e979,Ubud Tropical,4.35,168000.0,Gianyar
13d4484d-a05d-410f-8f90-633c48ea139f,Bali Kuwi Hotel,4.15,235293.0,Jembrana
1060cdbc-2d4f-4526-8158-66f26ad8fde8,Radha Phala Resort & Spa,4.45,1516500.0,Gianyar
d352606c-40e3-4745-b20d-28e64ba3b29b,Rena Segara House,4.05,310644.0,Badung
28108682-a9f9-4f40-8665-c622a5490d8f,Tanjung Sari Inn,4.05,447059.0,Badung
2dabd2ca-48fd-4e92-bf33-bbf78d7ce3df,Desamuda Village,4.45,2241000.0,Badung
6db4bfcb-cfa6-4dfe-9fed-327a06773c7e,The Pavilion Hotel Kuta,4.2,306000.0,Badung
036e5508-5821-45b1-a26a-9895cc1a269e,THE VILLAGE HOME,4.35,468000.0,Denpasar
2f2ac8e0-455b-4be1-9a71-a5b47ec5bcda,Nakula Guest House,4.3,270000.0,Badung
6ac30fed-1ba0-4fbc-a99f-e10f86ed7b79,OYO 90053 Paradise Inn,4.35,209960.0,Badung
e6e6be6f-a042-4f60-92c4-aa25dc073965,Wayan Mansion,4.25,264000.0,Denpasar
92505d0c-62e7-41b6-b23c-515bbb069982,Villa Tangtu Beach Inn,3.85,1260000.0,Denpasar
c88977b0-3f48-4215-812e-9edf0ff42b8a,Aurora House Ubud,4.1,254032.0,Gianyar
edeb14e0-589e-4c04-829b-fb077ce1278b,The Unique Homestay,4.25,203251.0,Gianyar
c02c7035-8e52-43ee-8bcd-a69944ac34ea,Nakula Stay Kuta,4.25,500000.0,Badung
e01c59a3-a146-4ea0-aaba-a318a01cf5ed,Jati Hotel Negara,4.1,159600.0,Jembrana
4dfd4446-b574-49cc-9e93-5f7c96a4813f,Bali Chaya Hotel,4.25,531863.0,Badung
823fda20-945f-409f-9dc2-c99f618a9724,Bali Bhuana Beach Cottage,4.5,486982.0,Karangasem
2af713e3-1e3b-4875-a8ee-14094b17c81e,The Mutiara Jimbaran Boutique Villas,4.3,4215671.0,Badung
40a00e4b-194b-4087-851c-14395b4f7be3,Hotel Ratu,3.9,310000.0,Jembrana
6b9e1f2a-3349-4583-8f4c-5b25de227db2,VIDI Boutique Hotel,4.4,741000.0,Badung
4539d7a0-1ade-4ece-be6c-5a29fa6dc5f0,OYO 90363 Nira Guest House Sanur Bali,3.5,119242.0,Denpasar
a571a442-b6f1-4176-92a1-fc49f6253628,Bali Breezz Hotel,4.4,1140000.0,Badung
5d9f3283-bdd8-4d9b-a44a-ca8869d71ca7,Sapta Petala,4.3,432429.0,Badung
0819295c-7027-48cd-a23a-dc2c84813056,Aleesha Villas,4.2,3147685.0,Denpasar
e4f4d677-0906-4f05-9bba-e3ec0846428f,Disini Luxury Spa Villas,4.35,3777777.0,Badung
7335ed8a-5be2-45cf-bde7-2c68df8ac6f4,OYO 1741 Komala Indah Cottages,3.45,198146.0,Badung
cdcad41e-0ba0-430b-8ceb-c50e87a82124,Mahatma Residence,4.05,438000.0,Denpasar
f84a0b89-0443-48ab-8261-a7e60cf4cea8,Sindhu Mertha Suite,4.0,4250000.0,Denpasar
e349ca80-5836-4975-a011-698bb1d0beca,Blu-Zea Resort by Double-Six,4.35,2442630.0,Badung
f0baf3be-0752-4875-b20c-e9b5257fc529,Royal Casa Ganesha Resort & Spa,4.25,1786000.0,Gianyar
edb0665c-41f7-4f8f-ac5b-c2b58155d57b,OYO 90817 Elite Star Tukad Badung,3.75,157136.0,Denpasar
4c286772-14f4-4101-be88-f38b1308ec0e,Matahari Bungalow,4.0,622618.0,Badung
16679176-0776-45de-928e-d6713d14b8a3,Abia Villa Legian,4.6,3321464.0,Badung
6ef147fd-7d97-4800-89a6-9345caced3ce,OYO 2122 Puri Sanur,3.9,259647.0,Denpasar
7a5e40f7-9bfe-4edd-8041-e38ac05b6858,OYO 3902 Pondok 828 Residence,3.7,258488.0,Denpasar
3866289a-56e7-4ea8-8311-c1a9235bedcf,Bali Bungalo,4.0,689067.0,Badung
4810c0b3-5313-4e38-9d9d-a42e14235016,Ganggas Homestay,4.15,208049.0,Badung
91aa5da9-9158-4bd0-89c1-39a9b620a3ea,Teba House Ubud by ecommerceloka,4.1,289080.0,Gianyar
2c4cc559-219e-4496-8277-48ade9a37656,Hotel Griya Ayu Inn Sanur,4.25,332179.0,Denpasar
5c4c5b30-6d86-4a38-9b80-998e4d78919f,Made Giri Homestay,4.25,240963.0,Denpasar
719a79f8-6772-4472-9157-139f24b85456,Bali Taman Beach Resort & Spa Lovina,4.25,1659421.0,Buleleng
21e016b3-c491-481e-aa3d-baad409d3960,Palm Beach Hotel Bali,4.1,425000.0,Badung
67aab7df-7935-4474-b1d9-c1e60bec55d9,The Rani Garden Bed & Breakfast,4.25,652500.0,Denpasar
c2fb1714-8126-4d5f-998c-9d022d35e2ed,Three Brothers Bungalows and Villas,4.3,1260000.0,Badung
9e9096a0-55a7-42a4-84cf-fd294c5dc1ea,Di Uma Residence Hotel & Dormitory,4.15,101204.0,Denpasar
d4ee5216-74b6-4b79-8557-3a173110fe09,The VinHill Studio Bali Apartment,4.2,400000.0,Denpasar
b44605f5-38b2-419a-9a19-b7a4671e5210,OYO 3190 Pondok Putra Bersaudara,3.4,143638.0,Denpasar
1e0fa288-2406-43dc-bf42-301309c862a8,Angsoka Hotel,4.25,234333.0,Buleleng
3a068fa5-503c-41fc-be04-5b96159999f5,AB Kuta Hotel,4.35,569600.0,Badung
b04d7944-d91e-4bb1-a827-6ad98a077687,Budhi Kuta Beach Inn,3.8,190000.0,Badung
03c0aa67-526c-45d9-9de1-a42fa9276875,Balangan Inn,3.95,190000.0,Badung
6d05e1a9-40fe-4d40-a16e-723e22eb5c06,The Janan Villa,4.15,800001.0,Denpasar
ede809a4-6717-4120-b85d-0f5f458cecf6,Awan Bali House,4.45,540000.0,Gianyar
cb231966-0068-44d7-9b84-747ea6722825,Purana Boutique Resort,4.6,1500000.0,Gianyar
f1fadb95-e0bc-47c2-9935-6736f7a98724,Hotel Kumala Pantai,4.35,1457592.0,Badung
43876a47-c76c-4b17-a619-60b5a7f6270b,Klumpu Bali Resort,4.4,2719702.0,Denpasar
0c49736b-b010-4272-876b-9212fb0b21ad,Svarna Hotel Sanur,3.8,420000.0,Denpasar
2e33c86d-a2a0-49f7-a840-940d57efd1e4,Kuta Sari House,4.1,450000.0,Badung
e18611ae-0677-4101-857a-3fc20a8d04e4,Serela Kuta by KAGUM Hotels,4.15,355500.0,Badung
7a5c9a12-d35d-45bf-85b3-6aabbe90a7cf,SEAHOUSE BALI INDAH BEACH INN,4.5,450000.0,Badung
0045ff25-2428-4497-b701-8f18be899777,The Sintesa Residence Jimbaran,4.05,4664901.0,Badung
8a333499-c2ed-4e03-82d6-dcdf9ab4a5f9,Sri Phala Resort & Villa,4.25,1033975.0,Denpasar
d0c67c32-d683-437e-ad0d-b7cbbd3b012f,Bumi Ayu Bungalows - CHSE Certified,3.8,565020.0,Denpasar
41b868a1-050f-466d-a33c-61052e7013ad,Agung Alit Guest House,4.35,190000.0,Gianyar
9b8b5f1e-5d3d-40ae-a335-1f8943fe630e,New Asta Graha,4.2,380000.0,Badung
dc8e3c1a-8a8f-44ce-913d-38b9c9099459,Kusuma House,4.0,200933.0,Badung
8a62c80b-ca43-4bf2-8ca0-6cd527b1b735,Muaya Villa,4.35,1200000.0,Badung
03742d74-6751-4740-9c54-277172661dd3,The Legian 777,3.7,194793.0,Badung
2bf47a6d-70e9-479a-b97e-42a1eab486b6,City Garden Bali Dwipa Hotel,4.3,361932.0,Badung
deb40ab7-ac37-492d-b560-eea577df9568,Cempaka Losmen,3.65,160000.0,Badung
8ba8a30c-ce2f-4a9f-af73-afdda24dd804,Maha Rama Suite Amed,4.0,765000.0,Karangasem
7b06d720-adc2-4239-a647-84c8da045d21,Kahayana Suites,4.35,1157000.0,Gianyar
25472c3e-1a59-4e9a-995c-eb816a88a369,Villa JJ and Spa Ubud,4.4,530909.0,Gianyar
350e678c-c379-4a61-939f-481bed158489,Ubud Glassy Villas by Pramana Villas,4.4,1186823.0,Gianyar
a4033445-a351-42ef-a392-7ebb3b6c019b,Kubu Benoa Guest House,4.8,600000.0,Badung
7a231e4d-08b4-424f-b7d4-24c296889b26,The Kutaya Guest House,4.1,312862.0,Badung
b388bb30-4a76-4465-a748-f3d8ba3412fd,Rama Beach Resort & Villas,4.3,3297619.0,Badung
3de3ff1e-cd5e-4ed1-925d-579fc0ab53fe,Ubud 18,4.0,240000.0,Gianyar
a0b50be2-5b74-4699-b098-7a80c5f5ce58,Taman Agung Hotel,4.2,926922.0,Denpasar
5d49db22-3c2a-4e0e-83dd-ce4324ec9d05,Soraya Apartment,4.15,466667.0,Badung
bc54b998-c2d0-413b-a14d-74876a0733f1,OYO 1762 Hotel Astiti Graha Tanah Lot,3.5,179485.0,Tabanan
4af97c17-6c61-4849-8c9f-1d9a2fdb2878,Jangkrik Homestay,4.25,226667.0,Gianyar
04347b8e-772d-45af-96a4-aacaf62de41f,Rahayu Guest House Ubud,4.6,215648.0,Gianyar
9d3ffc8f-11ff-416b-8b4e-15964631186c,Bendesa Accomodation,3.65,357143.0,Badung
33da8cfe-f874-4141-a6ca-0d466af31fb3,Swastika Guest House,3.95,466668.0,Denpasar
4944585e-b23c-4cee-8646-75a5c2653cc8,Fourteen Roses Beach Hotel,3.95,610517.0,Badung
e1dc7dfe-f5b0-420c-841c-a1e8bf0460de,The Garden Villa,4.15,797333.0,Denpasar
d01592b5-d47d-4bb0-9499-43f1ec2f1979,Amed Lodge by Sudamala Resorts,4.3,1046900.0,Karangasem
b10afdc0-de7a-4399-8e86-95f4fbe77844,Risata Bali Resort & Spa,4.2,880000.0,Badung
e5d73100-fde6-4ab2-a3bb-3e0355d17dbd,Suma Beach Hotel,3.95,324000.0,Buleleng
e9a1ea30-dc00-4ea4-9922-d721df20ff41,XOXO Kuta Legian Hostel,4.1,278400.0,Badung
cf711469-8250-436b-ac16-dd1010257713,Sariqu House,4.35,223940.0,Badung
145d377c-3e3e-4274-9d2d-03107e94e6de,Bali Eco Living Dormitory,3.9,102000.0,Denpasar
ca8fb459-007a-42c7-927b-df579fd658b3,Denays Guest House Jimbaran,3.8,404806.0,Badung
3911c654-7eb7-458a-93e0-d0ac6f6b46c2,Puri Naga Beachfront Cottages,3.8,1696428.0,Badung
863067fe-c8de-4d04-bbed-9deae5e0f099,Yulia 2 Homestay Sanur Guesthouse,4.0,413333.0,Denpasar
5c39c20e-fc40-486f-8697-82d4a04038ac,Abyan Guest House,3.8,349333.0,Denpasar
0e06f354-08e0-4945-86c0-c7ac0ddf214c,Surf Doggie Inn,4.15,145667.0,Badung
0f467ca3-6b77-4c20-8145-79b4df2e3b58,Dolphin Beach Bali,4.0,1881322.0,Buleleng
a878c580-11b6-449c-9746-bc632bbad116,The Alena Resort by Pramana,4.35,4149832.0,Gianyar
3a9f2c96-426f-4ecc-a3cb-b5383085e28b,Pondok Bali Guest House,4.4,266667.0,Buleleng
d698225f-bda4-45ba-8185-2c907a4639e3,The Backyard House,4.35,210667.0,Tabanan
9923fe0d-3741-47b0-b8f5-ebe19c7450fc,Kubu B'dauh Homestay,3.95,313333.0,Badung
afc9a67d-8cbc-4c92-ae47-0e25d41e4313,Jepun Bali Hotel,4.35,1046760.0,Badung
3d85b13b-7ef3-4dce-bcdd-7d4fe2f36358,Asri Sari Ubud Resort & Villa,3.95,720000.0,Gianyar
ed113514-fc4e-477a-a0fa-4c598777a334,Respati Beach Hotel,4.25,2399999.0,Denpasar
297b07b4-f2d1-4e64-9d64-8637402dbea5,Wawa Wewe II Villas,4.1,699999.0,Karangasem
decd4c4a-524e-4169-ae85-a130cfb10db1,Cozy Palm,4.15,266665.0,Badung
8959531f-5510-403a-89a8-6e220cca5ff5,Tirta Ening Agung Hotel,4.15,540000.0,Denpasar
bf3cad92-cf38-4a54-81ce-b57eb6483cbc,Interconnection Kuta,4.45,418000.0,Badung
b3b7c007-c759-48ab-ad54-e074e4e8a027,Rumah Roda Home Stay,4.45,1317769.0,Gianyar
80471a01-1a2a-4157-852e-d7fd22f74cd0,Made House Sanur,4.3,98264.0,Denpasar
106b6d71-5107-4b23-a72f-efca31ca1ba0,Uma Kutuh 2,4.0,288000.0,Gianyar
4c21513e-9832-4415-8c59-ec6a05b91dd3,Utari Residence Legian,4.35,233333.0,Badung
ebcfd88c-a248-4c21-9c51-98bb1fca0acc,Jesen's Inn 2,4.05,399999.0,Badung
8a16efe7-cde8-4f76-b4ff-2210c05d26f1,Mejore Beach Hotel,4.35,1350000.0,Karangasem
30b25a38-82d3-4622-ad81-479f09c1a43d,Kubu Mekarsari Homestay,4.1,448180.0,Badung
62c20787-0ab6-47a0-adc5-a358b10b4551,Bali Bobo Hostel,4.65,160001.0,Badung
dee28d7d-7b20-4285-bad8-3597f62cfc9e,The Visala Boutique Suite Seminyak,4.3,2765703.0,Badung
140122e1-22fc-4f67-8e39-48e72c8d296e,Hartaning House by Pramana Villas,4.2,581382.0,Gianyar
f6558329-e533-4409-a507-7f839e271171,Kencana Ubud Cottage,4.55,348750.0,Gianyar
7b279b3e-3760-4366-ab8c-a3960d31aaec,Svaha Ubud,3.95,360000.0,Gianyar
742d2764-2409-48b7-8164-e510b3106134,Sahera  Hotel Karangasem,4.5,733332.0,Karangasem
ba3b331b-9620-4218-bba4-c149513d4cb7,Hotel The Flora Kuta Bali,4.25,420000.0,Badung
a45e3e0c-32d0-409c-a3e5-7aad1167fe98,Darba Guest House,4.65,585000.0,Gianyar
a0244a6e-463d-47bb-a120-9e17ed11903f,Umah Anila,4.45,300811.0,Gianyar
4daa0507-2055-4236-ade2-aa57c1fce52f,The Swell,4.35,222000.0,Tabanan
9fd5022a-7eb2-4cec-beed-06434c844d1e,The Ayudya Gelogor Carik,4.1,245662.0,Denpasar
7bae544f-c9bf-4008-8a90-3b91caf93f2a,Kubu Kalih,3.9,474942.0,Denpasar
0e202f4f-3dee-4fb7-bafa-af501428c060,Sanur Ayu Hotel,3.85,329333.0,Denpasar
22b20445-dcc5-4646-a1eb-12b4172e5c53,Bhuwana Ubud Hotel and Farming,4.4,995330.0,Gianyar
9d078fb3-86a5-48c7-bbdb-8fda23713193,Suly Vegetarian Resort & Spa,3.9,1068958.0,Gianyar
79768bf1-7fe1-40e4-b07f-7bdc7dacb25b,Sari Indah Cottages,4.2,348524.0,Badung
8be03eff-2409-49a0-af33-ca991ea53790,Puri Sading Hotel,4.1,938664.0,Denpasar
b56d0d50-0b51-4aee-b98f-1c47aae055bc,OYO Flagship 91062 Antara Sunset Road,3.95,343194.0,Denpasar
4ca7b92f-d937-4640-b1b0-c12d37648ece,Ubud Sari Health Resort,4.25,895691.0,Gianyar
3f2c6dcf-b300-4656-8116-4f0009e1cc1c,Kondra Premiere Guest House,4.15,724104.0,Badung
89e89107-73cb-4397-970b-bf75edeba16d,Rita ZA Hotel,3.25,196078.0,Badung
e030a21c-3b96-44e9-9a5a-ec7a8e82e1a4,CHEZ IDA,4.2,600001.0,Gianyar
7b537458-a78b-4d7e-91e8-ada6aa22b91d,Taxa Uma,4.1,295380.0,Badung
e6dcea71-e9e8-48fa-9808-c1082d74c002,Mekar Jaya Bungalows,3.8,202667.0,Badung
49d66889-f364-4616-b7b0-0d0f877ba50d,Kubu Turah Homestay,3.65,274716.0,Badung
d9b6882f-8bdf-4d6f-81f3-130c1d0f3dee,Uma Kutuh Bungalow,3.65,191076.0,Gianyar
289338ef-676a-4d9f-a188-e20d74d26406,Bukit Indah Homestay,4.25,190000.0,Karangasem
bc9a0aae-4926-4cba-92c4-a12daf5b70eb,Bali Asli Lodge by EPS,4.25,395882.0,Gianyar
333b2a69-8301-45af-a25d-80c129decc99,Matta Lodge Bali,4.3,228000.0,Badung
0d41f558-ced5-48ea-b275-e6fea0402346,Bulan Bali Homestay & Hostel,4.45,300000.0,Gianyar
b496e545-179d-400e-a1ec-ec6e0feebbeb,Ubud Canti Accommodation,4.05,266668.0,Gianyar
1c5f873f-fe41-458c-9ddb-d1f8e419a866,The Warji Bisma,4.25,426515.0,Gianyar
a1e68377-0431-4583-8302-09a5b83e2482,The Calna Villa Bali,4.4,2254792.0,Badung
8189ee90-3692-4d10-959e-186e637a6c40,The Calna Villa Bali,4.4,2254792.0,Badung
