name,rating,price_wna,city
The Anvaya Beach Resort Bali,4.45,5022000.0,Badung
The Apurva Kempinski Bali,4.45,14520640.0,Badung
The Sakala Resort Bali - All Suites,4.25,2400000.0,Badung
Discovery Kartika Plaza Bali,4.3,1733333.0,Badung
Hilton Bali Resort,4.35,3872000.0,Badung
The ONE Legian,4.25,1440000.0,Badung
Prama Sanur Beach Bali,4.25,2268000.0,Denpasar
Ramada Encore by Wyndham Bali Seminyak,4.3,1642500.0,Badung
ASTON Kuta Hotel & Residence,4.3,1989000.0,Badung
Merusaka Nusa Dua,4.45,3199500.0,Badung
Kanishka Villas,4.1,1435745.0,Badung
Kanvaz Village Resort Seminyak,4.45,3211884.0,Badung
RIMBA by AYANA Bali,4.5,3908300.0,Badung
Grand Inna Kuta,4.25,1920000.0,Badung
Conrad Bali,4.35,4154334.0,Badung
Grand Hyatt Bali,4.25,3325031.0,Badung
Horison Seminyak,4.2,2000000.0,Badung
Aryaduta Bali,4.35,1380000.0,Badung
Swiss Belhotel Tuban,4.3,990667.0,Badung
Hotel Dafam Savvoya Seminyak,4.2,1099156.0,Badung
Four Star by Trans Hotel,4.2,760000.0,Denpasar
Bali Dynasty Resort,4.3,2097144.0,Badung
Wyndham Garden Kuta Beach Bali,4.05,1032000.0,Badung
Sheraton Bali Kuta Resort,4.4,3468667.0,Badung
Tribe Bali Kuta Beach,4.55,1637857.0,Badung
Kaisa Villas Seminyak,4.4,2450000.0,Badung
Novotel Bali Nusa Dua - Hotel & Residences,4.25,1902120.0,Badung
Danoya Villa Seminyak,4.35,3663000.0,Badung
Grand Palace Hotel Sanur - Bali,4.35,1035000.0,Denpasar
THE 1O1 Bali Oasis Sanur,4.25,1492000.0,Denpasar
MÃ¶venpick Resort and Spa Bali,4.4,3285734.0,Badung
Kuta Paradiso Hotel,4.2,2240000.0,Badung
Diamond Hotel Kuta Bali,4.1,783000.0,Badung
Hotel Santika Seminyak,4.35,985000.0,Badung
Hyatt Regency Bali,4.35,3201881.0,Denpasar
Villa Kayu Raja,4.3,4130995.0,Badung
Pullman Bali Legian Beach,4.15,2420000.0,Badung
Bintang Bali Resort,4.3,2124000.0,Badung
The Ritz-Carlton Bali,4.4,6292000.0,Badung
The Patra Bali Resort & Villas,4.4,1782000.0,Badung
favehotel Sunset Seminyak,4.25,816480.0,Badung
Melia Bali,4.45,2607669.0,Badung
THE 1O1 Bali Fontana Seminyak,4.3,1733333.0,Badung
Hotel Indigo BALI SEMINYAK BEACH,4.5,5096637.0,Badung
Mamaka by Ovolo,4.45,1911714.0,Badung
The Trans Resort Bali,4.5,3450000.0,Badung
The Nest Hotel Nusa Dua,4.4,1080000.0,Badung
Grand Whiz Hotel Nusa Dua,4.25,1164500.0,Badung
Swiss-Belresort Watu Jimbar,4.3,1180000.0,Denpasar
VOUK Hotel & Suites,4.1,1570000.0,Badung
Lloyd's Inn Bali,4.3,1959404.0,Badung
Courtyard by Marriott Bali Seminyak Resort,4.5,2662000.0,Badung
Ramada by Wyndham Bali Sunset Road Kuta,4.1,852163.0,Badung
Grand Istana Rama Hotel,4.15,1242487.0,Badung
Hotel Nikko Bali Benoa Beach,4.3,1807937.0,Badung
Boss Legian Hotel,4.1,491323.0,Badung
Courtyard by Marriott Bali Nusa Dua Resort,4.3,2581333.0,Badung
Tijili Benoa Hotel,4.4,1890000.0,Badung
The St. Regis Bali Resort - CHSE Certified,4.5,10164000.0,Badung
Swiss Belhotel Rainforest,4.15,1113333.0,Badung
Bedrock Hotel Kuta Bali,4.3,1530000.0,Badung
Four Seasons Resort Bali at Jimbaran Bay - CHSE Certified,4.4,24377467.0,Badung
HARRIS Hotel Seminyak,4.25,1005000.0,Badung
Benoa Sea Suites and Villas,4.3,2880000.0,Badung
Grand Zuri Kuta Bali,4.3,1136591.0,Badung
Prime Plaza Hotel Sanur â Bali,4.25,1307992.0,Denpasar
Bali Paragon Resort Hotel,4.25,1313641.0,Badung
Samabe Bali Suites & Villas,4.5,7185914.0,Badung
Fairfield by Marriott Bali Kuta Sunset Road,4.35,1581067.0,Badung
"Four Points by Sheraton Bali, Kuta",4.25,1613333.0,Badung
Alila Seminyak,4.45,7381485.0,Badung
Mercure Bali Legian,4.2,1176120.0,Badung
Grand Kuta Hotel & Residence,4.2,1260000.0,Badung
Pandawa Hill Resort,4.35,864800.0,Badung
Artotel Sanur - Bali,4.4,1182600.0,Denpasar
Holiday Inn Resort Bali Benoa,4.5,2572999.0,Badung
Buana Bali Villas & Spa,4.45,5580000.0,Badung
Le Meridien Bali Jimbaran - CHSE Certified,4.3,2339333.0,Badung
Hadi Poetra Hotel,4.1,1034000.0,Badung
BEST WESTERN Kuta Villa,4.05,540000.0,Badung
ibis Styles Bali Benoa,4.15,978360.0,Badung
The Mulia - Nusa Dua,4.6,11777533.0,Badung
Stark Boutique Hotel and Spa Bali,4.1,1086869.0,Badung
Lovina Beach Club & Resort,4.25,1521000.0,Buleleng
Ohana Hotel Kuta,4.3,1350000.0,Badung
Seminyak Icon by Karaniya Experience,4.35,7362500.0,Badung
SOL by Melia Benoa Bali-All Inclusive,4.2,1599624.0,Badung
HOTEL & RESIDENCES Riverview Kuta - Bali (Associated HARRIS),4.2,925200.0,Badung
Hotel Santika Kuta,4.3,945000.0,Badung
Wyndham Tamansari Jivva Resort,4.35,1018125.0,Klungkung
Kaamala Resort Ubud,4.55,5073821.0,Gianyar
Abian Harmony Hotel & Spa,4.2,1307968.0,Denpasar
"Four Points by Sheraton Bali, Ungasan",4.35,1290667.0,Badung
Kamandalu Ubud,4.55,5083724.0,Gianyar
The Light Exclusive Villa and Spa,4.15,1788600.0,Badung
The Akmani Legian,4.3,1144243.0,Badung
The Vira Bali Boutique Hotel & Suite,4.35,2821500.0,Badung
Element by Westin Bali Ubud,4.5,1936000.0,Gianyar
Fairfield by Marriott Bali Legian,4.35,1903733.0,Badung
Kuta Seaview Boutique Hotel & Spa,4.3,3330000.0,Badung
Aloft Bali Seminyak- CHSE Certified,4.4,2065067.0,Badung
Hotel Zia Bali - Kuta,4.15,1303935.0,Badung
Bali Elephant,3.95,540000.0,Badung
Grand Mirage Resort & Thalasso Bali,4.25,1881187.0,Badung
CLIO APARTMENTS,4.35,900000.0,Badung
"Sthala, a Tribute Portfolio Hotel, Ubud Bali",4.5,2097333.0,Gianyar
SereS Springs Resort & Spa,4.5,2766060.0,Gianyar
Sithala Villa Seminyak,4.4,4320000.0,Badung
The Ritz-Carlton Bali Villas,4.35,14600667.0,Badung
ZURI Express Jimbaran,4.3,511875.0,Badung
The Grand Bali Nusa Dua,4.3,1567500.0,Badung
Padma Resort  Legian,4.55,10664100.0,Badung
Mars City Hotel,3.9,592200.0,Denpasar
Puri Padma Hotel,4.35,1890000.0,Gianyar
Royal Regantris Kuta,4.3,465483.0,Badung
The Jas Villas,4.1,4095000.0,Badung
Watermark Hotel and Spa Bali,4.35,1099156.0,Badung
The Kana Kuta Hotel,4.35,1284904.0,Badung
Solia Legian Bali,4.4,810000.0,Badung
Taksu Sanur Hotel,4.35,1600200.0,Denpasar
Bali Garden Beach Resort,4.2,2160000.0,Badung
J4 Hotels Legian,4.3,6966000.0,Badung
The Wangsa Hotel and Villas Benoa,4.25,807600.0,Badung
Best Western Premier Agung Resort Ubud,4.4,1314000.0,Gianyar
Villa Seminyak Estate & Spa By Astadala,4.35,1368000.0,Badung
Ulu Segara Luxury Suites and Villas,4.4,2195389.0,Badung
Marriott Bali Nusa Dua Gardens - CHSE Certified,4.4,3630000.0,Badung
Bali Tropic Resort & Spa,4.25,2137500.0,Badung
Mercure Resort Sanur,4.2,998760.0,Denpasar
Bali Relaxing Resort & Spa,4.25,1479600.0,Badung
Padmasari Resort,4.35,2700000.0,Buleleng
Sanur Agung Hotel,3.95,332500.0,Denpasar
Grandmas Plus Hotel - Legian,4.4,2666666.0,Badung
Tijili Seminyak,4.45,1409902.0,Badung
Best Western Resort Kuta,4.05,639000.0,Badung
ION Bali Benoa Hotel,4.05,720000.0,Badung
Titik Dua,4.55,2392000.0,Gianyar
The Bene - By Astadala,4.15,685886.0,Badung
Holiday Inn Express BARUNA BALI,4.2,1421141.0,Badung
New Sunari Lovina Beach Resort,3.85,702000.0,Buleleng
Paisa Seminyak Living,4.2,1989833.0,Badung
Cara Cara Inn,4.4,390600.0,Badung
Negara Hotel,4.0,405000.0,Jembrana
bvilla+spa,4.15,3915723.0,Badung
Arena Living,4.45,1260000.0,Denpasar
Praja Hotel,4.25,302921.0,Denpasar
S18 Bali Villas,4.45,3811500.0,Badung
Ayola Bali Jimbaran,4.2,384000.0,Badung
The Lovina Bali,4.45,3366250.0,Buleleng
The Samaya Seminyak,4.25,11979000.0,Badung
Maison Aurelia Sanur - by PrÃ©fÃ©rence,4.4,2840000.0,Denpasar
Signature Seminyak Smart Hotel,4.15,558000.0,Badung
Prana Villa Jimbaran,4.25,534843.0,Badung
The Sintesa Jimbaran Bali,4.15,764716.0,Badung
The Garcia Ubud Hotel and Resort,4.5,4418582.0,Gianyar
Amnaya Resort Nusa Dua,4.55,9339574.0,Badung
Jas Green Villas And Spa,4.05,4005000.0,Badung
SOL by MeliÃ¡ Kuta Bali,4.15,1150569.0,Badung
One Eleven,4.6,10800000.0,Badung
18 Suite Villa Loft,4.5,1133334.0,Badung
dâprimahotel Seminyak,4.15,972000.0,Badung
Asoka City Bali,4.0,390000.0,Badung
Amnaya Resort Kuta,4.5,2871489.0,Badung
Prime Plaza Suites Sanur â Bali,4.3,1741300.0,Denpasar
Yan's House Hotel,4.5,2975000.0,Badung
Artotel Haniman Ubud,4.5,1887717.0,Gianyar
InterContinental Hotels BALI RESORT,4.45,5145998.0,Badung
Segara Village Hotel,4.35,1839165.0,Denpasar
Puri Saron Seminyak,4.15,2880000.0,Badung
KajaNe Yangloni at Ubud Bali,4.55,1784500.0,Gianyar
The Leaf Jimbaran Luxury Villas,4.15,4725000.0,Badung
Aria Exclusive Villa & Spa,4.4,3600000.0,Badung
Maya Ubud Resort & Spa,4.45,15622149.0,Gianyar
Legian Beach Hotel,4.2,3082556.0,Badung
Bali Golden Elephant,3.95,540000.0,Badung
BALQUISSE Heritage Hotel,4.5,1620000.0,Badung
Adhi Jaya Hotel,4.35,1854000.0,Badung
ibis Bali Legian Street,4.3,696960.0,Badung
Kampi Villas by Premier Hospitality Asia,3.8,6120000.0,Badung
Inna Sindhu Beach Hotel & Resort,4.3,1197000.0,Denpasar
Bintang Kuta Hotel,4.35,1530000.0,Badung
Odika Lovina House and Villas,4.3,1472500.0,Buleleng
Kampung Cenik,4.45,728333.0,Badung
Ananta Legian Hotel,4.0,625050.0,Badung
Bali Mandira Beach Resort & Spa,4.15,5890000.0,Badung
Ramayana Suites & Resort,4.3,1710000.0,Badung
Keraton Jimbaran Resort,4.15,780079.0,Badung
Melasti Kuta Bungalows and Spa,3.95,850000.0,Badung
Serela Legian by KAGUM Hotels,4.2,454500.0,Badung
Villa Harmony Residence,4.0,2940000.0,Badung
Wirton Seminyak Boutique Hotel,4.15,468000.0,Badung
Goya Boutique Resort,4.4,6850994.0,Gianyar
OYO 1654 Maha Bharata Kuta Inn,3.9,357452.0,Badung
Grand La Walon Hotel,4.35,630000.0,Badung
Beautiful Bali Villas,4.3,3120300.0,Badung
Bali Rani Hotel,4.3,2250000.0,Badung
Lasanti Villas and Spa Seminyak,4.45,2936000.0,Badung
Kuta Central Park Hotel,4.15,1794000.0,Badung
Jas Boutique Villas,4.25,4095000.0,Badung
Coco De Heaven,4.05,450000.0,Badung
The Magani Hotel and Spa,4.25,1455345.0,Badung
Kubu GWK Resort,4.4,1755000.0,Badung
Wina Holiday Villa Kuta Bali,4.15,917563.0,Badung
Gending Kedis Luxury Villas & Spa Estate,4.35,11340000.0,Badung
Nesa Sanur,4.15,710285.0,Denpasar
Argya Santi Resort,4.35,660000.0,Badung
Rantun's Place,4.0,836104.0,Badung
Tropico Jimbaran Bali,4.4,323760.0,Badung
Peppers Seminyak,4.15,15246000.0,Badung
Taman Harum Cottages,4.1,1759500.0,Gianyar
Mutiara Bali Boutique Resort Villas and Spa,4.4,1811350.0,Badung
OYO 1200 Kencana Residence,4.15,257643.0,Badung
The Hill Ungasan Bukit Jimbaran,4.15,630000.0,Badung
Karang Lila Bhuana Ubud,4.65,682521.0,Gianyar
The Alantara Sanur,4.4,1362060.0,Denpasar
Destiny Boutique Hotel,4.2,1449459.0,Badung
OYO 2184 Nan Berlian Inn,3.5,228042.0,Badung
Tanadewa Resort & Spa Ubud,4.35,3972152.0,Gianyar
Dinara Ubud,4.4,2923044.0,Gianyar
The Awan Villas,4.3,4652458.0,Badung
Alam Kulkul Boutique Resort,4.2,1783710.0,Badung
"Abian Srama Hotel, Massage And Spa",3.75,173333.0,Denpasar
Astagina Resort Villa and Spa,4.2,3402936.0,Badung
Pondok Anyar Hotel,4.0,517500.0,Badung
Nata Ubud,4.2,1440000.0,Gianyar
The Bandha Hotel & Suites,4.45,5687147.0,Badung
Hotel Terrace at Kuta,4.35,757052.0,Badung
Kutus Kutus Mas Ubud Villa,4.55,1098000.0,Gianyar
Vico Hotel,3.85,178860.0,Badung
SenS Hotel and Spa,4.45,1913151.0,Gianyar
Atta Mesari Ubud,4.25,3285799.0,Gianyar
Anja Jimbaran,4.3,1850980.0,Badung
The Pari Sudha,4.35,1554798.0,Gianyar
Natya Tanah Lot,4.45,1826532.0,Tabanan
The Niche Bali,4.15,440000.0,Badung
Samana Residence Denpasar,4.15,390000.0,Denpasar
Fourteen Roses Boutique Hotel Kuta,4.05,810000.0,Badung
Fourteen Roses Boutique Hotel Kuta,4.05,810000.0,Badung
Sunrise Hotel Sanur,3.75,378000.0,Denpasar
M BOX SEMINYAK,4.3,133333.0,Badung
Yulia Beach Inn Kuta,4.3,994500.0,Badung
Villa Puri Ayu,4.25,983367.0,Denpasar
The Nani,4.2,1668000.0,Gianyar
Nirmala Hotel Jimbaran,3.75,554400.0,Badung
Eden The Residence,4.4,11262627.0,Badung
Zest Legian by Swiss-Belhotel International,4.5,606667.0,Badung
Alindra Villa,4.2,2610000.0,Badung
La Cabane Bali,4.6,3510000.0,Badung
Adi Dharma Hotel Kuta,4.25,1020000.0,Badung
Cicada Luxury Townhouses,4.3,4207536.0,Badung
OYO 90291 Vin Stay Petanu,3.7,499255.0,Denpasar
Amadea Resort & Villas Seminyak Bali,4.3,5272307.0,Badung
Adikara Renon,4.2,371565.0,Denpasar
The Bali Dream Villa Seminyak,4.4,3793724.0,Badung
Home 21 Bali,4.25,1091426.0,Denpasar
The Salila Beach Resort Seminyak Bali,4.5,3150000.0,Badung
Ossotel Legian,4.45,2045188.0,Badung
Kak Garden Inn,4.35,340000.0,Badung
The Kanjeng Hotel Kuta,2.8,269304.0,Badung
Restu Bali Hotel,4.2,141067.0,Badung
The Alley City Hotel,4.15,320000.0,Denpasar
The Bale Villas Nusa Dua,4.25,8419500.0,Badung
Matahari House,4.1,450000.0,Badung
The Haere â By Astadala,4.1,2700000.0,Badung
Rama Residence Padma,4.45,3057933.0,Badung
Ila Villa Ubud,4.3,696667.0,Gianyar
Febri's Hotel & Spa,4.4,795340.0,Badung
Hotel Vila Lumbung,4.05,1170000.0,Badung
Villa Mandi Ubud,4.15,1745000.0,Gianyar
Swahita Ubud,4.4,1339255.0,Gianyar
Bali Summer Hotel,3.85,560461.0,Badung
Amalfi Hotel Seminyak,4.3,824367.0,Badung
OYO 1433 Homestay Rumahku,3.9,353844.0,Badung
Taman Ayu 212,4.3,411667.0,Denpasar
Cattleya Pool Suite - Seminyak by Marbella,4.2,1235000.0,Badung
Legian Paradiso Hotel,4.0,619230.0,Badung
Suites by Watermark Hotel and Spa,4.5,3070010.0,Badung
The Aromas of Bali Hotel & Residence,3.8,434380.0,Badung
Visesa Ubud Resort,4.45,3904251.0,Gianyar
Arana Suite,4.5,2329200.0,Badung
Dea Graha,4.05,226667.0,Denpasar
Taksu Nusa Dua Guest House,4.15,300000.0,Badung
OYO 1848 TB'S Homestay,3.9,298959.0,Denpasar
My Home @ Bali by Conary,4.2,294000.0,Badung
Nugraha Lovina Seaview Resort and Spa,4.4,1852500.0,Buleleng
Collection O 91125 Puri Dewa Bharata,3.5,251674.0,Badung
The Seiryu Boutique Villas,4.4,4636979.0,Badung
SPOT ON 2426 Hotel Aget Jaya Ii,3.7,124137.0,Denpasar
Kimono Hotel,3.55,337500.0,Badung
Agata Villas,3.65,9161796.0,Badung
Puri Bali Lovina,4.25,753333.0,Buleleng
Vije Boutique Resort and Spa,4.4,1900000.0,Gianyar
Kejora Suites,3.7,2580000.0,Denpasar
Core Hotel Benoa,4.25,631800.0,Badung
Hotel Segara Mandala,3.85,337500.0,Jembrana
Bali Caps Hostel,4.5,146667.0,Badung
Seminyak Square Hotel,4.25,1652000.0,Badung
Arkamara Dijiwa Ubud,4.45,6792831.0,Gianyar
Ubud Lestari Villa,4.4,1198471.0,Gianyar
Lumbini Luxury Villas and Spa,4.4,2747965.0,Badung
Hotel Puriartha Ubud,4.2,749999.0,Gianyar
Pondok Sari Hotel,4.25,675000.0,Badung
Three Brothers Guest House,4.6,333334.0,Gianyar
Akana Boutique Hotel,4.35,1593568.0,Denpasar
Meruhdani Boutique Hotel Ubud,4.45,719040.0,Gianyar
Hotel Melamun Lovina,4.45,562500.0,Buleleng
Sanur Seaview Hotel,3.85,662400.0,Denpasar
Samudra Boutique Hotel and Villa,4.0,240964.0,Badung
Sun Island Hotel & Spa Legian,4.25,1639800.0,Badung
The Kryamaha Villas,4.4,2903987.0,Tabanan
The Kryamaha Villas,4.4,2903987.0,Tabanan
Pondok Dukuh Jati,4.1,200000.0,Badung
The Sesari Jimbaran,4.1,367200.0,Badung
Uma Mani Villa,4.3,600000.0,Badung
The Lokha Legian Resort & Spa,4.3,1645600.0,Badung
Arimba at Bisma,3.95,585000.0,Gianyar
Hotel Oranjje,3.8,417083.0,Denpasar
Casa Padma Suites Bali,4.1,1329975.0,Badung
Wahyu Dana Hotel,4.1,420000.0,Buleleng
Sativa Sanur Cottages,4.0,840000.0,Denpasar
Hotel Karthi,4.2,266333.0,Badung
The Kasih Villas & Spa,4.4,3141763.0,Badung
Annora Villas Sanur,4.6,5318774.0,Denpasar
Hana Kuta Beach,4.2,405000.0,Badung
Kampung 168 Jimbaran,4.1,637192.0,Badung
Anantara Seminyak Resort & Spa,4.15,7850765.0,Badung
Dewi Sinta Hotel and Restaurant by Wizzela,4.2,430312.0,Tabanan
Puspa Graha Villatel,4.15,337500.0,Badung
New Garden View Resort,4.15,438518.0,Badung
Villa Bebek Cottages Sanur,4.7,1020000.0,Denpasar
Legian Village Hotel,3.8,918915.0,Badung
Pelangi Bali Hotel & Spa,4.05,3300000.0,Badung
Legian Bisma Suite,4.35,407333.0,Badung
Rai House Sanur,4.35,240000.0,Denpasar
Suryadina Guest House,4.3,380000.0,Gianyar
Ubud Nyuh Bali Resort & Spa,4.45,6786847.0,Gianyar
The Wolas Villas & Spa,4.4,4971285.0,Badung
AQ-VA Hotel & Villas,4.3,953841.0,Badung
Villa Ombak Kedungu,4.25,400000.0,Tabanan
Amatara Arya Ubud,4.55,1662001.0,Gianyar
Sanur Guest House,3.95,339999.0,Denpasar
Kubu Cempaka Seminyak,4.45,2029999.0,Badung
Sanur Guest House,3.95,339999.0,Denpasar
Honai Resort,4.4,5200000.0,Gianyar
Abi Bali Resort Villas and Spa,4.25,3432800.0,Badung
Uma Emas Residence,3.7,225904.0,Denpasar
The Nyaman Bali,4.35,532000.0,Badung
Harmony Beach Suite,4.0,1125000.0,Badung
Aneka Lovina Villas & Spa,4.25,978750.0,Buleleng
Wapa di Ume Resort & Spa,4.5,4230000.0,Gianyar
Alam Pangkung Ubud,4.0,450000.0,Gianyar
Jukung Guest House,4.45,450000.0,Denpasar
NEW Alron Hotel Kuta,4.2,424284.0,Badung
The Kirana Ungasan,4.4,1368745.0,Badung
Ubud Tropical,4.35,168000.0,Gianyar
Bali Kuwi Hotel,4.15,235293.0,Jembrana
Radha Phala Resort & Spa,4.45,1516500.0,Gianyar
Rena Segara House,4.05,310644.0,Badung
Tanjung Sari Inn,4.05,447059.0,Badung
Desamuda Village,4.45,2241000.0,Badung
The Pavilion Hotel Kuta,4.2,306000.0,Badung
THE VILLAGE HOME,4.35,468000.0,Denpasar
Nakula Guest House,4.3,270000.0,Badung
OYO 90053 Paradise Inn,4.35,209960.0,Badung
Wayan Mansion,4.25,264000.0,Denpasar
Villa Tangtu Beach Inn,3.85,1260000.0,Denpasar
Aurora House Ubud,4.1,254032.0,Gianyar
The Unique Homestay,4.25,203251.0,Gianyar
Nakula Stay Kuta,4.25,500000.0,Badung
Jati Hotel Negara,4.1,159600.0,Jembrana
Bali Chaya Hotel,4.25,531863.0,Badung
Bali Bhuana Beach Cottage,4.5,486982.0,Karangasem
The Mutiara Jimbaran Boutique Villas,4.3,4215671.0,Badung
Hotel Ratu,3.9,310000.0,Jembrana
VIDI Boutique Hotel,4.4,741000.0,Badung
OYO 90363 Nira Guest House Sanur Bali,3.5,119242.0,Denpasar
Bali Breezz Hotel,4.4,1140000.0,Badung
Sapta Petala,4.3,432429.0,Badung
Aleesha Villas,4.2,3147685.0,Denpasar
Disini Luxury Spa Villas,4.35,3777777.0,Badung
OYO 1741 Komala Indah Cottages,3.45,198146.0,Badung
Mahatma Residence,4.05,438000.0,Denpasar
Sindhu Mertha Suite,4.0,4250000.0,Denpasar
Blu-Zea Resort by Double-Six,4.35,2442630.0,Badung
Royal Casa Ganesha Resort & Spa,4.25,1786000.0,Gianyar
OYO 90817 Elite Star Tukad Badung,3.75,157136.0,Denpasar
Matahari Bungalow,4.0,622618.0,Badung
Abia Villa Legian,4.6,3321464.0,Badung
OYO 2122 Puri Sanur,3.9,259647.0,Denpasar
OYO 3902 Pondok 828 Residence,3.7,258488.0,Denpasar
Bali Bungalo,4.0,689067.0,Badung
Ganggas Homestay,4.15,208049.0,Badung
Teba House Ubud by ecommerceloka,4.1,289080.0,Gianyar
Hotel Griya Ayu Inn Sanur,4.25,332179.0,Denpasar
Made Giri Homestay,4.25,240963.0,Denpasar
Bali Taman Beach Resort & Spa Lovina,4.25,1659421.0,Buleleng
Palm Beach Hotel Bali,4.1,425000.0,Badung
The Rani Garden Bed & Breakfast,4.25,652500.0,Denpasar
Three Brothers Bungalows and Villas,4.3,1260000.0,Badung
Di Uma Residence Hotel & Dormitory,4.15,101204.0,Denpasar
The VinHill Studio Bali Apartment,4.2,400000.0,Denpasar
OYO 3190 Pondok Putra Bersaudara,3.4,143638.0,Denpasar
Angsoka Hotel,4.25,234333.0,Buleleng
AB Kuta Hotel,4.35,569600.0,Badung
Budhi Kuta Beach Inn,3.8,190000.0,Badung
Balangan Inn,3.95,190000.0,Badung
The Janan Villa,4.15,800001.0,Denpasar
Awan Bali House,4.45,540000.0,Gianyar
Purana Boutique Resort,4.6,1500000.0,Gianyar
Hotel Kumala Pantai,4.35,1457592.0,Badung
Klumpu Bali Resort,4.4,2719702.0,Denpasar
Svarna Hotel Sanur,3.8,420000.0,Denpasar
Kuta Sari House,4.1,450000.0,Badung
Serela Kuta by KAGUM Hotels,4.15,355500.0,Badung
SEAHOUSE BALI INDAH BEACH INN,4.5,450000.0,Badung
The Sintesa Residence Jimbaran,4.05,4664901.0,Badung
Sri Phala Resort & Villa,4.25,1033975.0,Denpasar
Bumi Ayu Bungalows - CHSE Certified,3.8,565020.0,Denpasar
Agung Alit Guest House,4.35,190000.0,Gianyar
New Asta Graha,4.2,380000.0,Badung
Kusuma House,4.0,200933.0,Badung
Muaya Villa,4.35,1200000.0,Badung
The Legian 777,3.7,194793.0,Badung
City Garden Bali Dwipa Hotel,4.3,361932.0,Badung
Cempaka Losmen,3.65,160000.0,Badung
Maha Rama Suite Amed,4.0,765000.0,Karangasem
Kahayana Suites,4.35,1157000.0,Gianyar
Villa JJ and Spa Ubud,4.4,530909.0,Gianyar
Ubud Glassy Villas by Pramana Villas,4.4,1186823.0,Gianyar
Kubu Benoa Guest House,4.8,600000.0,Badung
The Kutaya Guest House,4.1,312862.0,Badung
Rama Beach Resort & Villas,4.3,3297619.0,Badung
Ubud 18,4.0,240000.0,Gianyar
Taman Agung Hotel,4.2,926922.0,Denpasar
Soraya Apartment,4.15,466667.0,Badung
OYO 1762 Hotel Astiti Graha Tanah Lot,3.5,179485.0,Tabanan
Jangkrik Homestay,4.25,226667.0,Gianyar
Rahayu Guest House Ubud,4.6,215648.0,Gianyar
Bendesa Accomodation,3.65,357143.0,Badung
Swastika Guest House,3.95,466668.0,Denpasar
Fourteen Roses Beach Hotel,3.95,610517.0,Badung
The Garden Villa,4.15,797333.0,Denpasar
Amed Lodge by Sudamala Resorts,4.3,1046900.0,Karangasem
Risata Bali Resort & Spa,4.2,880000.0,Badung
Suma Beach Hotel,3.95,324000.0,Buleleng
XOXO Kuta Legian Hostel,4.1,278400.0,Badung
Sariqu House,4.35,223940.0,Badung
Bali Eco Living Dormitory,3.9,102000.0,Denpasar
Denays Guest House Jimbaran,3.8,404806.0,Badung
Puri Naga Beachfront Cottages,3.8,1696428.0,Badung
Yulia 2 Homestay Sanur Guesthouse,4.0,413333.0,Denpasar
Abyan Guest House,3.8,349333.0,Denpasar
Surf Doggie Inn,4.15,145667.0,Badung
Dolphin Beach Bali,4.0,1881322.0,Buleleng
The Alena Resort by Pramana,4.35,4149832.0,Gianyar
Pondok Bali Guest House,4.4,266667.0,Buleleng
The Backyard House,4.35,210667.0,Tabanan
Kubu B'dauh Homestay,3.95,313333.0,Badung
Jepun Bali Hotel,4.35,1046760.0,Badung
Asri Sari Ubud Resort & Villa,3.95,720000.0,Gianyar
Respati Beach Hotel,4.25,2399999.0,Denpasar
Wawa Wewe II Villas,4.1,699999.0,Karangasem
Cozy Palm,4.15,266665.0,Badung
Tirta Ening Agung Hotel,4.15,540000.0,Denpasar
Interconnection Kuta,4.45,418000.0,Badung
Rumah Roda Home Stay,4.45,1317769.0,Gianyar
Made House Sanur,4.3,98264.0,Denpasar
Uma Kutuh 2,4.0,288000.0,Gianyar
Utari Residence Legian,4.35,233333.0,Badung
Jesen's Inn 2,4.05,399999.0,Badung
Mejore Beach Hotel,4.35,1350000.0,Karangasem
Kubu Mekarsari Homestay,4.1,448180.0,Badung
Bali Bobo Hostel,4.65,160001.0,Badung
The Visala Boutique Suite Seminyak,4.3,2765703.0,Badung
Hartaning House by Pramana Villas,4.2,581382.0,Gianyar
Kencana Ubud Cottage,4.55,348750.0,Gianyar
Svaha Ubud,3.95,360000.0,Gianyar
Sahera  Hotel Karangasem,4.5,733332.0,Karangasem
Hotel The Flora Kuta Bali,4.25,420000.0,Badung
Darba Guest House,4.65,585000.0,Gianyar
Umah Anila,4.45,300811.0,Gianyar
The Swell,4.35,222000.0,Tabanan
The Ayudya Gelogor Carik,4.1,245662.0,Denpasar
Kubu Kalih,3.9,474942.0,Denpasar
Sanur Ayu Hotel,3.85,329333.0,Denpasar
Bhuwana Ubud Hotel and Farming,4.4,995330.0,Gianyar
Suly Vegetarian Resort & Spa,3.9,1068958.0,Gianyar
Sari Indah Cottages,4.2,348524.0,Badung
Puri Sading Hotel,4.1,938664.0,Denpasar
OYO Flagship 91062 Antara Sunset Road,3.95,343194.0,Denpasar
Ubud Sari Health Resort,4.25,895691.0,Gianyar
Kondra Premiere Guest House,4.15,724104.0,Badung
Rita ZA Hotel,3.25,196078.0,Badung
CHEZ IDA,4.2,600001.0,Gianyar
Taxa Uma,4.1,295380.0,Badung
Mekar Jaya Bungalows,3.8,202667.0,Badung
Kubu Turah Homestay,3.65,274716.0,Badung
Uma Kutuh Bungalow,3.65,191076.0,Gianyar
Bukit Indah Homestay,4.25,190000.0,Karangasem
Bali Asli Lodge by EPS,4.25,395882.0,Gianyar
Matta Lodge Bali,4.3,228000.0,Badung
Bulan Bali Homestay & Hostel,4.45,300000.0,Gianyar
Ubud Canti Accommodation,4.05,266668.0,Gianyar
The Warji Bisma,4.25,426515.0,Gianyar
The Calna Villa Bali,4.4,2254792.0,Badung
The Calna Villa Bali,4.4,2254792.0,Badung
