d9301e97-cd6f-46af-9cff-29cbd179acdd,Kabana Ubud By K Club,5.0,Bar,300000.0,Gianyar,"Jalan Raya Cebok, Tegalalang 80561 Indonesia"
1987460b-530f-4382-9132-86d0e5365423,Nautilus Seafood Restaurant & Bar,5.0,Bar,300000.0,Gianyar,"Jl. Suweta No.80, Ubud, Ubud 80571 Indonesia"
ed7daa5d-e816-4bc7-a7a0-a0b9c60ff2a9,MoonLite Kitchen and Bar,4.5,Asian,300000.0,Badung,"Jl. Abimanyu Jl. Dhyana Pura, Seminyak 80361 Indonesia"
55e1a065-936f-4df1-8b2c-32380cfc721e,The Power of Love - Samabe Cave Dining,5.0,Seafood,500000.0,Badung,"Jl. Pura Barong-Barong Sawangan, Nusa Dua, Benoa 80363 Indonesia"
b5dec4b0-3223-4334-8af2-d3b2929dd395,Koral Restaurant,5.0,International,500000.0,Badung,"Jl. Raya Nusa Dua Selatan The Apurva Kempinski Bali, Nusa Dua, Benoa 80361 Indonesia"
6ae7257e-e843-4211-878c-ebac230c30dd,Akasa Jumeirah Bali,5.0,Seafood,300000.0,Badung,"Raya Uluwatu Street, Pecatu Indonesia"
b138b353-5dcf-4b57-b39b-861096b172d5,Ambar Ubud Bar,5.0,Japanese,500000.0,Gianyar,"Jalan Raya Kedewatan, Ubud 80571 Indonesia"
c7d22302-cc7d-41a8-bbf7-bd916806e77a,Copper Kitchen & Bar,4.5,Steakhouse,300000.0,Gianyar,"Jl. Bisma No.68 Ubud, Ubud 80571 Indonesia"
c63ff3f9-849f-45a6-83d2-81f7c2313d65,Gabah Indonesian Cuisine,4.5,Indonesian,300000.0,Badung,"Jl. Bakung Sari Ramayana Resort & Spa, Kuta 80361 Indonesia"
9f58682c-dc9c-4288-a2cc-0d1f52d4daca,Kaukau Restaurant,5.0,Asian,300000.0,Gianyar,"Jalan Katik Lantang Arkamara Dijiwa Resort, Singakerta, Ubud 80571 Indonesia"
c5cbed54-3253-48db-8606-205206b89cbd,Bawang Merah Beachfront Restaurant,4.5,Seafood,300000.0,Badung,"Jl. Pantai Kelan No 1 Kelan Beach, Jimbaran 80361 Indonesia"
00d81aac-d2c5-40a3-925a-658c5960ff08,Tis Cafe,4.5,Southwestern,100000.0,Gianyar,"Jl. Raya Ceking, Tegalalang 80561 Indonesia"
830bea79-3df9-428c-a045-6efda4450830,Bene Italian Kitchen,4.5,Italian,300000.0,Badung,"Jl. Pantai Kuta Sheraton Bali Kuta Resort, level 2, Kuta 80361 Indonesia"
5d2efbf7-9616-4cca-949b-10a0f914b1ae,Three Monkeys Sanur,4.5,European,300000.0,Denpasar,"Jl. Danau Tamblingan, Sanur, Denpasar 80222 Indonesia"
0ecfd09f-3a46-4247-89c8-583b7638e98e,DONBIU,5.0,International,300000.0,Badung,"Jl. Padma No. 1 Padma Resort Bali, Legian 80361 Indonesia"
f0115771-4cc6-4bfd-843a-2b9d1f2d3770,DAVA Steak & Seafood Restaurant,5.0,Steakhouse,500000.0,Badung,"Jl. Karang Mas Sejahtera, Jimbaran 80364 Indonesia"
08fc800c-2502-497a-9b9c-05bbd9409bb7,Naughty Nuri's Sanur,5.0,American,300000.0,Denpasar,"Jl. Bypass Ngurah Rai No 77, Sanur, Denpasar 80228 Indonesia"
dbeece97-3cee-4907-94df-24c1021d3c2a,Botanist Restaurant Ubud,5.0,American,300000.0,Gianyar,"Jalan Kelabang Moding, Banjar Bentuyung, Ubud 80571 Indonesia"
5273e8ac-3466-49a2-aba6-d76e23a62db8,Warung Baby Monkeys,4.5,Asian,100000.0,Denpasar,"Jl. Sudamala 6, Sanur, Denpasar Indonesia"
ab2e04b5-bd79-46e7-a39b-2b5769edaf6c,Warung Dandelion,4.5,Asian,100000.0,Badung,"Jl. Batu Bolong No.10, Canggu 80361 Indonesia"
30f8edce-6c4c-441c-8d36-d888d5aad996,Sleeping Gajah Kitchen & Lounge,5.0,International,300000.0,Karangasem,"Banjar Dinas Tebola Wapa di Ume Sidemen, Sidemen, Karangasem 80864 Indonesia"
2f9602f7-b13d-4973-8837-545b581d8d90,Gong Restaurant - Indonesian and Balinese Cuisine,4.5,Seafood,300000.0,Denpasar,"Jl. Tirta Akasa no. 28, Sanur, Denpasar 80227 Indonesia"
9073c727-ff74-4a6b-b154-3f8c1ab1f838,Pala Restaurant & Rooftop Bar,5.0,International,300000.0,Badung,"Jalan Raya Nusa Dua Selatan The Apurva Kempinski Bali, Nusa Dua, Benoa 80361 Indonesia"
e02c3173-28c1-4fdc-a64b-6922b0d3fe95,Unique Rooftop Bar & Restaurant,4.5,Mexican,300000.0,Badung,"Jl. Karang Mas Sejahtera Rimba Resort, Jimbaran 80364 Indonesia"
d8dfe781-441f-4d47-b95b-f730b4efb8a1,Soleil,5.0,Italian,500000.0,Badung,"Jl. Raya Nusa Dua Selatan Mulia Resort, Kawasan Sawangan, Nusa Dua, Benoa 80362 Indonesia"
d4ff650a-9a27-470c-add4-8c172e94c545,Bale Udang Mang Engking Kuta,4.5,Seafood,300000.0,Badung,"Jl. Nakula No. 88, Kuta 80119 Indonesia"
3ed4a1a7-4989-4e56-bddb-aaacd36622ad,Asmat Restaurant Amed,5.0,European,300000.0,Karangasem,"Mathis Lodge via Lean Village, Jl Raya Amed, Bunutan, Karangasem 80852 Indonesia"
e78af18b-30ea-4369-a653-e6a20065e925,Vincent's Restaurant,4.5,European,300000.0,Karangasem,"Jalan Raya Candidasa, Candidasa, Karangasem Indonesia"
2f0f65c0-b739-4af8-9e46-f3b66824164b,Waroeng Bernadette,5.0,Indonesian,100000.0,Badung,"Jl. Kayu Aya No.17 Kayu Aya Square Oberoi, Seminyak 80361 Indonesia"
6ab5fc29-f006-4e1c-ad1d-69d522451a3b,Azul Beach Club,4.5,Bar,300000.0,Badung,"Jl. Padma No. 2 Bali Mandira Beach Resort & Spa, Legian 80361 Indonesia"
99fad27b-56e8-441a-a5bb-47c71db0544a,Secret Garden Restaurant,5.0,Seafood,300000.0,Buleleng,"Jl. Pura Dalem, Anturan, Lovina Beach 81116 Indonesia"
4d0e1381-63de-422c-8fdc-6750dd258471,El Kabron Bali,5.0,International,300000.0,Badung,"Jl. Pantai Cemongkak, Pecatu 80361 Indonesia"
73f1295b-f6c6-4517-b3af-161842bfa6b7,Kisik Seafood & Grill,4.5,Seafood,500000.0,Badung,"Jl. Karang Mas Sejahtera, Jimbaran 80364 Indonesia"
ee5967b0-4cba-4eb9-8257-3b95ec6f04a9,Shrida Restaurant - Taste Of Ubud,5.0,Steakhouse,300000.0,Gianyar,"Jln. Bisma, Ubud, Gianyar, Bali, Ubud 80571 Indonesia"
539b1370-b996-477a-9a73-700acc8ffffb,Mambo Beach Restaurant Beach Bar & Cafe Nusa Penida,5.0,American,300000.0,Klungkung,"Jalan Ped - Buyuk, Ped 80771 Indonesia"
1f79f729-d02d-42b0-a47f-f59d0f3b18ff,Tamarind Mediterranean Restaurant,4.5,Seafood,300000.0,Badung,"Lot North 4 Nusa Dua Beach Hotel & Spa, Nusa Dua, Benoa 80361 Indonesia"
8ee7497e-1424-467c-9d22-706f24d10d41,Lilla Pantai,4.5,Bar,300000.0,Denpasar,"Jalan Duyung Jalan Sanur Beach Street Walk, Sanur, Denpasar 80228 Indonesia"
4736b471-09e2-45fb-a151-b9361de294bd,Zai Cafe,5.0,Mediterranean,300000.0,Badung,"Jl. Pantai Batu Bolong, Canggu 80351 Indonesia"
68f2495e-bccb-4a65-9530-2896cddfe206,The Botanist By Desa Eko,4.5,Italian,300000.0,Buleleng,"Jl. Kayu Putih - Munduk The Botanist, Munduk, Banjar 81152 Indonesia"
01e961ef-f356-4c28-939e-0f42b160adeb,Beach Boy Canggu,5.0,International,300000.0,Badung,"Jl. Munduk Catu No.8, Canggu 80361 Indonesia"
cb1b1756-de70-412a-81b9-beaeccb85110,La Brisa,4.0,Bar,300000.0,Badung,"Jl. Pantai Batu Mejan Gang La Brisa Echo Beach, Canggu 80361 Indonesia"
98c3a54f-d66c-4b97-88c5-86735bd79399,Warung Ketut,5.0,Seafood,100000.0,Karangasem,"Jl. Raya Lipah, Amed, Bunutan, Karangasem 80852 Indonesia"
d6fe1f8f-ec98-41f9-af16-b1e8eea85006,Asri Dining By Samanvaya,5.0,International,300000.0,Karangasem,"Banjar Tabola, Telaga Tawang, Sidemen, Karangasem 80864 Indonesia"
7cda2790-c9d6-41cd-9ec0-d4db61addb17,Le Bleu By K Club,5.0,Seafood,500000.0,Badung,"Ji. Nusa Dua Lot C-01 ITDC Area, Nusa Dua, Benoa 80363 Indonesia"
b7587d99-ca04-4ddd-bf0c-36b562566f6e,The Cave Bali By Chef Ryan Clift,4.0,International,500000.0,Badung,"Jl. Pura Goa Lempeh Banjar Dinas Kangin, Uluwatu, Pecatu 80361 Indonesia"
03839f12-cf2f-4399-893b-3435d387766d,Sakura Japanese Restaurant,5.0,Japanese,500000.0,Badung,"Kawasan Pariwisata Lot. 1, Nusa Dua, Benoa 80363 Indonesia"
2daa7efb-da15-410a-8f79-e18de415d801,Omma Bali,4.5,Japanese,300000.0,Gianyar,"Kemenuh, Sukawati 80581 Indonesia"
395080c2-7310-4095-8853-7a013dd42649,Nelayan Restaurant & Puri Bar,4.5,Bar,300000.0,Badung,"Jalan Raya Uluwatu Jalan Yoga Perkanthi Jimbaran Puri, Jimbaran 80361 Indonesia"
6e0d882d-4593-45bd-91be-d11c8bd43208,Amok Sunset Bar And Restaurant,4.5,International,300000.0,Klungkung,"Gamat Bay, Sakti 80771 Indonesia"
ff22ba98-119b-4a52-b4ad-f4c32d883104,Seasalt,5.0,Seafood,500000.0,Badung,"Jl. Taman Ganesha no. 9 Petitenget, Seminyak 80361 Indonesia"
3e00de84-a33d-4b9e-802a-ddaa9493c1b7,Sukun Restaurant Nusa Dua,5.0,Asian,300000.0,Badung,"Jl. Pratama No.87, Tanjung Benoa 80363 Indonesia"
c5276cfb-56bf-4fec-b348-edc197e6f064,Poppies Restaurant,4.5,International,300000.0,Badung,"Poppies Lane 1 / 19 Jalan Legian, Kuta 80361 Indonesia"
a4fbf92c-0c6a-4efa-b2c5-31f2eeb73137,Restaurant Bukit Segara,5.0,Seafood,300000.0,Karangasem,"Jl. Raya Bunutan Villa Bukit Segara, Karangasem 80852 Indonesia"
56b41f32-7442-4453-9ebb-4832bd5277c9,The Grumpy Butcher,5.0,Steakhouse,300000.0,Badung,"Jl. Petitenget No.21A, Kerobokan 80361 Indonesia"
96f2bf70-2da3-4c99-8871-97a849cdb22f,Ganesh Lodge,5.0,European,300000.0,Karangasem,"Jl. Puri Bagus, Candidasa, Karangasem 80851 Indonesia"
99a74c01-9941-4e3e-a31d-98b1874aea13,O Club By Oculus Bali,5.0,Italian,300000.0,Bangli,"Jl. Windu Sara Jl. Windu Sara, Kedisan, Kec. Kintamani, Kabupaten Bangli, Bali 8065, Kintamani 80652 Indonesia"
47828ec0-4ca4-4df3-90a6-3630bc0497d7,Buda Bakery & Resto,4.5,European,300000.0,Buleleng,"Jl. I Gede Taman Perumahan BTN Graha Lovina, Anturan, Lovina Beach 81152 Indonesia"
417f834e-b548-43fd-89e0-0c4d9890403b,Ulu Garden,5.0,Bar,300000.0,Badung,"Jl. Pantai Padang-padang (behind Bgs), Pecatu 80361 Indonesia"
140dbda9-faac-475d-bbff-d04c01e1c194,Warung Lu Putu,4.5,Bar,300000.0,Karangasem,"Jl. Mendira, 9 Sengkidu, Manggis, Candidasa, Karangasem 80871 Indonesia"
6d67c392-73b6-463e-b333-6451e47751b0,Bumbu Bali Restaurant & Cooking School,4.5,Indonesian,300000.0,Badung,"Jalan Pratama, Tanjung Benoa 80363 Indonesia"
3e713654-f3d1-485a-8287-514c0b4f4154,Fisherman's Club,5.0,Bar,300000.0,Denpasar,"Jalan Danau Tamblingan 89a Andaz Bali, Denpasar 80228 Indonesia"
ca6c4368-a126-4c18-8719-10fcc9c3e383,Sukun Restaurant Kuta,5.0,Indonesian,300000.0,Badung,"Jalan Kartika Plaza, Gang Puspa Ayu No. 99 Amnaya Resort Kuta, Kuta 80361 Indonesia"
4fdf7823-86a2-4033-a681-f560eebc62cb,Hai Ri Zen,5.0,Seafood,300000.0,Klungkung,"Mushroom Bay, 80771 Indonesia"
36137546-b303-4f9f-9d2c-4ccb170443ad,Fat Bowl,4.0,Indonesian,300000.0,Badung,"Jl. Padma No. 2, Legian 80361 Indonesia"
7307d938-7533-4f7b-9e8b-5f0a98089007,Lumbung Restaurant,5.0,Contemporary,300000.0,Gianyar,"Jalan Suweta Visesa Ubud Resort, Ubud 80571 Indonesia"
dd9fdb49-2667-49ab-b17b-56382e54fa22,Soka Warung,5.0,Asian,100000.0,Klungkung,"Tamarind Road, 80771 Indonesia"
c52d956f-38f2-4428-b347-774fb1016b9c,Boy'N'Cow,5.0,Steakhouse,500000.0,Badung,"Jl. Raya Kerobokan no. 138, Seminyak 80361 Indonesia"
08d9f3ed-b556-4884-8828-99e306681bdb,Reef Beach Club,5.0,Bar,300000.0,Badung,"Jalan Raya Nusa Dua Selatan The Apurva Kempinski Bali, Nusa Dua, Benoa 80361 Indonesia"
7a6ec3ce-8c6e-40d1-a61a-a2650538bb43,Warung Made's Munduk,5.0,Asian,100000.0,Buleleng,"Jl. Kayu Putih, Munduk, Banjar 81161 Indonesia"
af4a134c-ec92-45a5-8433-ae2998af0c26,"Luna Rooftop Bar, Bali",5.0,Bar,300000.0,Badung,"Jalan Karang Mas Sejahtera At Ayana Segara, Jimbaran 80361 Indonesia"
9bc924c0-088c-40af-9cf9-47804b6ff3a2,The Coffee Club Legian,5.0,Cafe,300000.0,Badung,"Jl. Pantai Arjuna No.18 Double Six Beach, Legian 80361 Indonesia"
709a8d8b-a33e-4690-8acc-88e4af95ab22,Omang Omang Bar Diner,4.5,Bar,300000.0,Karangasem,"Jl. Silayukti no. 12 Karangasem, Padangbai 80872 Indonesia"
7deee17a-549b-4573-80c8-4b70199719e5,The Jungle Club Ubud,5.0,Bar,500000.0,Gianyar,"Jl. Jaga Raga No.8A, Sukawati 80582 Indonesia"
37b991e0-7bb8-4adf-8c98-317b68f3eb18,Warung Bambu Pemaron,4.5,Asian,300000.0,Buleleng,"Jalan Hotel Puri Bagus, Desa Pemaron, Singaraja 81119 Indonesia"
fc4bd615-7498-4053-b7d6-46bb1f0b7d5e,Mama San,4.5,Chinese,300000.0,Badung,"Jl. Raya Kerobokan No.135, Kerobokan 80361 Indonesia"
d666e619-be1d-4f36-af83-8ece619db782,Ling-Ling's Bali,5.0,Japanese,300000.0,Badung,"Jl. Petitenget no. 43B, Seminyak 80361 Indonesia"
4beb22fc-d48b-45ff-83f0-7b78973d85d6,The Dungki Bendega Resto,5.0,Healthy,100000.0,Klungkung,"Secret Beach Road Nusa Ceningan, 80771 Indonesia"
1959b396-0ad2-4ca0-b140-8054575b428c,Seminyak Kitchen,5.0,International,300000.0,Badung,"Jl. Camplung Tanduk no. 103 SP, Dhyana Pura, Seminyak 80361 Indonesia"
3f2de6ca-8641-4448-bf74-338509b03813,Barbacoa Bali,4.5,Barbecue,300000.0,Badung,"Jl. Petitenget No. 14, Kerobokan 80361 Indonesia"
91eb00b9-ec7f-4ac4-9362-3c38035a4815,The View Munduk Restaurant,4.5,Asian,300000.0,Buleleng,"Jl. Raya Kayu Putih Tamblingan Munduk Br. Tamblingan, Munduk, Banjar 81152 Indonesia"
5b0ce8e6-ddd8-4042-8500-05e86301dc83,Warung D'Bucu,5.0,International,100000.0,Buleleng,"Jl. Taman Sari Turn left at the first cross about 50m on the left side, Pemuteran, Gerokgak 81155 Indonesia"
345c9913-542c-4085-b34f-c29a60a9e5ca,Boardwalk Restaurant & Lounge,4.5,American,300000.0,Badung,"Jl. Kartika Plaza Entrance Via Bali Garden Beach Resort Or Via Kuta Beach Next To Discovery Mall, Tuban, Kuta 80361 Indonesia"
d2773eff-778e-4801-97b6-b4a8714eb5c2,Warung Napoli,5.0,Italian,100000.0,Badung,"Jl. Dewi Sri, Legian, Kuta, Kabupaten Badung, Legian 80361 Indonesia"
0813aea9-adf8-42fd-91b6-72ec486cd7aa,Asian Spice Restaurant,4.5,Japanese,300000.0,Badung,"Jl. Padma Rama Residence Padma, Legian 80361 Indonesia"
92034496-d785-4ad2-8155-bbce8bcf3783,Acropora Bar & Restaurant,5.0,Chinese,300000.0,Klungkung,"Banjar Anyar Pramana Natura Nusa Penida, Sakti 80771 Indonesia"
d6a8f1e1-e7d9-490c-9964-b4b781a57e22,Jaring Kitchen & Drinks,5.0,International,100000.0,Buleleng,"Jl. I Gede Taman & Gang Bintang In Front Of Situ's Kalibukbuk, Anturan, Lovina Beach 81152 Indonesia"
9ed8ec0f-b8a4-4d1c-b539-ab3f7a9f38cd,AKAR Cafe Lovina,4.5,Cafe,300000.0,Buleleng,"Jalan Binaria, Lovina Beach 81151 Indonesia"
f3b05ca7-d202-4c00-b3af-1be34b3e244a,The Sage Bali,5.0,Cafe,100000.0,Buleleng,"Jl. Singaraja Gilimanuk, Pemuteran, Gerokgak 81155 Indonesia"
c8fd29de-f850-48c9-9346-0a7186d3016e,Penida Colada Beach Bar,4.5,Bar,300000.0,Klungkung,"Jl. Ped-Buyuk, Ped 80771 Indonesia"
ab427f29-3d9f-40e3-a691-be61021d261c,Made Bagus Cafe,4.5,Seafood,300000.0,Badung,"Muaya Beach, Jimbaran 80361 Indonesia"
f2d58034-d616-480a-b4c7-a2724661e6ad,The Colonial,4.5,European,300000.0,Karangasem,"Jl. Silayukti no. 6 OK Divers Resort & Spa, Padangbai 80872 Indonesia"
0d3a26cf-f377-438e-a760-5c827d8abfd7,Finns Beach Club,4.5,Bar,300000.0,Badung,"Jl. Pantai Berawa No. 99, Canggu 80361 Indonesia"
76e3fc73-c92d-40f3-9147-c58b8623a6a1,Cloudland Bar Lembongan,5.0,Bar,100000.0,Klungkung,"Sunset Road, 80771 Indonesia"
6ebdd3ea-e0ab-4379-aaa2-352b46ca7ffa,Sandy Bay Beach Club,4.0,Bar,300000.0,Klungkung,80771 Indonesia
c064a975-3169-4982-bc81-fd92584cf42e,Warung Amphibia Seafood,4.5,Seafood,100000.0,Denpasar,"Jalan Pantai Sindhu, Sanur, Denpasar 80228 Indonesia"
23a39c75-b676-4457-be6b-9e27a84047c0,O Beach Bali,5.0,Bar,300000.0,Badung,"Jl. Abimanyu Jl. Dhyana Pura, Seminyak 80361 Indonesia"
bb0e6e65-6371-466e-8ab9-ceae5fff100a,Ombak Cafe & Huts,4.5,Cafe,100000.0,Klungkung,Jungutbatu 80771 Indonesia
8ee5402f-24bc-436f-94bf-912da5c42e78,Ji Restaurant Bali,5.0,Japanese,300000.0,Badung,"Jl. Pantai Batu Bolong Hotel Tugu Bali, Canggu 80361 Indonesia"
09369416-ae7b-4b59-8961-db157af67f70,Tropical Temptation  - Adult Only Beach Club,5.0,Bar,300000.0,Badung,"Jalan Pantai Melasti No 8, Ungasan 80361 Indonesia"
1e3aeb71-bad8-4643-8916-3ff032f03a08,Hai Bar & Grill,4.5,Bar,300000.0,Klungkung,Mushroom Bay Lembongan Island Indonesia
d093aaff-855b-4bb9-99a7-c5ff88070eb0,Warong Legong,5.0,International,100000.0,Gianyar,"Jln by Pass Ida Bagus Mantra Keramas, Gianyar 80851 Indonesia"
277d0fd1-d504-4bd2-89d6-07736f5df06e,Omang Omang,5.0,Seafood,300000.0,Denpasar,"Jalan Danau Tamblingan No. 89 Hyatt Regency Bali, Sanur, Denpasar 80228 Indonesia"
33e89ec3-6270-45e9-b171-1eec99a2dbf4,Paed Thai Sanur by Wonderspace,5.0,Asian,300000.0,Denpasar,"Jl. Bypass Ngurah Rai No.888A, Sanur, Denpasar 80228 Indonesia"
18104217-1561-4fb1-98ae-75880d48e710,Warung Nia,4.5,Indonesian,100000.0,Badung,"Kayu Aya Square, Number 19-21, Seminyak 80361 Indonesia"
7a5b28e5-0b12-4e86-be99-b7cda59198cb,Green Kubu Cafe,4.5,Indonesian,100000.0,Gianyar,"Jl. Cinta, Tegalalang 80561 Indonesia"
78eff4be-f570-4a51-b837-228a3175c19c,Canvas Cafe Bali,5.0,Cafe,300000.0,Denpasar,"Jl. Hang Tuah No. 45, Sanur, Denpasar 80227 Indonesia"
f278f9f6-7f5d-4f81-b177-f6c16300b489,Nook Umalas,4.0,Cafe,300000.0,Badung,"Jl. Umalas 1, Kerobokan 80365 Indonesia"
fd43695e-c34b-493a-adaa-8b7667fd0aba,Daily Social,5.0,International,300000.0,Badung,"Jl. Pantai Kuta Beachwalk Shopping Center, Kuta 80361 Indonesia"
a1202f63-f1ef-4f01-99b7-485f5094af5e,Johnny Tacos,5.0,Mexican,100000.0,Badung,"Jl. Kartika Plaza, gang samunda #17 Across from Bakung Beach Resort, Kuta 80361 Indonesia"
bc9f7179-ea74-44af-a74e-17008808cc47,White Rock Beach Club,5.0,Bar,300000.0,Badung,"Melasti Beach, Ungasan 80361 Indonesia"
24cedabc-2ff9-47e4-a54d-7663e433f8fb,Montana Del Cafe,4.5,Cafe,300000.0,Bangli,"Jl. Raya Penelokan No.889, Kintamani 80652 Indonesia"
b2a3e78c-defb-4d0c-adce-a4a99db56db0,Cretya Ubud,4.5,International,300000.0,Gianyar,"Jl. Raya Tegallalang Alas Harum, Ubud 80561 Indonesia"
66e5650d-b652-4a8b-bef4-3753532738b7,Mana Uluwatu,4.5,Mexican,300000.0,Badung,"Jl. Pantai Suluban Uluwatu Surf Villas, Pecatu 80361 Indonesia"
6f2d9d62-3781-4879-9179-bfc3853ec56a,Tsavo Lion Restaurant,4.5,Contemporary,300000.0,Gianyar,"Km. 19 Jl Bypass Prof. Dr. Ida Bagus Mantra 8 Bali Safari and Marine Park, Gianyar 80551 Indonesia"
6a2ae0f5-8106-43ec-a2ab-8b3f665dd288,Bella Italia Legian,4.5,Italian,300000.0,Badung,"Jl. Sriwijaya no. 368, Legian 80361 Indonesia"
529d7515-78e4-4884-8560-b74cedecff43,Oliverra,4.5,Seafood,500000.0,Badung,"Jl. Melasti, Banjar Kelod, Ungasan 80364 Indonesia"
55494bac-d96f-44c2-84fa-fe00c28357d0,Secret Penida Beach Club,4.5,Cafe,100000.0,Klungkung,"Jl.Ped – Buyuk 10 meters from “Ari Place”, 80771 Indonesia"
3f62a254-dee0-40e5-97a8-b58026e6edd7,Arcadia Restaurant Ubud,5.0,International,500000.0,Gianyar,"Jalan Raya Campuhan Tjampuhan Bridiges, Ubud 80571 Indonesia"
3a9b7afa-92fe-4ba3-8765-e38f95710833,Kuta Social Club,5.0,Bar,300000.0,Badung,"Jl. Pantai Kuta No.32 Mamaka By Ovolo, Kuta 80361 Indonesia"
9eedfb91-b398-4dd1-a83c-726b6c06fdda,Ikan Restaurant & Bar,4.5,Seafood,300000.0,Badung,"Kawasan Pariwisata Nusa Dua, BTCD Lot N-3, Nusa Dua, Benoa 80363 Indonesia"
e979565f-2d1c-4593-9ac8-eafe45361e21,Warung Forest,5.0,Bar,100000.0,Klungkung,80771 Indonesia
7e7a7ff0-5f5a-4105-a1bd-b0503a74c47b,The Damai Restaurant,4.5,Asian,500000.0,Buleleng,"Jl. Damai, Kayuputih The Damai Hotel, Lovina Beach 81161 Indonesia"
18347caf-0c68-4b5c-8d6c-4bbbefaf6a2a,"Tsune Sanur, Japanese Restaurant By Wonderspace",5.0,Japanese,300000.0,Denpasar,"Jl. Aruna No. 8A, Sanur Kaja, Denpasar 80237 Indonesia"
d21a6fd1-d2bb-493c-ac8e-44bcff285580,Warung Sabar,5.0,Seafood,100000.0,Karangasem,"Jl. Raya Lipah Bunutan, Karangasem 80852 Indonesia"
114c5165-ceaa-4ba4-914f-05a2d873ba31,Klyf Club,4.5,Seafood,300000.0,Klungkung,80771 Indonesia
974b261e-0778-419a-85dc-183e0903be95,Cuca Restaurant,4.5,International,500000.0,Badung,"Jl Yoga Perkanthi, Jimbaran 80364 Indonesia"
7b2eb46b-097b-464a-8802-74596c45ed53,Honey & Smoke,4.5,Grill,300000.0,Gianyar,"Jl. Monkey Forest No.67B, Kedewatan, Ubud 80571 Indonesia"
d5ab7f6e-3a04-4a6e-a4ef-1f6b01826142,Al Dente Cucina Italiana & Lounge,4.5,Italian,300000.0,Badung,"Jalan Kartika Plaza, Kuta 80361 Indonesia"
65ce9105-a4c2-4fc4-a7a6-056fab4f84cc,Akasha Restaurant,4.5,Asian,300000.0,Gianyar,"Jalan Sinta New Earth Haven, Keliki Tegallalang, Kelusa, Payangan 80561 Indonesia"
984a7286-d4c3-4413-8ef6-e5d934fe1d16,Murni’s Warung,4.5,International,300000.0,Gianyar,"Jalan Campuan Beside the bridge, Ubud 80571 Indonesia"
ddad7a8d-8be0-420f-9bc6-7b3efcbdbf3a,Nick's Place,4.5,American,100000.0,Klungkung,"Jl. Raya Lembongan Jungut Batu, 80771 Indonesia"
cf9897a9-2ac9-45cd-a917-76fda7a6ff23,Sundays Beach Club,4.5,Bar,300000.0,Badung,"Jl. Pantai Selatan Gau Kuta Sel, Ungasan 80362 Indonesia"
ec3afe56-c9b7-4e96-8f8a-a7c101531343,Sisterfields,4.5,Cafe,300000.0,Badung,"Jl. Kayu Cendana no. 7, Seminyak 80361 Indonesia"
e6553526-a1cf-448a-b70d-593706d6ab09,Qudo Uluwatu,5.0,Pizza,300000.0,Badung,"Jl. Labuansait No.250, Pecatu, Kec. Kuta Sel., Kabupaten Badung, Bali, Pecatu Indonesia"
b6ac085b-fdcf-496c-92c3-32334fbc7e50,Blue Earth Village,4.5,Italian,300000.0,Karangasem,"Jl. Raya Amed, Karangasem 80852 Indonesia"
3437878b-14d2-4222-afc6-f034af088056,Melali Ubud Restaurant,5.0,Bar,300000.0,Gianyar,"Jl. Sri Wedari No.58 Ubud, Ubud 80571 Indonesia"
3767e489-ec55-46bf-ab8b-f284e50ec7a6,Massimo - Italian Restaurant,4.5,Italian,300000.0,Denpasar,"Jln. Danau Tamblingan 228, Sanur, Denpasar 80237 Indonesia"
811469cf-483b-4400-a359-5ba8cb1e8028,Eight Degrees South at Conrad Bali,4.5,Seafood,500000.0,Badung,"Jalan Pratama 168 Conrad Bali, Tanjung Benoa 80363 Indonesia"
9c418661-b88c-4f9d-b1bb-83f7ae0f41de,Shrimpis,5.0,Seafood,300000.0,Badung,Seminyak 80361 Indonesia
53d294c0-3c85-4fd0-b0d1-eff1810bc2f2,Soul on the Beach,4.5,Pizza,300000.0,Denpasar,"Jl. Pantai Sindhu On The Beach Next To INNA Sindhu Beach Hotel, Sanur, Denpasar 80227 Indonesia"
29fd695e-7987-46d6-83e8-329bf2399034,Swan Restaurant Keramas,4.5,Italian,300000.0,Gianyar,"Jalan Pantai Keramas, Keramas, Blahbatuh, Keramas, Blahbatuh 80581 Indonesia"
1c51c5bb-a1e4-4ffb-a3ef-3a0e5241590a,Warung Makan SMS,4.5,Asian,100000.0,Denpasar,"Jl. Betngandang 1 no. 25 Sanur Denpasar, Sanur, Denpasar 80227 Indonesia"
28d753dc-935a-4f85-a8af-25e08b6f5a21,Seabreeze Ceningan,4.5,American,100000.0,Klungkung,"Jl. Raya Nusa Ceningan 300 Meter From Yellow Bridge And Turn Right, 80771 Indonesia"
9047eb69-1b71-4892-a362-43f2ecf4ef51,Bali Asli Restaurant,4.5,Asian,300000.0,Karangasem,"Jl. Raya Gelumpang Gelumpang Village, Karangasem 80870 Indonesia"
73d969d0-4842-45dd-9992-722b091b35b2,Bamboo Restaurant Tulamben,5.0,International,300000.0,Karangasem,"Jl. Raya Kubu Tauch Terminal Resort Tulamben Und Spa, Tulamben 80852 Indonesia"
800034e5-ec60-449e-af89-c0b0c4c059b1,Bella Cucina,5.0,Italian,500000.0,Badung,"Jl. Uluwatu 45 InterContinental Bali Resort, Jimbaran 80361 Indonesia"
413d2609-073f-4814-b82e-64bc8402d92d,Senja Bar & Resto,5.0,International,300000.0,Gianyar,"Jl. Bisma Goya Boutique Resort, Ubud 80571 Indonesia"
9303a03d-eec9-4408-bcd9-8b5a5eedf7f2,Bambu Bali - Seminyak,4.5,Indonesian,500000.0,Badung,"Jalan Petitenget No 198, Kerobokan Kelod 80361 Indonesia"
eef7cfc4-df11-4419-88f3-bcfa5aee7907,Kepitu Restaurant At The Kayon Resort,5.0,European,300000.0,Gianyar,"Banjar Bresela Desa Bresela Ubud, Ubud 80572 Indonesia"
953dc5e0-641d-4ed9-a759-b1b24c013722,Mr. Bob Bar And Grill Tanjung Benoa,4.5,Bar,300000.0,Badung,"Jl. Pratama the opposite of Taman Bhagawan, Tanjung Benoa 80361 Indonesia"
6a414c5d-97b7-4106-8dab-c4fd585ea02f,Locavore Nxt,4.5,Cafe,500000.0,Gianyar,"Jl. A.A. Gede Rai, Gang Pura Panti Bija, Lodtunduh, Ubud 80571 Indonesia"
f7d357c8-2d06-4485-9431-77e3d1196dc8,Bai Yun,5.0,Chinese,500000.0,Badung,"Jalan Raya, Nusa Dua, Benoa 80361 Indonesia"
9fb451e4-02be-40d9-9f21-cb42577ea25b,Sami Sami,4.5,Italian,300000.0,Badung,"Jl. Karang Mas Sejahtera, Jimbaran 80364 Indonesia"
43729109-d25b-42d7-b0f7-b29f16ce78c0,Shinta Warung,5.0,International,100000.0,Badung,"Jl. Kartika Plaza, Gang Puspa Ayu, Kuta 80117 Indonesia"
6a5eb2d1-d193-40ee-824c-0760a6d850ed,The Pad on Bene,4.5,Bar,100000.0,Badung,"168 Jalan Lebak Bene, Legian 80361 Indonesia"
dd98a405-c201-4398-a261-63e019115930,Garpu Restaurant,4.5,Seafood,300000.0,Karangasem,"Jl Raya Sengkidu, Candidasa Beach Rama Candidasa Hotel, Candidasa, Karangasem 80801 Indonesia"
0c5c092d-90f0-46b4-be1e-78bb22d24e35,Bee Cafe Ubud,5.0,Cafe,100000.0,Gianyar,"Jl. Sawah Indah, Peliatan, Ubud 80571 Indonesia"
937b487f-5c31-4878-83a3-2e76479abfe5,Secret Rooftop By Happy Cow Bali,4.5,Steakhouse,100000.0,Badung,"Jl. Gong Kebyar No. 32, Jimbaran 80362 Indonesia"
7dfcc694-528a-4856-9251-f02e75f037fe,Bandar Nelayan Seafood,5.0,Chinese,300000.0,Denpasar,"Jl. Bypass Ngurah Rai Suwung Kauh No 659, Denpasar 80228 Indonesia"
68da1426-8c11-4f78-97b6-f2aa3203d7fe,Sorrento Mediterranean Restaurant,5.0,Seafood,500000.0,Badung,"Jl. Raya Nusa Dua Selatan in Melia Bali Indonesia Hotel, Nusa Dua, Benoa 80363 Indonesia"
b44fdf9a-8e50-46f9-b431-62a4ceeda4e2,Sunset Beach Bar & Grill,4.5,Bar,300000.0,Badung,"Jl Uluwatu no 45 InterContinental Bali Resort, Jimbaran 80361 Indonesia"
8d4a02ae-defd-4b1b-ba43-ff6d7d1be011,Sushi Bar Bali,5.0,Japanese,300000.0,Badung,"Jalan Pantai Berawa Finns Beach Club, Canggu 80361 Indonesia"
a874002a-f842-41e8-a7ba-bb46b17c98ad,Warung Kampung,4.5,Asian,100000.0,Badung,"Jl. Melasti No. 20, Legian Indonesia"
652dadf5-a7cc-4783-b922-cf334ffce7c8,Murmur Restaurant Canggu,5.0,Cafe,300000.0,Badung,"Jl. Anggrek No.2, Tibubeneng 80361 Indonesia"
571a323c-05e8-40dd-9140-8e6607868ed2,Ely's Kitchen Ubud,5.0,Asian,300000.0,Gianyar,"Jl. Suweta No.88 Adiwana Unagi Suites, Ubud 80571 Indonesia"
2b39e804-d747-4ee7-a09d-67f90ca4b4b1,Jejaton Restaurant,5.0,International,300000.0,Badung,"Jl. Merdeka Raya, Gang VII Fairfield by Marriott Bali Kuta Sunset Road, Kuta 80361 Indonesia"
21a7c2aa-0097-46db-9855-51c4c7ec2cab,Tanah Liat Restaurant,5.0,Seafood,500000.0,Badung,"Kawasan Pariwisata Lot Sw 4 & 5 Renaissance Bali Nusa Dua Resort – Ground Floor, Nusa Dua, Benoa 80363 Indonesia"
f0bfdb3a-7fb4-4e95-88a1-d8f22691f15f,Canna Bali,4.5,Bar,300000.0,Badung,"Jl Raya Nusa Dua Selatan, Benoa 80363 Indonesia"
ef5280f2-d066-40a6-a4d4-76683c571763,Natti's Indian Specialty Restaurant,5.0,Indian,300000.0,Gianyar,"The Kenran Resort Ubud, Kenderan, Tegalalang 80552 Indonesia"
66e75fa8-f8fc-4c60-8a71-996680912f52,The 10th Table,5.0,International,500000.0,Buleleng,"Jl Raya Singaraja-Seririt Kalibukbuk, Lovina Beach 81152 Indonesia"
1caef09c-d918-481e-a55f-9101f2419676,Kulkul Beach House,5.0,Bar,300000.0,Badung,"Jl. Nusa Dua Lot N2 Kawasan Pariwisata, Nusa Dua, Benoa 80363 Indonesia"
e1b3f31a-b262-4117-bd83-4b5062ed28cc,Steaksmith Restaurant,5.0,Steakhouse,300000.0,Badung,"Kawasan Pariwisata Lot SW 4 & 5 Renaissance Bali Nusa Dua Resort, Nusa Dua, Benoa 80361 Indonesia"
357724e8-2658-4899-ae3b-07b5f55dfc0d,Suka Espresso,5.0,Cafe,100000.0,Badung,"Jl. Labuansait No.10 Pecatu, Kuta Sel., Kabupaten Badung, Pecatu 80361 Indonesia"
4401fc31-9f64-478a-9d8c-b904d4332dac,The Cafe Lotus,4.0,Asian,300000.0,Gianyar,"Jalan Raya Ubud No.14, Ubud 80571 Indonesia"
0c7070f5-6bb4-485b-9740-e51517cd17b5,Lion X Restaurant,5.0,Chinese,300000.0,Badung,"Kawasan Pariwisata Lot Sw 4 & 5 Renaissance Bali Nusa Dua Resort, Nusa Dua, Benoa 80361 Indonesia"
dca3c40a-fce6-4932-9190-9719d1a340e4,Tuju Tropic Club And Lounge,5.0,American,300000.0,Gianyar,"Jl. Suweta, Sambahan, Ubud 80571 Indonesia"
d29fb770-4890-49bf-8b17-8e58eef79790,Sa'Mesa Canggu & Seminyak,5.0,Italian,300000.0,Badung,"Jalan Tanah Barak 1E, Canggu 80351 Indonesia"
656e8636-79d1-413e-9ab5-fbf1e4440835,The Coconut Hut,5.0,Bar,100000.0,Klungkung,"Jl. Jungutbatu, 80771 Indonesia"
a6d1f534-04ef-4c78-adbf-308b4d65ef21,Casa Blanca Bali,5.0,Italian,300000.0,Badung,"Jl. Kaya Aya 150A Near The Flea Market, Seminyak 80361 Indonesia"
75ab1b45-5041-4ba4-80a0-50d6de40e26f,Ultimo Italian Restaurant,4.5,Italian,300000.0,Badung,"Jl. Kayu Aya No 78, Seminyak 80361 Indonesia"
6d82ac29-7047-4731-b162-814413376301,"Lakeview Restaurant, Bar & Cafe",3.5,Chinese,300000.0,Bangli,"Jl. Raya Penelokan Lakeview Hotel, Kintamani 80652 Indonesia"
6d0fe38e-9314-496f-a043-27b6777bfa35,Al Jazeerah Signature Bali Restaurant And Lounge,4.5,Lebanese,300000.0,Badung,"Jl. Sunset Road, Seminyak 80361 Indonesia"
44611b4f-51f8-4a94-9906-925c230ef371,Rooftop Sunset Bar at Double-Six,4.5,Bar,300000.0,Badung,"Double Six Beach no. 66 Double Six Luxury Hotel, Seminyak 80361 Indonesia"
fd97387c-f5e6-4c30-9da1-255e00de5820,Balinese Home Cooking,5.0,Asian,100000.0,Gianyar,"20 Jl.Rsi Markandya II Br.Payogan, Kedewatan, Ubud 80571 Indonesia"
54b9371c-e8d3-4603-b7da-73bf188b42ca,Bale Udang Mang Engking,4.5,Seafood,300000.0,Gianyar,"Jl. Raya Goa Gajah, Ubud 80571 Indonesia"
6e260a17-6cb1-4945-bc3d-453d20dd0ed3,BATIK Restaurant Bar,4.5,Asian,300000.0,Badung,"Jl. Kayu Aya (Oberoi), Seminyak 80361 Indonesia"
0dc301c1-1288-41c5-9690-63c2255de615,Sawah Terrace,5.0,Indonesian,500000.0,Gianyar,"Jl. Kedewatan Banjar Kedewatan, Mandapa, A Ritz-Carlton Reserve, Ubud 80571 Indonesia"
d71493f1-0ccd-45a5-ba04-ee15ada7849e,Breeze at The Samaya Seminyak,4.5,Seafood,500000.0,Badung,"Jl. Laksmana, Seminyak Beach The Samaya Bali, Seminyak 80361 Indonesia"
4bc0a63b-d0cc-4717-849c-07a5d7acaf9f,Kepitu Restaurant at The Kayon Jungle Resort,5.0,Mediterranean,500000.0,Gianyar,"Banjar Bresela, Desa Bresela The Kayon Jungle Resort, Ubud 80572 Indonesia"
44176a7c-0230-4898-a3d4-7a186d4f630a,Kunyit Restaurant - The Anvaya Bali,4.5,Asian,300000.0,Badung,"Jl. Kartika Plaza The Anvaya Bali, Tuban, Kuta 80361 Indonesia"
f92eec4a-7983-4189-b5f6-26b7d6cdeefc,Babi Guling Bu Oka,3.5,Asian,300000.0,Gianyar,"Jalan Tegal Sari No. 2, Ubud 80571 Indonesia"
0945b33e-dc67-496f-bd31-b9e9099dbb24,Kampoeng Bali,5.0,Indonesian,300000.0,Badung,"Jl. Karang Mas Sejahtera RIMBA by AYANA Bali, Jimbaran 80364 Indonesia"
cd89a19c-b228-4f33-af4e-0d76ab21cbe7,Liap Liap,4.5,Seafood,300000.0,Gianyar,"Jl. Monkey Forest Below NoMas Bar, Ubud 80571 Indonesia"
09826668-b9cf-4ee5-8a87-762f0b52a87d,Herb Library,5.0,International,100000.0,Gianyar,"Jl. Jembawan 1, Ubud 80157 Indonesia"
9d5b02b0-030e-49db-bda5-1a08b4f44d24,The Lair Ubud,5.0,Bar,300000.0,Gianyar,"Jl. Antonio Blanco, Ubud 80571 Indonesia"
69091146-708c-4bf1-bf5e-9f1e9b052e0f,Prego,5.0,Italian,300000.0,Badung,"Kawasan Pariwisata Nusa Dua Itdc Lot N-3, Nusa Dua, Benoa 80363 Indonesia"
5f2d5359-208a-445a-8ca7-b091cc5bf8bd,Stones Kitchen,5.0,International,300000.0,Badung,"Jl. Raya Pantai Kuta, Legian 80361 Indonesia"
b72d00e3-698e-4915-a88c-4c623e1ad794,YUME,5.0,Japanese,300000.0,Denpasar,"Jl. Cok Agung Tresna No.106, Denpasar 80239 Indonesia"
45b82259-0f84-454b-842c-b52ba382bebc,Batubara Wood Fire,4.5,Steakhouse,300000.0,Gianyar,"Jl. Raya Pengosekan Ubud No.108, Ubud 80571 Indonesia"
aa40cf97-6c55-490f-ba9a-bf6a4c0c9dee,"Tebasari Resto, Bar & Lounge",4.5,Asian,100000.0,Gianyar,"Jl. Raya Tegallalang Kec. Tegallalang, Kabupaten Gianyar, Bali, Tegalalang 80561 Indonesia"
76083926-efd8-45bc-b142-3d88f4edfd25,Sun Sun Warung,5.0,Asian,100000.0,Gianyar,"Jl. Jembawan No.2, Ubud 80571 Indonesia"
fa68483f-efb7-4445-87b7-fa3057bfba44,Pistachio Restaurant,5.0,International,300000.0,Gianyar,"Jl. Bisma, Ubud 80571 Indonesia"
42e093cb-98f6-44a3-a4f7-5b61f5d653d1,Ginger Moon Canteen,4.5,Asian,300000.0,Badung,"Jl. Kayu Aya no. 7, Seminyak 80361 Indonesia"
f45f2e12-641d-436e-a41f-aac13f680d65,Hippie Fish Pererenan Beach,5.0,Italian,300000.0,Badung,"Jl. Pantai Pererenan No. 171, Pererenan, Canggu Kabupaten Badung, Pererenan, Canggu 80361 Indonesia"
816ed5e8-f67b-4283-b1dd-0c6cf0bd6315,L'Osteria Ubud,4.5,Italian,300000.0,Gianyar,"Jl. Monkey Forest No.8, Ubud 80571 Indonesia"
a41a0104-b75d-418f-9e21-7ace235791ed,Padi Restaurant,5.0,International,300000.0,Gianyar,"Jl. Raya Sebali, Banjar Sebali, Desa Keliki Puri Sebali Resort, Ubud 80571 Indonesia"
fc632e1a-b29a-4bae-9d50-e53843343880,Nostimo Greek Grill Ubud,4.5,Mediterranean,300000.0,Gianyar,"Jl. Raya Pengosekan no. 108, Ubud 80571 Indonesia"
7aa3f475-f9ae-4dcb-ab61-882deff4bfaf,Uma Garden,5.0,Steakhouse,300000.0,Badung,"Jalan Umalas 1 No.8 Next To Nook, Kerobokan Kelod 80361 Indonesia"
5993ba7e-0997-4f05-bdea-c1cfa60750e6,Pavilion Surf Club Legian Beach,4.5,Italian,100000.0,Badung,"Jl. Pantai Double Six No.10, Legian 80361 Indonesia"
8f20b18c-db6c-422a-aadf-07a021add9e3,Warung Little Bird,4.5,Asian,100000.0,Denpasar,"Jl Danau Tamblingan 34 opposite Villa Ajanta, Sanur, Denpasar 80231 Indonesia"
94bc56a5-a980-4a7c-9f87-a6fc7a3b85cd,Lembah Ayung Restaurant,5.0,Pizza,300000.0,Gianyar,"Jl. Batu Kurung No. 4 Pramana Watu Kurung, Kedewatan, Ubud 80571 Indonesia"
ae8f0ea4-2778-488e-8202-1fd8173087a2,Nikuna Warung,5.0,Asian,100000.0,Gianyar,"Jalan Jembawan Ubud Bali, Ubud 80571 Indonesia"
17354839-27f9-4fde-82b4-cb5387ace25c,Warung 24/7,4.5,Seafood,100000.0,Badung,"Jl. Nakula Night, Kuta Indonesia"
1f31f1e8-0af4-4127-a60d-79f8330c902d,Gioi Ocean Gourmet,5.0,Asian,300000.0,Badung,"Jl. Kartika Plaza, Kuta, Kec. Kuta, Kabupaten Badu Discovery Mall, Ground Floor, Kuta 80361 Indonesia"
98d8e88a-9e66-44bf-9f1c-903abc921522,The Restaurant at Tandjung Sari,4.5,Seafood,300000.0,Denpasar,"Jln. Danau Tamblingan no. 41 Sanur Beach, Sanur, Denpasar 80228 Indonesia"
996fcdb7-9553-458b-a585-5c92e3a82196,Hiiragi Restaurant,5.0,Japanese,300000.0,Badung,"Jl. Umalas Klecung, Kerobokan Kelod, Kec. Kuta Uta, Kerobokan Kelod 80361 Indonesia"
de2b4f52-63ae-4610-a8fe-e0f50cd4f9f0,Spice Mantraa Kuta,4.5,Indian,300000.0,Badung,"Jl. Kartika Plaza Opposite Discovery Mall, Kuta 80361 Indonesia"
4357d2c5-44d7-4c4e-9998-f632acdf9645,Tanda Pizza Restaurant,5.0,Italian,300000.0,Buleleng,"Jl. Pandawa, Kaliasem, Lovina Beach 81152 Indonesia"
a59b504f-aa93-4c90-af09-5ce9284b5066,Brasserie République,5.0,French,300000.0,Denpasar,"Jl. Danau Tamblingan No. 144, Sanur, Denpasar Indonesia"
5cb5d84d-a3e3-40fc-a798-3bd2d0b51c6a,Gusto Resto,4.5,Italian,300000.0,Karangasem,"Jl. Raya Amed, Karangasem 80852 Indonesia"
a874328e-cbe9-40d4-acbf-e8e9df07b999,Fire,5.0,International,500000.0,Badung,"Jl. Petitenget W Bali - Seminyak, Kerobokan 80361 Indonesia"
0e6f49c3-5259-49fc-818f-2aefdf0f6ac2,Kepitu Restaurant at The Kayon Valley Resort,5.0,American,500000.0,Gianyar,"Banjar Nagi Petulu, Kecamatan Ubud, Ubud 80571 Indonesia"
ac2c3fcc-c611-4c2e-8f11-a15588677edb,Chai'ba Street Kitchen & Bar,4.5,Indian,300000.0,Badung,"Jl. Raya Basangkasa no. 47, Seminyak 80361 Indonesia"
148b5420-9487-4ca2-b3ec-eb158ac507cf,Sangsaka Restaurant,4.5,Indonesian,300000.0,Badung,"Jl. Pangkung Sari 100x, Kerobokan 80361 Indonesia"
879264f9-b6b7-475c-9f16-21febc55cf11,Ivy Cafe,5.0,Cafe,300000.0,Gianyar,"Jl Raya Pengosenkan, 62 Puri Garden Hotel, Ubud 80571 Indonesia"
44435ffd-5b6f-4469-9786-f09a9bbb26e7,Pesona Lounge Ubud,5.0,Indian,300000.0,Gianyar,"Jl. Goutama Sel. No.25A, Ubud 80571 Indonesia"
335a0318-c0dd-4ec7-9b9f-e01dfdc21ed1,Warung Pondok Madu,4.5,Barbecue,100000.0,Gianyar,"Jl. Jatayu, Tebesaya Ubud Bali In The Front Of Tebesaya Cottage, Ubud 80571 Indonesia"
830879ca-be64-4787-8049-f4392e42cd61,Swept Away at The Samaya Ubud,5.0,International,500000.0,Gianyar,"Banjar Baung, Desa Sayan The Samaya Ubud, Ubud 80571 Indonesia"
182b2430-41fd-41c6-b42f-33847231a1fc,MAURI Restaurant,5.0,Italian,500000.0,Badung,"Jl. Petitenget No.100, Seminyak 80361 Indonesia"
b444b04c-0ada-46e4-9059-d5da828e220d,Cherry Pepper Ubud,5.0,International,100000.0,Gianyar,"Jalan Monkey Forest Sebelah Barat, Ubud 80571 Indonesia"
ac0d39d5-eb2a-4457-a0b7-c20e8aa6d90b,Bisma Valley,5.0,Mexican,300000.0,Gianyar,"Jl. Bisma, Ubud 80571 Indonesia"
d24eaa37-403d-4d94-894e-e87d37f18bf6,Brunch Club Bali,4.5,American,100000.0,Badung,"Jl. Legian No.457, Legian 80361 Indonesia"
6848fd8d-1578-4ffc-8c58-f3b13ae0e8e1,Cafe Wayan & Bakery,4.5,Pizza,300000.0,Gianyar,"Monkey Forest Road., Ubud 80571 Indonesia"
fd177cd1-6476-41e0-9a4c-05430dbf5f01,Chupacabras,5.0,Steakhouse,500000.0,Gianyar,"CHUPACABRAS - South American | Prime Meats, Kedewatan, Ubud, Gianyar Regency, Bali, Ubud 80571 Indonesia"
cad46900-1481-47e9-8df2-572ed60d800e,"Mr. Wayan, Coffee & Eatery",5.0,International,300000.0,Gianyar,"Jl. Suweta Banjar Bentuyung, Ubud 80571 Indonesia"
3e62f9d9-c27f-4986-9812-fdc1f11057fb,Craved,5.0,Cafe,300000.0,Badung,"Jl. Camplung Tanduk No.9A, Seminyak 80361 Indonesia"
5b3c7227-3a95-436e-bd60-b353c3f7a1d4,Sandwichopedia,5.0,Cafe,100000.0,Badung,"Jalan Pantai Pererenan No. 8, Pererenan, Canggu 80351 Indonesia"
07a1e28f-9f1e-4be1-ad50-0857926795e5,Oneeighty,4.5,Seafood,300000.0,Badung,"Jl. Pura Goa Lempeh The edge Luxury Villa Resort, Banjar Dinas Kangin, Pecatu 80361 Indonesia"
c1d7254e-f107-4bd7-a3ac-4c8144e5feb8,Shelter Bali,4.5,Cafe,300000.0,Badung,"2A Jl. Drupadi, Seminyak 80361 Indonesia"
e7e7f43b-a7c0-4a5e-a401-96e38012b594,Varuna Bali,5.0,International,300000.0,Gianyar,"Jalan Bypass Prof. Dr. Ida Bagus Mantra Km. 19,8, Gianyar 80551 Indonesia"
253c5d11-0a11-4aa3-a187-d42f18839737,Warung Agung Amed,5.0,Chinese,100000.0,Karangasem,"Jl. Raya Lipah Peduli Alam Shop, Bunutan, Karangasem 80852 Indonesia"
1c3198d6-3b22-49f1-ba66-a6639b88c225,SugarSand,4.5,Bar,300000.0,Badung,"Jl. Double Six, Seminyak 80361 Indonesia"
60d3691c-03cd-4c1e-ae64-09f704ba24d6,Ulu Cliffhouse,4.0,Bar,300000.0,Badung,"Jl. Labuan Sait No. 315 Kec. Kuta Selatan, Pecatu 80361 Indonesia"
864bfa79-868d-478c-aef6-e96744919998,De jukung Resto & Bar Tanah Lot,4.0,Seafood,300000.0,Tabanan,"Jl. Tanah Lot Kabupaten Tabanan, Tanah Lot 82171 Indonesia"
1820774c-ea02-4431-9e2a-2c8a89684726,Babi Guling Pak Dobiel,4.0,Asian,100000.0,Badung,"Jl. Srikandi no. 9, Nusa Dua, Benoa Indonesia"
fa0a5482-b11d-46f7-af24-7c4fb944f1d2,Milk & Madu Ubud,4.5,Pizza,300000.0,Gianyar,"3 Jl. Suweta, Ubud 80571 Indonesia"
3004bffe-edd2-44da-a843-6d9a7b86d871,Village Square-Wok Wok,5.0,Chinese,100000.0,Denpasar,"Jalan Danau Tamblingan 89a, Denpasar 80228 Indonesia"
2f975363-36a0-494d-96a9-e5eee5339ba9,Lazy Cats Cafe,4.5,Cafe,100000.0,Gianyar,"Jl. Raya Ubud No. 11 (end of main road direction to museum blanco), Ubud 80571 Indonesia"
9ef460d3-57ab-45df-87d2-5fd63f4d4f0c,Tagine Bali,5.0,Moroccan,300000.0,Badung,"Jl. Mertanadi No. 39, Seminyak 80361 Indonesia"
8133fbb4-27ee-4df8-9c43-d7ae3363698c,BB52 Burgers Canggu,5.0,American,100000.0,Badung,"Jl. Batu Mejan Canggu, Canggu, Kec. Kuta Utara, Denpasar, Bali Inside The Avocado Factory, Canggu 80361 Indonesia"
d464b466-7442-4e31-a171-b06ef7ef7dcf,Alam Pizza,4.5,Italian,100000.0,Gianyar,"Jl. Bisma No.34, Ubud 80571 Indonesia"
e7005a6d-3c96-41a9-ab30-45b0feb017f4,Woobar Bali,4.5,Bar,300000.0,Badung,"Jl. Petitenget, Kerobokan Seminyak, Seminyak 80361 Indonesia"
497288ea-6d6c-474f-9f28-41f552d0bf5f,Crumb & Coaster,4.5,Cafe,300000.0,Badung,"Jl. Benesari 2E 10m Opposite Grand Barong Hotel, Kuta 80361 Indonesia"
c7f14fd5-9b33-48e4-9901-5acab7e20991,Yasa Segara Bengiat Restoran,4.5,Bar,100000.0,Badung,"Jl. Pantai Peminge Ayodya Resort Bali, Nusa Dua, Benoa Indonesia"
e81635f3-263f-4a04-af47-36cf68068f6f,In Da Compound Warung,5.0,Asian,100000.0,Gianyar,"Gootama Street No.6, Ubud 80571 Indonesia"
f459513a-16bd-44d5-ad0f-76dcdb5f919f,Cafe Bali,4.0,International,300000.0,Badung,"Jl. Laksmana, Seminyak 80361 Indonesia"
d78bc5d4-b4fb-4384-bfc2-122d851fcc47,Ah Yat Seafood Restaurant,5.0,Chinese,300000.0,Badung,"Jl. Karang Mas Sejahtera Rimba Jimbaran Bali by Ayana, Jimbaran 80364 Indonesia"
c13bffe5-62f6-428a-b9be-12379c412efd,Three Monkeys Ubud,4.5,European,300000.0,Gianyar,"Monkey Forest Rd Ubud Kelod, Ubud 80571 Indonesia"
3f0d3973-9a2a-4036-8396-43027fb54b74,Happy Chappy Chinese,4.5,Chinese,300000.0,Badung,"Jalan Braban No. 62, Seminyak Indonesia"
4d18d2b1-7079-4248-995f-1444698b09e8,Shisha Cafe,4.5,Lebanese,300000.0,Badung,"Jl. Sunset Road No. 99, Kuta 80361 Indonesia"
74007997-83f6-4d46-b336-6caacddf32d7,The Cafe,5.0,International,300000.0,Badung,"Kawasan Sawangan Mulia Resort, Nusa Dua, Benoa 80362 Indonesia"
ada2508e-f2b2-4e68-8265-1727ee50ae26,Starfish Bloo,4.5,Seafood,500000.0,Badung,"Jl. W Bali - Seminyak, Kerobokan 80361 Indonesia"
4519597b-4fd8-4a52-9e36-d512a2846ca5,Uma Cucina,4.5,Italian,300000.0,Gianyar,"Jalan Raya Sanggingan, Banjar, Lungsiakan Kedewatan, Ubud Indonesia"
29876a3c-c27f-4cda-9021-053a8445137a,Mozza Sanur,5.0,Italian,300000.0,Denpasar,"Jl. Danau Tamblingan No.108 A, Sanur, Denpasar Indonesia"
816af18e-ccef-45d6-8da9-4acca8bc1861,Waroeng Bernadette,4.5,Asian,100000.0,Gianyar,"Jl. Penestanan (Behind The Blanco Museum), Ubud 80571 Indonesia"
7d7ec451-a548-4f10-92fc-6c22bdbfab86,Naughty Nuri's Warung and Grill,4.0,Barbecue,300000.0,Gianyar,"Jl. Raya Sanggingan, Ubud 80571 Indonesia"
dfc9ca3a-2872-4aa1-aadb-6d255f5cb104,Warung Mak Beng,4.5,Seafood,100000.0,Denpasar,"Jl. Hang Tuah no. 45, Sanur, Denpasar 80227 Indonesia"
a3ffa714-f550-439a-8251-38a0cfce41b3,Simply Social,5.0,American,300000.0,Gianyar,"Jl. Raya Ubud, Ubud 80571 Indonesia"
c2a58d9b-8437-44be-818f-3f4bfb1e96e0,Ours,4.5,Mediterranean,300000.0,Badung,"Jl. Labuansait, Pecatu 80361 Indonesia"
61402700-2cfe-448b-9426-706e148a5132,Boneka Restaurant at The St. Regis Bali Resort,5.0,International,500000.0,Badung,"Kawasan Pariwisata Nusa Dua Lot S6, Nusa Dua, Benoa 80363 Indonesia"
f285b17b-120b-42b4-846f-f81d5d573c5f,Warung Indonesia,4.5,Asian,100000.0,Badung,"Jl. Popies II, Gang Ronta, Kuta 80361 Indonesia"
9ab7e21e-b7b3-4705-96f5-3b75f4d48445,Locca Sea House,5.0,Bar,300000.0,Badung,"Jl. Jimbaran Hijau Segara 500m from Ayana, Jimbaran 80361 Indonesia"
044939ce-ace2-4647-ab72-7acc191dad8a,Bebek Tepi Sawah,4.0,Asian,300000.0,Gianyar,"Jalan Raya Goa Gajah, Ubud 80571 Indonesia"
552b6e36-338b-4d72-be84-791379eb797e,Raja's Balinese Restaurant,4.5,Asian,500000.0,Badung,"Nusa Dua Beach Hotel & Spa Kawasan Pariwisata, Lot North 4, Nusa Dua, Benoa 80363 Indonesia"
d1bab232-fe1b-40bf-8b42-ed407f86d7f0,Takumi Kaiseki & Omakase,5.0,Japanese,500000.0,Badung,"Jl. Petitenget No. 43a, Kerobokan Kelod 80361 Indonesia"
f99d2647-15b2-4166-a375-662a021b0bca,Natys Restaurant Tanah Lot,4.0,Mexican,300000.0,Tabanan,"Jl. Kawasan Wisata Tanah Lot Natya Hotel Tanah Lot, Tanah Lot 82121 Indonesia"
42933edf-7e87-4e5a-a259-f42f05042d84,Sacred Rice,5.0,International,300000.0,Gianyar,"Gg.1, Ubud 80571 Indonesia"
ae314165-d143-4ad5-9626-544f579004cc,Rosso Vivo Dine & Lounge,4.5,Italian,300000.0,Badung,"Jalan Pantai Kuta, Kuta 80361 Indonesia"
a9e07078-c94e-49db-8322-7f48f1caefb3,Taco Beach Grill,4.5,Mexican,100000.0,Badung,"Jl. Kunti 1 no. 6, Seminyak 80361 Indonesia"
bd14eb27-dfbc-4f9e-89bf-4b8b3d1a92a4,Fat Chow,4.5,Asian,300000.0,Badung,"Kuta Beach, Poppies Lane 2, no. 7C, Kuta 80361 Indonesia"
769a18fe-64d6-4bb8-a2cb-510df2345ad9,El Patio Restaurant,5.0,American,300000.0,Badung,"Jl. Raya Nusa Dua Selatan Kawasan Wisata ITDC Lot 1, Nusa Dua, Benoa 80363 Indonesia"
166271ed-48ea-4d18-b3da-d71cc1c87fd4,Amateras Restaurant,5.0,Asian,300000.0,Gianyar,"Jl. Rsi Markandya II, Kelusa, Payangan 80571 Indonesia"
f1cde3bf-3c0f-4f1f-993d-04897dfa1898,The Glass House,4.5,International,300000.0,Denpasar,"Jl. Danau Tamblingan No. 25, Sanur, Denpasar 80228 Indonesia"
b8109d12-d2e5-42e1-a4bd-1ce918293b28,Apéritif Restaurant,5.0,International,500000.0,Gianyar,"Br. Nagi, Jl. Lanyahan, Petulu, Kecamatan Ubud, Kabupaten Gianyar, Bali 80571, Indonesia Br. Nagi, Jl. Lanyahan, Petulu, Kecamatan Ubud, Kabupaten Gianyar, Bali 80571, Indonesia, Ubud 80571 Indonesia"
9f83918d-51e7-4b46-98f1-a740c7c0c7ff,Brazilian Aussie BBQ at Seminyak,4.5,Steakhouse,300000.0,Badung,"Jl. Beraban Beraban Square, Seminyak 80361 Indonesia"
a9903d46-92b4-400d-970e-796c9b9f86a2,Lia Cafe,4.0,Seafood,300000.0,Badung,"Jl Pemalisan Agung, Jimbaran 80361 Indonesia"
aa65ddfa-0b78-4fc3-99c9-cb10ca19284d,Kajin Japanese Contemporary Sushi,4.5,Japanese,300000.0,Badung,"Jl. Petitenget 98x 2nd Floor, Seminyak Indonesia"
038410a6-1f21-4e1d-b106-2a8f93be26f0,Dapur Usada,5.0,Cafe,300000.0,Gianyar,"Jl. Sugriwa No.4, Ubud 80571 Indonesia"
bf9f86e1-7c74-4c23-b0ee-c7b8599cf4cd,Double Ikat,5.0,Indonesian,300000.0,Badung,"Jalan Pantai Balangan 1 No 1 Ungasan, Ungasan 80361 Indonesia"
b03d7c47-725a-483a-b8bb-6b5024d30e4f,Jackson Lily's By Ginger Moon,4.5,Chinese,300000.0,Badung,"Jl. Raya Seminyak No.2, Seminyak 80361 Indonesia"
53f5ece5-8bb5-45c8-9216-67c57989c193,Grazing on the Green,5.0,Bar,300000.0,Badung,"Jalan Pantai Berawa Finns VIP Beach Club, Canggu 80361 Indonesia"
bf39f66d-cb6f-4dfd-b124-4d34a7011f88,Table8 Chinese Restaurant,4.5,Chinese,500000.0,Badung,"Jl. Raya Nusa Dua Selatan, Kawasan Sawangan The Mulia, Mulia Resort & Villas - Nusa Dua, Bali, Nusa Dua, Benoa 80362 Indonesia"
f9f1d912-5bc2-4e1f-880e-e5837c718ff4,Tree Bar at Maya Sanur,4.5,Bar,300000.0,Denpasar,"Jl. Danau Tamblingan 89M, Sanur, Denpasar 80228 Indonesia"
90dfce91-a444-4681-995d-b341a8398431,Warung Mami Ikan Bakar,4.5,Seafood,100000.0,Badung,"Jl. Uluwatu II No.30X, Jimbaran Indonesia"
8d05e14f-1cf6-4488-bfd7-d2c54d28a633,"The Restaurant At The Legian Seminyak, Bali",4.5,Seafood,500000.0,Badung,"Jl. Kayu Aya, Seminyak, Seminyak 80361 Indonesia"
64b2bffe-1ed2-4fd6-a756-1c753cbb853f,Wedja Bali Restaurant,5.0,Asian,300000.0,Gianyar,"Jl. Ambarwati No.1 MAS Village, Ubud 80571 Indonesia"
2dec5e7d-bf43-4271-ace9-bf8bead94063,Kyoka Japanese Kitchen,5.0,Japanese,300000.0,Gianyar,"Jl. Dewi Sita, Ubud 80571 Indonesia"
f00c0132-ee96-4eed-b0bb-e48d94727521,KAFE Ubud,4.5,Cafe,300000.0,Gianyar,"Jl. Hanoman 44b, Ubud 80571 Indonesia"
a212298c-2087-402a-aa27-e548dce711c2,Pier Eight Bali,4.5,Bar,300000.0,Denpasar,"Jalan Kusuma Sari No. 8, Sanur, Denpasar 80227 Indonesia"
ecb76b46-6543-4dde-8645-34f4cc5e7e97,The Fat Turtle,4.5,Cafe,300000.0,Badung,"Jalan Raya Petitenget 886A Opposite Potato Head Beach Club and Springhill Mantra Property Group, Next to Deus and Carga, Seminyak 80361 Indonesia"
bc4595b5-5e77-4417-92a9-0bb346321517,Mozaic Restaurant Gastronomique,4.5,French,500000.0,Gianyar,"Jl. Raya Sanggingan, Ubud 80571 Indonesia"
794b7305-4d6a-445c-857d-c5df172e677e,Lucky Fish Lounge,4.5,Barbecue,100000.0,Badung,"Jl. Pantai Bingin, Pecatu 80361 Indonesia"
444fa784-5e45-4f2f-aac5-40d2e9e8f72c,Warung Ibu Wina,4.5,Chinese,100000.0,Buleleng,"Jl. Mawar Kalibukbuk, Lovina Beach Indonesia"
af4fa5d9-f273-4638-8524-a41be79fd0d7,Waterfall Indonesian & Balinese Restaurant,4.5,International,300000.0,Badung,"Jl. Pantai Mengiat Ayodya Resort Bali, Nusa Dua, Benoa 80363 Indonesia"
8641ac78-7c74-44f0-acb9-bb07f02e947a,Sunset Park At Desa Potato Head,5.0,International,300000.0,Badung,"Jl. Petitenget, No. 51b Sunset Park at Desa Potato Head, Seminyak 80361 Indonesia"
49cce7f0-4e83-462c-8173-df2030f4fcfc,Kubu At Mandapa,5.0,International,500000.0,Gianyar,"Jalan Kedewatan Banjar Kedewatan, Mandapa, a Ritz-Carlton Reserve, Ubud 80571 Indonesia"
c5a26b44-1bde-4e36-ac15-ec52c613f2fb,Pison Ubud,4.0,Cafe,100000.0,Gianyar,"Jl. Hanoman No.10X, Ubud 80571 Indonesia"
0aa76450-7b6f-46ec-bb6e-5d15fcddf900,Cretya Sunset,5.0,Bar,300000.0,Gianyar,"Jalan Raya Bresela No. 8 Kec. Payangan, Kabupaten Gianyar, Ubud, Bali, Keliki, Tegalalang 80572 Indonesia"
9e6b9f8a-7287-4ffd-a7ae-a8e08e808fe6,Kynd,4.5,Cafe,300000.0,Badung,"12x Jalan Raya Petitenget, Seminyak 80361 Indonesia"
b11b1393-5e52-4776-a9fc-7779bc9fc68e,Mano Beach House,4.5,International,300000.0,Badung,"Jl. Pantai Pura Petitenget, Seminyak 80361 Indonesia"
5c6067d2-df1e-4ca7-b139-009bf58ffde5,Kekeb Restaurant,5.0,International,300000.0,Badung,"ITDC Area, Lot C-0, Nusa Dua, Nusa Dua, Benoa 80361 Indonesia"
7d96b754-037c-4a49-bd40-53d3e34118f0,Warung Garasi,4.5,Asian,100000.0,Gianyar,"Jalan Monkey Forest Opposite Hotel Inata, Ubud 80571 Indonesia"
64b3ad8e-333d-4228-ae9b-8fa5e965fb76,Nusa Restaurant,4.5,Seafood,100000.0,Badung,"Jl. Nusa Dua, Benoa Itdc Area Nusa Dua, Lot C-0b, Nusa Dua, Benoa 80361 Indonesia"
f64379d0-8d99-4901-9f67-a703f3363533,Friends Cafe And Bistro Bali,5.0,Bar,300000.0,Gianyar,"Jl. Raya Pengosekan No.108 Tegal Kelod, Kecamatan Ubud, Kabupaten Gianyar, Bali, Ubud 80571 Indonesia"
e259f547-7d77-447e-8316-44ca20ff3b1a,The Octagon Ocean Club,5.0,Asian,300000.0,Buleleng,"Jl. Raya Seririt - Gilimanuk West Bali National Park, West Bali National Park 81155 Indonesia"
0e7f7cac-bbf9-4386-a16f-9b1aff3526db,Tropical Bali Collection,4.5,Seafood,300000.0,Badung,"Bali Collection Block A-14 #2, Nusa Dua, Benoa 80361 Indonesia"
8a1ca497-bd57-409e-ae45-9b8acf8a9776,Shima Teppanyaki & Shabu Shabu,5.0,Japanese,300000.0,Badung,"Jl. Petitenget no. 5E, Seminyak 80361 Indonesia"
a31f136d-0a60-44d2-b2a1-98ebb5e652f0,Bread Basket Bakery - Sanur Bali,4.5,Cafe,100000.0,Denpasar,"Jl. Danau Tamblingan no. 51, Sanur, Denpasar Indonesia"
86442c48-4709-4670-a3b7-55a5d3039006,Rayjin Teppanyaki Dining Bar,4.5,Japanese,300000.0,Badung,"Jl.Petitenget 98X, Seminyak Indonesia"
7694dbbd-dae3-43e5-adb1-ca23628edfc1,Blou Cafe Canggu,5.0,American,300000.0,Badung,"Jl. Padang Linjong, Canggu 80361 Indonesia"
c4c0aa8b-86e7-43fa-937a-b2d4860981ff,The Grill Ubud,5.0,Bar,100000.0,Gianyar,"Jl. Tirta Tawar Banjar Kutuh, Ubud 80571 Indonesia"
9b6da8d8-e461-40d2-9154-2fb48b66cf85,Teras Ubud,5.0,Bar,300000.0,Gianyar,"Jl. Hanoman Pengosekan Plataran Ubud Hotel & Spa, Ubud 80571 Indonesia"
9e805f31-cefc-4091-ba17-74018167f67c,The Royal Kitchen Bali,4.5,Indian,300000.0,Badung,"Bali Collection, Blok A6 No. 3B- 4B, Nusa Dua, Benoa 80363 Indonesia"
2f2d6890-e66a-4b2a-aaf7-cbe0ab86165a,Bali Bohemia,4.5,Bar,300000.0,Gianyar,"Jl. Nyuh Bojog Nyuh Kuning - Ubud - Opposite Monkey Forest Gate 3, Ubud 80571 Indonesia"
2775fe42-84ea-43d4-82fa-36c919dd9cfe,Wacko Burger Cafe,4.5,Bar,300000.0,Badung,"Jl. Drupadi 18 Across the street from Harris Hotel Seminyak, Seminyak 80361 Indonesia"
e6fd7dbd-1785-48d9-88f4-9e1d5a733d73,Salazon Bali,4.5,Steakhouse,500000.0,Badung,"Jl. Kayu Aya No. 33 En Vie Lane, Seminyak 80361 Indonesia"
68c43f8a-5c91-4e37-a45e-4a0049a5b612,Warung Siam,4.5,Asian,100000.0,Gianyar,"No. 7 Jl. Gautama, Ubud 80571 Indonesia"
c11d660e-46b1-4cf6-bf3a-d98e34cd5d74,The Ratip Coffee Shop & food,5.0,Mexican,100000.0,Klungkung,"Jl. Ancak Sari, 80771 Indonesia"
a97af888-2d8f-4c31-b852-475880d9066b,Dasa by the Sea,4.5,Italian,100000.0,Karangasem,"Jl. Raya Candidasa Alam Candi Dive Resort, Candidasa, Karangasem 80871 Indonesia"
3bbe0720-c02c-4abc-9a2d-a7d907e3c945,Mudra,4.5,Japanese,300000.0,Gianyar,"Jl. Goutama Selatan no. 22 In the middle between Taksu and Soma, Ubud 80751 Indonesia"
0169c306-5c1d-41a4-9150-cab43ceb3ff4,Kwee Zeen,5.0,International,300000.0,Badung,"Lot N5, ITDC Tourism Complex Nusa Dua Sofitel Bali Nusa Dua Beach Resort, Nusa Dua, Benoa 80363 Indonesia"
bfe703dc-8679-4c45-a098-f673b165f609,Izakaya by Oku,5.0,Japanese,300000.0,Badung,"Jl. Raya Nusa Dua Selatan The Apurva Kempinski Bali, Nusa Dua, Benoa 80361 Indonesia"
a111daed-098f-4970-9c59-64b097da25eb,Ely's Kitchen Bali,5.0,Bar,300000.0,Badung,"Jl. Pengubengan Kelod, Kerobokan Kelod, Kuta Utara, Badung, Bali 80361, 80361 Indonesia"
3c3e10b7-6321-4557-9e7c-2d9bc58d3c74,Bora Bora restaurant,4.5,Seafood,300000.0,Buleleng,"Jalan Umeanyar 3 Desa Umeanyar, Seririt 81153 Indonesia"
ac02798c-222b-49ed-b128-5114f74abafc,Kojin Japanese Restaurant Ubud,5.0,Japanese,300000.0,Gianyar,"Jl. Raya Desa Kenderan No.88 A Aksari Resort, Ubud 80571 Indonesia"
62f2e7a7-1fc8-4a78-9e4e-b2567acd03c0,Mumbai Station Pure Vegetarian Indian Cafe,4.5,Indian,100000.0,Gianyar,"Jl. Sanggingan no. 90, Penestanan Kaja Opposite Indus Restaurant, next door to Indo Maret, Ubud Indonesia"
8f1ab427-4c84-4679-b1b1-f4ee3e935d99,Warung Murah,4.5,Indonesian,100000.0,Badung,"Jl. Arjuna / Doble Six, Seminyak 80361 Indonesia"
f54498ee-f05b-4a2d-a877-83fabe093315,Sateria Beachfront Restaurant,5.0,Italian,300000.0,Badung,"Jl. Raya Nusa Dua Selatan Kawasan Pariwisata ITDC Lot 1, Nusa Dua, Benoa 80363 Indonesia"
5aec60ab-edf8-4a4f-992d-bec56371b0fd,Kaum Bali,4.5,Indonesian,500000.0,Badung,"Jl. Petitenget No. 51B Kaum Restaurant at Desa Potato Head Bali, Seminyak 83061 Indonesia"
f56707ce-ef4d-4ee0-9968-12f920ae22dd,Warung Chef Bagus,4.5,Southwestern,300000.0,Badung,"Jalan Bakung Sari No. 43, Kuta 80361 Indonesia"
9660da72-c6e5-427f-9973-51558b90c663,Above Rooftop Lounge and Bar,5.0,Bar,300000.0,Badung,"Jl. Petitenget Gg. Cendrawasih no. 99, Seminyak 80361 Indonesia"
ff51d5b3-e0eb-4aa7-8cd5-7287636a3e6b,Motel Mexicola,4.0,Mexican,300000.0,Badung,"Jl Kayu Jati No 9 Petitenget, Seminyak 80361 Indonesia"
bd13edf2-03de-4c8a-9d24-f9eca846181b,Warung Bu Jeno,4.5,Seafood,100000.0,Karangasem,"Jl. Segara, Padangbai 80871 Indonesia"
eeb948e0-1192-4923-8845-7dfba2d341d1,Santorini Greek Restaurant Seminyak,4.5,Mediterranean,100000.0,Badung,"Jl. Arjuna No. 17, Legian, Kec. Kuta Kanu-atenolol Badung, Bali, Seminyak 80361 Indonesia"
089ad7a4-7318-44ab-b0c2-3581e6cb1117,Cucina,5.0,Italian,500000.0,Badung,"ITDC Tourism Complex Nusa Dua Lot N5, Nusa Dua, Benoa 80363 Indonesia"
ed1ae816-e675-4554-a991-5ed2e7ce05ad,Pasir Ubud,5.0,Italian,300000.0,Gianyar,"Jl Monkey Forest, Ubud 80571 Indonesia"
d4faae62-4fcb-4adf-859d-72c6e4ac244d,Black Lava Cafe,5.0,American,300000.0,Bangli,"Jalan Bukit Payang No.88, Kintamani, Kintamani 80652 Indonesia"
fff58b73-f7e8-4a0f-b44a-b819284d9653,Jala Restaurant,5.0,Chinese,300000.0,Klungkung,"Jl. Ancak Sari, No. 277 Ancak Lembongan Klungkung Bali, Indonesia, 80771 Indonesia"
a01dfc79-c564-4b45-9bb9-399d1631a7d1,Kendi Kuning Restaurant,4.5,Seafood,300000.0,Badung,"Jl. Drupadi no. 1001 Next Door to Circle K, Seminyak 80361 Indonesia"
ec9ac6f4-0704-40c4-b239-db7b8619e19e,Chandi,4.5,Asian,300000.0,Badung,"Jalan Kayu Aya No. 72, Seminyak 80361 Indonesia"
28347c28-4c83-4fc4-a264-4c07397970d4,No Mas,4.5,Bar,300000.0,Gianyar,"Jl. Monkey Forest, Ubud 80571 Indonesia"
7155cd78-c199-4105-81ce-1dfc91b1306b,Tetsushin,5.0,Japanese,300000.0,Denpasar,"Jl. Danau Tamblingan No.144, Sanur, Denpasar 80228 Indonesia"
09602453-4462-4823-8aa5-fe9b5f522885,Bo & Bun,4.5,Asian,300000.0,Badung,"Jl. Raya Basangkasa No. 26 Br. Basangkasa, Seminyak 80361 Indonesia"
09d9bcd9-4d5a-4026-a969-517655987e79,W gourmet restaurant with transfer,5.0,Bar,300000.0,Badung,"Jl Pantai Mengiat Nusa Dua Bali Nusa Dua area next to Bali refresh spa, Nusa Dua, Benoa 80363 Indonesia"
4077b646-f881-497d-b72c-52953653fca5,Soul in a Bowl,4.5,International,300000.0,Denpasar,"Jl. Danau Poso No.65d, Sanur, Denpasar 80228 Indonesia"
e6a1ca80-f994-49b9-ae3b-7f0234e86043,Wayan’s Warung,5.0,Grill,100000.0,Gianyar,"Jl. Raya Tebongkang No.8 Singakerta Kecamatan, Ubud 80571 Indonesia"
3f2d7857-ec56-4d3c-8638-77532da40623,Cliffhanger Restaurant Bali,5.0,Bar,300000.0,Tabanan,"Jl. Pantai Cliffhanger Yeh Gangga II Barat Bali, Tabanan 82115 Indonesia"
dddf6077-004c-407d-91ba-5a8a34bea325,Kilo Kitchen Bali,4.5,Latin,300000.0,Badung,"Jl. Drupadi No. 22, Seminyak 80361 Indonesia"
5f7760c5-a344-4785-bd65-d2bedb48d4db,Sands Restaurant,4.5,Italian,300000.0,Badung,"Jl. Kartika The Anvaya Bali, Kuta 80361 Indonesia"
b0bba33f-480b-4007-9127-e9d51b649b77,Ithaka Warung,4.5,Asian,100000.0,Badung,"Jl. Raya Batu Bolong, Canggu 82151 Indonesia"
4df0338a-e92f-4c51-8c5b-3248904a66e5,Warung Apple,4.5,Seafood,100000.0,Buleleng,"Jl. Mawar Lovina, Singaraja 81191 Indonesia"
1eb784b5-7e22-40b5-a7eb-3162980fafc5,Watercress Ubud,4.5,Cafe,300000.0,Gianyar,"Jl. Monkey Forest, Ubud 80571 Indonesia"
4e03d8d0-8586-40b2-b080-ae59ee332e54,TORO Sushi,4.5,Japanese,300000.0,Gianyar,"Jl. Goutama no. 3, Ubud 80571 Indonesia"
75c5894d-38fa-4110-bc76-11e238fc19ae,Lotus Asian Restaurant,5.0,Asian,300000.0,Badung,"Kawasan Wisata ITDC Lot. 1 Melia Bali, Nusa Dua, Benoa 80363 Indonesia"
b50bd281-31c5-47a5-9c74-c11b8a5da8bb,The PaD bar & grill on Legian St,4.5,Bar,100000.0,Badung,"162 Legian Street, Kuta 80361 Indonesia"
4d6e18bd-a2b3-497a-b563-698571965aa8,Manarai Beach House,5.0,Bar,300000.0,Badung,"Lot N5 ITDC Tourism Complex Beachfront at Sofitel Nusa Dua, Nusa Dua, Benoa 80363 Indonesia"
2bea8163-7959-4a56-81d4-4deaaa5da17a,Nusantara by Locavore,4.5,Asian,300000.0,Gianyar,"Jl. Dewisita No.09C, Ubud 80361 Indonesia"
5616d2be-88a7-4877-99e7-c1bf3554b680,Arwana Restaurant,4.5,Seafood,500000.0,Badung,"Kawasan Pariwisata Nusa Dua Lot N2 The Laguna Resort & Spa, Nusa Dua, Benoa 80363 Indonesia"
f9fc6738-d938-4d0c-99db-6b1ed8e7d06f,IBU SUSU Bar & Kitchen,5.0,Bar,300000.0,Gianyar,"Jl. Monkey Forest, Ubud 80571 Indonesia"
b6bfc350-fa67-4119-bf59-37fdc43f9a93,Mozzarella by The Sea,4.0,Indonesian,300000.0,Badung,"Jalan Padma Utara The Bandha Hotel & Suites, Legian 80361 Indonesia"
d3b8d553-a7ee-40c1-a51f-0f663cbbe71e,Santanera,5.0,Latin,500000.0,Badung,"Jl. Tanah Barak No.55-57, Canggu, Kec. Kuta Utara, Canggu Indonesia"
8f392795-4266-4aa1-9971-4fc6b7b695dc,Hard Rock Cafe,4.0,American,300000.0,Badung,"Jalan Pantai Kuta, Banjar Pande Mas, Kuta - Denpasar, Kuta 80361 Indonesia"
12b3dbdb-3217-4f36-b040-656f338a205d,To'ge,5.0,International,300000.0,Badung,"Jalan Karang Mas Sejahtera Jl. Karang Mas Sejahtera, Jimbaran 80364 Indonesia"
8499ca0e-14a1-4c4a-bb33-50e069e0a727,La Favela Bar Y Restaurant,4.0,Bar,300000.0,Badung,"Jl. Laksamana Oberoi 177X, Seminyak 80361 Indonesia"
e012a13e-14e9-4ca5-ac1f-605c765aefa0,Warung Citta Ovest,4.5,Italian,300000.0,Gianyar,"Jl. Dewisita Padangtegal, Ubud 50871 Indonesia"
c3c43806-18f2-4762-98c4-0e61392847e8,Warung Enak,4.5,Italian,100000.0,Karangasem,"Jalan Raya Amed, Karangasem 80852 Indonesia"
9d4fe6ad-ae2e-4587-97ab-05edc45f8c14,Warung Nasi Ayam Bu Oki,4.0,Asian,100000.0,Badung,"Jl. Siligita no. 27 near Hotel Santika Nusa Dua, Nusa Dua, Benoa Indonesia"
2c6597c1-d484-4daf-99e2-72dabf48c2e7,Sugriwa's Warung,5.0,Asian,100000.0,Gianyar,"Jl. Sugriwa's No. 7 Padang Tegal Kaja, Ubud 80571 Indonesia"
84be3f0a-f705-4ec0-9c0b-c6c965b4df5e,Wild Habit Pizza,5.0,Italian,100000.0,Badung,"Jl. Kunti 1 No.6, Seminyak 80361 Indonesia"
355cda34-4d47-44d2-9623-fa4f915ee41e,Belgin Seminyak Restaurant And Bar,5.0,Indonesian,300000.0,Badung,"Jalan Kayu Aya No. 52, Seminyak 80361 Indonesia"
de59a617-a432-4150-afbd-d0913902bce3,Genius Cafe,4.5,International,300000.0,Denpasar,"Jl. Kusuma Sari Mertasari Beach, Sanur, Denpasar 80228 Indonesia"
1acbb7b8-3ae8-444f-855a-5f0d2d20295d,Ganesha Ek Sanskriti Ubud - Traditional Indian Cuisine,4.0,Indian,300000.0,Gianyar,"Jl. Monkey Forest, Ubud 80571 Indonesia"
24375a53-d795-4a3b-a14a-0bc9bbe70067,Bejana,4.5,Indonesian,500000.0,Badung,"Jl. Raya Nusa Dua Selatan Lot #3 Sawangan The Ritz-carlton, Bali, Nusa Dua, Benoa 80361 Indonesia"
176a971f-fa79-47ee-acbe-b6d385d09ba5,Jack Fish,4.5,Seafood,100000.0,Denpasar,"Sanur beach front Turn Right When You Reach The Beach, Sanur, Denpasar Indonesia"
7ec287fb-0270-48e2-ab08-d00a575fc456,Cactus Nusa Penida,5.0,Bar,500000.0,Klungkung,"Jl. Raya Batumulapan, Batununggul 80771 Indonesia"
4765bd2a-0c65-4d48-8f47-85f01a6bf9a1,DUGONG at Suarga Padang Padang,4.5,Seafood,300000.0,Badung,"Jl. Pantai Labuan Sait, Pecatu 80361 Indonesia"
4f77b8c2-2c28-43d9-b6a0-02ce5671b966,Warung Ayu Food & Drink,4.5,Asian,100000.0,Buleleng,"Jalan Mawar, Anturan, Lovina Beach Indonesia"
24bae6e9-4f84-4aba-bc28-79436173d8f0,Warung Papa Pizza,4.5,Italian,100000.0,Denpasar,"Jl. Pungutan 1 no. 1a, Sanur, Denpasar Indonesia"
5f58d3d8-984f-40ea-a88a-1b9080ebc3d3,Italian Corner Bali,4.5,Italian,300000.0,Badung,"Jl. Nakula Gang Baik no. 23B, Seminyak 80361 Indonesia"
bbf697a6-980a-4e84-907f-d416814400d5,Taco Casa,4.5,Mexican,100000.0,Gianyar,"Jalan Pengosekan Pengosekan, Ubud 80571 Indonesia"
f8727bd7-1633-4034-b4a5-30b37fe03660,Mari Beach Club,4.0,Japanese,300000.0,Badung,"Jl. Batu Belig No.66, Kerobokan Kelod, Seminyak 80361 Indonesia"
10d478a2-918f-4376-9780-51effa0979a8,Ibu Rai Bar & Restaurant,4.5,Asian,300000.0,Gianyar,"Jalan Monkey Forest 72, Ubud 80571 Indonesia"
4ee8fe94-c6d8-47b2-b4ce-2780252ecf15,Bebek Tebasari Resto,4.5,Asian,300000.0,Gianyar,"Jl. Raya Kengetan Kabupaten Gianyar, Bali, Lodtunduh, Ubud 80571 Indonesia"
6d6cde84-1316-4405-8a30-d90eb257fd6d,Sundara,4.5,Grill,500000.0,Badung,"Jimbaran Bay Kuta Selatan, Jimbaran 80361 Indonesia"
903072c4-cb82-4e56-8f50-f27aa3fba3ff,Cupit BBQ,4.5,Barbecue,100000.0,Gianyar,"Jl. Penestanen Kelod, Sayan, Ubud 80571 Indonesia"
b47bf916-7b66-4f4f-91dd-3b00b09cf8a2,Warung Sanur Segar,4.5,Mexican,100000.0,Denpasar,"Jl. Pantai Sindhu no. 2a In Front Of The Sindu Market, Sanur, Denpasar 80288 Indonesia"
b70436b3-1c5d-4cf2-ae3f-4bb6903bf527,Zibiru,4.5,Italian,300000.0,Badung,"Jalan Drupadi 7, Seminyak 80361 Indonesia"
d97bcaf0-0b79-4124-b6b8-eeaa006d8b52,Kayumanis Resto Jimbaran,4.5,Indonesian,300000.0,Badung,"Jl. Yoga Perkanthi, Jimbaran 80364 Indonesia"
9bda3b08-5964-4704-9059-54fcda00fe7a,Warung Babi Guling Ibu Oka,3.5,Asian,300000.0,Gianyar,"Jl. Suweta, Ubud 80571 Indonesia"
29aac3fa-c10f-4e99-b310-7af6bc47ffd0,Coco Bistro Sanur,4.5,Pizza,300000.0,Denpasar,"Jl. Duyung Semawang, Sanur, Denpasar 80228 Indonesia"
b6424c4e-8f1f-467d-bca5-43f019fa9acd,Karang Restaurant,5.0,International,300000.0,Badung,"Jalan Karang Mas Sejahtera At Ayana Segara, Jimbaran 80361 Indonesia"
4e996fab-43c7-4195-942b-5842a6513d56,Al Diwan Bali,4.5,Lebanese,300000.0,Badung,"Jl. Petitenget no. 99X Jl. Petitenget No 99X, Kuta 80361 Indonesia"
ed81b3f2-e070-43ca-bb52-0d07efb6ee44,Kayunan Warung and Coffee,5.0,Cafe,100000.0,Gianyar,"Jl. Hanoman No.7, Ubud 80571 Indonesia"
c6e8b0dd-a695-4eae-a818-803aa4084485,Kayo Manis,4.5,European,300000.0,Denpasar,"Jln. Tandakan 6 Shindu, Sanur, Denpasar 80228 Indonesia"
4e92102a-9ed9-42f7-b148-2325a32fdf2b,Cockatoo International Bar & Restaurant,4.5,Asian,300000.0,Badung,"Jl. Pantai Mengiat No.7A, Kuta Selatan 80361 Indonesia"
1b7e2eb1-fe45-4d46-baeb-9ac3344506a1,Hujan Locale,4.5,Asian,300000.0,Gianyar,"Jl. Sri Wedari No.5, Ubud 80571 Indonesia"
6ddf39f4-40dc-4f3e-af04-3596b0de7183,Gourmet Sate House,4.5,Indonesian,100000.0,Badung,"Jl. Dewi Sri no. 101, Kuta 08361 Indonesia"
dc60d5d6-7e04-440b-800f-02811e51ab5c,Warung Babi Guling Pande Egi,4.5,Asian,100000.0,Gianyar,"Banjar Pande, Beng, Gianyar 80513 Indonesia"
a46305fe-7fdc-42ca-b3a1-0ab7ae3f5740,Taco Casa,4.5,Mexican,100000.0,Badung,"Jalan Petitenget, Seminyak 80361 Indonesia"
a24eaf74-0bb6-4a1c-be48-cab987187079,Pasar Senggol,4.5,Seafood,300000.0,Badung,"Grand Hyatt Bali, Kawasan Wisata Nusa Dua BTDC, Nusa Dua, Benoa 80363 Indonesia"
f892ffdd-980e-4b5d-8c54-c06f426b1c04,Azure Beach Club & Restaurant,5.0,Mediterranean,500000.0,Denpasar,"Kelan Beach, Jl. Segara Madu, Tuban, BALI, Kabupaten Badung, Bali 65v8+rp, Denpasar 80361 Indonesia"
b6cce48b-303b-4404-b18c-8aab77402615,Galanga,4.5,Asian,300000.0,Karangasem,"Jl. Raya Amed, Karangasem 80853 Indonesia"
11719306-ffd4-4ca9-969a-2471844438bb,Wanaku Seafood & Chinese Restaurant,4.5,Chinese,300000.0,Badung,"Jl. Kediri No.45A, Tuban, Kuta 80361 Indonesia"
b4c534da-7744-49c7-9edb-d2f25028ee08,The Bare Bottle Sanur,5.0,Cafe,100000.0,Denpasar,"Jl. Cemara, Sanur, Denpasar 80228 Indonesia"
2e0f6f39-f076-43ae-8d9d-52085996d642,Fat Tony's,5.0,American,100000.0,Badung,"Jl. Sriwijaya no. 28, Kuta 80361 Indonesia"
23c75a93-4968-473c-b384-9f07382ba132,Olive Mediterranean Cuisine,4.5,Lebanese,100000.0,Gianyar,"Jl. Tirta Tawar No.31 at the corner of Jl. Monkey Forest and Jl. Bisma, Petulu, Ubud 80571 Indonesia"
a61952dd-0b17-4490-ba9f-e6e389f13d5d,Coco Penida Bar & Restaurant,4.5,Bar,100000.0,Klungkung,"Jl. Ped - Buyuk, Ped 80771 Indonesia"
17ef26d0-2c0a-440f-a684-cc3abac8d6f2,La Brasserie,5.0,French,300000.0,Badung,"Jl. Bukit Permai No.8,, Jimbaran 80361 Indonesia"
6a7584cf-978d-4f20-88e0-58009d03e039,Sala Bistro,4.5,Cafe,300000.0,Denpasar,"Jl. Danau Tamblingan No. 180 Intersection of Hyatt Regency & Pantai Duyung, Sanur, Denpasar 80222 Indonesia"
e3e88816-6ca1-4377-ac47-fa2cc22cc9f8,Kayuputi Restaurant,4.5,Seafood,500000.0,Badung,"Lot S6 The St. Regis Bali Resort, Nusa Dua, Benoa 80363 Indonesia"
382851ac-9467-47ed-82fd-2214304ff83d,Warung Babi Guling Pak Malen,4.0,Asian,100000.0,Badung,"Jl. Sunset Road no. 554 Depan Kuta Point, Seminyak 80361 Indonesia"
df0bc3c2-83b9-4364-8e3f-e8962701abae,Pizzaria,4.5,Italian,300000.0,Denpasar,"Jl. Danau Tamblingan No.89 Hyatt Regency Bali, Sanur, Denpasar 80228 Indonesia"
6e2733ce-8c67-4968-9fee-609541944adb,The Lokal 80361,4.5,Bar,300000.0,Badung,"Jl. Sahadewa no. 13D, Legian 80361 Indonesia"
452d64ca-636d-4132-9687-4567d2a95094,La Terrazza Uluwatu,4.5,Italian,100000.0,Badung,"Jalan Pantai Suluban, Pantai Suluban Downstairs To Single Fin, Pecatu 80361 Indonesia"
601bf978-3779-4a8f-910e-eeaa424d1b5d,Gooseberry,5.0,French,300000.0,Badung,"Gang Pirta, Pecatu 80361 Indonesia"
01da1083-2fea-402d-9f2f-ddacbcd36c38,Matahari Tulamben Restaurant,4.0,International,300000.0,Karangasem,"Jl. Kubu-Abang, Tulamben Indonesia"
ae8138dc-5124-4287-9b39-c46b1e354e4c,"Ohana Restaurant, Bar & Kidsparadise",5.0,International,300000.0,Badung,"Jl Raya Uluwatu 8, Ungasan 80361 Indonesia"
b910ec78-20d5-4675-a575-0fbb7bf9693c,Milk & Madu Berawa,4.5,Pizza,300000.0,Badung,"Jl. Pantai Berawa No 52, Tibubeneng 80361 Indonesia"
15a36fcd-cb6b-405a-a255-09cfddc918ec,Tavern De Bali Sport Bar and Restaurant Nusa dua,4.5,Mexican,100000.0,Badung,"Jl. Nusa Dua no. 60 Main Gate ITDC, Nusa Dua, Benoa 80361 Indonesia"
3079a300-6b73-4b05-ac0b-b6d580e12665,Balique Restaurant,4.5,Mediterranean,300000.0,Badung,"Jl. Uluwatu no. 39 (almost in front of Intercontinental Hotel), Jimbaran 80361 Indonesia"
5f889ff3-e390-41d0-a2c2-543d9ff84833,Warung Kampungku Bali,5.0,Chinese,100000.0,Badung,"Jalan Siligita No. 88, Nusa Dua, Benoa 80361 Indonesia"
027d4aa0-0d3c-4e00-ac8a-c4560adb0287,Ulam Restaurant,3.5,Seafood,300000.0,Badung,"Jl. Pantai Mengiat No.14, Nusa Dua, Benoa 80363 Indonesia"
221f1e7d-3cca-4193-b492-d7f254758203,Merlin's Magic Ubud,4.0,Italian,500000.0,Gianyar,"Jl. Raya Pengosekan Ubud No. 108, Ubud, Kecamatan, Ubud 80571 Indonesia"
8430b782-b1ba-48d9-928e-469c39aafaaa,Lidah Lokal,5.0,Asian,300000.0,Denpasar,"Jl. Kusuma Sari No 1, Sanur, Denpasar 80227 Indonesia"
9cfa3ace-22b4-4a29-b667-bfdfa6e57cfc,Skai Bar & Grill,5.0,Mediterranean,300000.0,Badung,"Jl. Padma No. 1 Legian - Bali 80361 Indonesia, Legian 80361 Indonesia"
81c39275-4964-4f8e-8936-1726aa068e52,"AKUA de Bilbao, Spanish Tapas Restaurant",4.5,Seafood,300000.0,Badung,"Jl. Pemelisan Agung No.27 Jimbaran Beach, Jimbaran 80361 Indonesia"
da364238-038e-48ce-ab89-2009354c76bf,Amici Bali,5.0,Italian,500000.0,Badung,"Jl. Petitenget No.19x,, Kerobokan Kelod 80361 Indonesia"
eda87c60-b743-4f0e-8f67-6ccc49aa41da,Lilla Warung,4.5,European,100000.0,Denpasar,"Jalan Bumi Ayu 6, Sanur, Denpasar 80228 Indonesia"
b83ca638-676e-4df8-bdf8-7bc53e1ed02a,Warung Coconut Tree,4.5,Bar,100000.0,Denpasar,"Jln. Danau Tamblingan no. 68, Sanur, Denpasar 80228 Indonesia"
e85306e1-5d5d-414a-91b9-b1e46df2701d,Umah Pizza,4.0,Italian,100000.0,Gianyar,"Jl. Bisma-Ubud-bali, Ubud 80571 Indonesia"
1a93c1a8-2a59-4b78-9b94-43778675c8b4,Terrasse du Lac Tamblingan Sari,4.5,International,300000.0,Buleleng,"Tamblingan Lake Road Tamblingan, Munduk, singaraja , Bali, Munduk, Banjar 81152 Indonesia"
fc58aee3-033b-4312-9e9c-776118d108fd,The Fire Station,4.5,Grill,300000.0,Denpasar,"Jl.Danau Poso 108, Sanur, Denpasar 80227 Indonesia"
b8692dfd-e875-4460-8c8f-b3e0de2e6ad0,Namaskar Thali in Bali,5.0,Indian,300000.0,Badung,"Jl. Kunti 1 No.7A Bali, Seminyak 80361 Indonesia"
e7263a21-b39a-4b2d-a091-ce43babd70a5,Mai-Mai Restaurant Seminyak,4.5,Southwestern,100000.0,Badung,"Jl. Kayu Aya no. 156B Jl. Kayu Aya,pertokoan Kayu Aya Square No.15, Seminyak 80361 Indonesia"
14d8408c-cf97-4611-a4da-a4c546e18649,Byrd House Bali,4.0,Bar,300000.0,Denpasar,"Jl. Segara Ayu, Sanur, Denpasar 80228 Indonesia"
5a8322fc-7caf-44db-a75b-5ea3958fab30,Raja Bali Restaurant Nusadua,5.0,Asian,300000.0,Badung,"Jl. Nusa Dua Before Nusa Dua Main Gate, in the left side, Nusa Dua, Benoa 80361 Indonesia"
33a38bc9-4375-40cb-b5ca-9a3f27dbbd40,Lemongrass Thai,4.0,Asian,300000.0,Badung,"Jl. Melasti, Legian 80361 Indonesia"
a6bde888-431c-48df-a02a-07f02ee08f27,Juggan Sky,5.0,Bar,300000.0,Gianyar,"Jalan Katik Lantang, Singakerta, Ubud 80571 Indonesia"
c3ce6a05-b040-4460-b83f-91b3fe1449a7,ENVY Bali,4.5,International,300000.0,Badung,"Jl. Wana Segara no. 33 Holiday Inn Resort Baruna Bali, Kuta 80361 Indonesia"
becb5f55-85f5-4aac-b440-a7897a5e5ee9,Crystal Blue Ocean Grill,5.0,Seafood,500000.0,Badung,"Jl. Pura Barong-Barong Samabe Bali Suites & Villas, Nusa Dua, Benoa 80363 Indonesia"
2ca07749-45e2-44df-b7d3-ccd8288fc7ed,Warung Tradisi Ubud,5.0,Asian,100000.0,Gianyar,"Jl.goutama.no.20 Ubud Br.padangtegal Kaja, Ubud 80571 Indonesia"
c66bd170-fe84-4ae5-94d3-a82966d63396,Mrs Sippy Bali,4.0,Bar,300000.0,Badung,"Jl. Taman Ganesha Gang Gagak 8, Seminyak 80365 Indonesia"
6f46989f-6abb-4563-b3f3-4a0c4d560f61,Zanzibar Restaurant,4.0,Italian,300000.0,Badung,"Jl. Double Six, Legian 80361 Indonesia"
3303dd7e-ff69-4c30-bbcb-81beddac16e6,Kebafel Restaurant,5.0,Fast Food,100000.0,Gianyar,"Jl. Goutama Selatan, Ubud 80571 Indonesia"
865b434a-c3eb-4fa0-9429-b18ba3c34ee3,Seasalt,4.5,Seafood,300000.0,Karangasem,"Jl. Raya Buitan Alila Manggis, Manggis 80871 Indonesia"
f8bc57ae-919a-48a8-8fdf-79267c0cce0e,Livingstone Holyground,5.0,American,300000.0,Gianyar,"Jl. Raya Andong No.88x, Peliatan, Kecamatan Ubud 88x, Gianyar 80571 Indonesia"
e9995926-c4d3-4a39-9258-86ebf22f0c4e,Warung Kecil,4.5,Asian,100000.0,Denpasar,"Jl. Duyung no. 1, Sanur, Denpasar 80228 Indonesia"
439014ee-f3fb-4a38-aa79-aaee47d5c67c,Soul Bites,5.0,Mexican,300000.0,Gianyar,"Jl. Raya Pengosekan, Ubud 80571 Indonesia"
39d2a9c3-51a4-44af-a8e0-1b1750bd3504,Glaze Bali,4.5,European,300000.0,Badung,"JL Pratama, Tanjung Benoa 97, Tanjung Benoa 80363 Indonesia"
a31995f1-95f3-4023-a0ca-bfdb5744bc5c,St-Jacques,5.0,Seafood,500000.0,Badung,"Jl. Umalas 1 no. 7, Kerobokan Kelod 80361 Indonesia"
ef9cef1a-a97f-45c2-a989-5b2cc660721c,Hongalia Ubud,4.5,Chinese,100000.0,Gianyar,"Jl. Jatayu Jalan Raya Mas, Ubud 80571 Indonesia"
0e9e67a4-b0f5-427a-8a81-742f1155c709,Biji World,4.5,Japanese,100000.0,Gianyar,"Jl. Raya Mas, Mas, Ubud 80571 Indonesia"
4b3f3607-cb93-4a55-a96f-a72c55c39297,Dining Corner Restaurant,5.0,Southwestern,500000.0,Gianyar,"Jl. Raya Sayan, Ubud Kayumanis Ubud Private Villa & Spa, Ubud 80571 Indonesia"
57338007-e50e-4139-b183-0d6bae8e0e86,COMO Beach Club,4.5,International,300000.0,Badung,"Jl. Pantai Batu Mejan, Canggu 80361 Indonesia"
5ac79fa6-dc47-40b2-bf16-e1ccaa4a97d9,Mr. Bob Bar and Grill Nusa Dua,4.5,Italian,300000.0,Badung,"Jl. Pratama No.808 Before Nusa Dua Main Gate, in the left side, no 555, Nusa Dua, Benoa 80363 Indonesia"
a1d2d4c1-2ad1-416d-a9f0-a889dda16392,Warung Babi Guling Ibu Oka 3,3.5,Asian,300000.0,Gianyar,"Jl. Tegal Sari no. 2, Ubud 80571 Indonesia"
4d25852d-4b55-423c-b502-5f801a098508,Dolce Vita Bali,5.0,Italian,300000.0,Badung,"Jl. Kartika Plaza n.8, Kuta 80361 Indonesia"
70e22e37-dbde-442a-a223-453bcd98b9cf,CasCades Restaurant,4.5,International,500000.0,Gianyar,"Jln. Lanyahan, Br. Nagi, Ubud 80571 Indonesia"
ab99b0b5-a67f-460b-8ef8-3ce7edbb5a43,The Kelusa at Samsara Ubud,5.0,International,300000.0,Gianyar,"Banjar Ayah, Kelusa, Payangan 80572 Indonesia"
4920e1ff-eb86-4839-84b4-277da85d21c5,Capri Bali,4.5,Italian,300000.0,Badung,"Jalan Camplung Tanduk N3, Seminyak Indonesia"
4e157d84-3ae6-44a7-9035-30da0a7dda3f,Rosalita's Cantina Bali,5.0,Mexican,300000.0,Badung,"Jl. Kayu Aya No.100, Kabupaten Badung Seminyak Square Kompleks Units 1c & 2c, Seminyak 80361 Indonesia"
de5498e8-82b2-436b-aa11-56502686ac9c,Nusa By Suka - Nusa Dua,4.5,Bar,300000.0,Badung,"Jl. Kw. Nusa Dua Resort, Nusa Dua, Benoa 80361 Indonesia"
8b70a19e-0e41-4c44-abdc-8dfcbedb13b0,Warung Dolphin,4.5,Seafood,100000.0,Buleleng,"Jl. Laviana near Hotel suma End of the road, directly in front of the beach, Anturan, Lovina Beach 81151 Indonesia"
19cfd365-89db-45b5-b53d-c20da0266fc2,Moksa Ubud Plant-based Cuisine & Permaculture Garden,4.5,Asian,300000.0,Gianyar,"Puskesmas Ubud II, Gg. Damai, Ubud 80571 Indonesia"
e5eedd81-a6f9-4abb-9f1c-8601968cf40b,Spice Mantraa Seminyak,4.5,Indian,500000.0,Badung,"Jl. Petitenget no.2000 X Seminyak, Kerobokan Kelod 80361 Indonesia"
2c997e85-a312-460a-a6a4-c5fa868684d2,The Flamingo Bali Beach Club,4.5,Bar,300000.0,Gianyar,"Jl. Pantai Saba, Saba, Blahbatuh 80581 Indonesia"
f9cbef83-2d64-483f-8972-5f3aa12d3824,Roosterfish Beach Club,5.0,Bar,300000.0,Badung,"Jl. Pantai Pandawa Kutuh, Kuta Selatan, Kutuh 80361 Indonesia"
c0450bc0-fb59-43b5-81bf-daffec4d548c,Laka Leke Restaurant,4.5,Asian,300000.0,Gianyar,"Nyuh Kuning, Ubud 80571 Indonesia"
acf97408-824f-460f-b1b4-9b97cfda3cab,The Public Gourmet,5.0,Cafe,100000.0,Badung,"Jl. Dharmawangsa No. 19A Kampial, Nusa Dua, Benoa 80361 Indonesia"
9589811e-ca1a-44f5-b34c-0fc05a6b7ab6,Green Melon Warung,5.0,Asian,100000.0,Karangasem,"Jl. Raya Amed, Bunutan, Karangasem 80852 Indonesia"
575a321f-bfb7-49fe-a3ea-dfbb6126b4ff,Sinssihwaro Korean BBQ,4.5,Korean,300000.0,Gianyar,"Jl. Goutama Selatan No.2, Ubud 80571 Indonesia"
f39ef41e-a6de-4733-9471-e0cfde59252e,WAHAHA Jimbaran,4.0,Barbecue,300000.0,Badung,"Jl. Wanagiri Samasta Lifestyle Village, Jimbaran Indonesia"
89eca1f3-81d3-47f1-b4b5-84a99895cdc5,Shotgun Social Bali,4.5,Bar,300000.0,Denpasar,"Jl. Pantai Sindhu No.11, Sanur, Denpasar 80228 Indonesia"
2d097667-df2a-4283-92fd-289ee2138952,Nude Canggu,4.5,Cafe,300000.0,Badung,"Jl. Pantai Berawa No. 33, Tibubeneng 80361 Indonesia"
c41a5f56-d48d-49f8-8147-4139c7c94fb5,Mumbai Kitchen,5.0,Bar,300000.0,Badung,"Jalan Pantai Berawa Finns Beach Club, Canggu 80361 Indonesia"
560345cb-3fb5-4d04-9993-e0cf1176bcd0,Bonito Fish Bar,5.0,Seafood,300000.0,Badung,"Jl. Bumbak Dauh No 5, Kerobokan Kelod 80361 Indonesia"
f2a2071b-c665-40e5-bca0-c35e614a9ffb,Lynked Restaurant Ubud,5.0,International,300000.0,Gianyar,"Jalan Raya Ubud, Ubud 80571 Indonesia"
18efb8f1-795b-4729-b027-9678a13b8021,Santorini Greek Restaurant Kuta,4.5,Mediterranean,100000.0,Badung,"Jl. Poppies 1 Gg. Sorga, Kuta 80361 Indonesia"
b3467ca0-1dfa-460c-944c-744aea9e7386,Edogin,4.5,Japanese,500000.0,Badung,"Jl. Raya Nusa Dua Selatan, Kawasan Sawangan The Mulia Resort, Nusa Dua, Benoa 80361 Indonesia"
0a19edd3-333c-4194-ab1f-3f047d21741e,Younghee Bali,5.0,Asian,500000.0,Badung,"Jl. Lebak Sari No. 77, Petitenget, Kuta Utara., Kerobokan Kelod 80361 Indonesia"
0722b568-a3e6-4554-baa0-df512d74981d,Uno Italian & Seafood Restaurant,4.0,Italian,300000.0,Badung,"Bali Collection Kawasan Pariwisata, Komplek BTDC, Nusa Dua, Benoa 80363 Indonesia"
255b4539-83e7-49ea-85be-5e0337329f19,Gala More,5.0,Asian,100000.0,Badung,"Jl. Kartika Plaza Gg. Samudra, Kuta Indonesia"
26911e34-2130-45df-8430-02915f73dd85,Ubud Natural,5.0,American,100000.0,Gianyar,"Jl. Sri Wedari No.8 Tegallantang, Ubud 80571 Indonesia"
dea012ff-0e5e-47fc-87a9-c37cdb34ecef,Copenhagen Canggu,4.5,Cafe,100000.0,Badung,"Jl. Canggu Padang Linjong No.71a, Canggu 80361 Indonesia"
3973a685-db9e-4138-a822-9b6418293e34,Blue Terrace Restaurant,4.5,International,300000.0,Badung,"Jl. Labuansait, Pecatu 80364 Indonesia"
92847fbe-526a-4db1-8723-12338a7b4f9f,Standing Stones Beach Restaurant,4.5,International,300000.0,Gianyar,"Jl. Pantai Purnama The Royal Purnama Villas, Gianyar 80582 Indonesia"
594649cf-c1e8-42d1-a02f-7c68bcf10900,Tipsy Pigs,5.0,Bar,100000.0,Tabanan,"Jl. Pantai Kedungu No. 7, Belalang, Kediri 82121 Indonesia"
7127bd4b-0683-4f85-9c08-ca758d069d8f,Bamboo Bar & Grill,4.5,Bar,300000.0,Badung,"Jl.Kartika Plaza Next to Waterbohm opposite discovery mall, Kuta 80361 Indonesia"
998b6f09-3dcc-403f-9a39-9c8b742e0a83,White Orchid,4.5,Cafe,300000.0,Denpasar,"Jl. Danau Tamblingan no. 85, Sanur, Denpasar Indonesia"
74726c85-c1e6-41b5-a844-f9aa0c25f23d,"Banyubiru Restaurant at The Laguna, Bali",4.5,International,300000.0,Badung,"The Laguna, a Luxury Collection Resort & Spa, Nusa Dua, Bali Kawasan Pariwisata Nusa Dua Lot N2, Nusa Dua, Benoa 80363 Indonesia"
7956bd74-fd70-42e2-adf6-063ffe27c71b,Sun de Bisma,5.0,Seafood,300000.0,Gianyar,"Jl. Bisma No.30, Ubud 80571 Indonesia"
8f493c99-ec1d-41e0-93d2-aa5dc0a40a90,Yogi's Paradise and Grill,4.5,Seafood,300000.0,Badung,"Jl. Bunut Sari No.3 Kuta, Legian 80361 Indonesia"
24e47b79-6d5c-4da9-b42b-91371defb0fc,Sushimi Seminyak Bali,4.5,Japanese,300000.0,Badung,"Jl. Camplung Tanduk No. 4X, Seminyak 80361 Indonesia"
8265d054-0e28-4595-87c5-3abad92721d6,Bamboo Kitchen Ubud,5.0,Asian,100000.0,Gianyar,"Br Bangkiang Sidem, Ubud 80561 Indonesia"
3b0bf088-3fde-44b3-b542-c9f071df212f,WOODS,5.0,Healthy,300000.0,Badung,"Jalan Munduk Tengah No.8, Pererenan, Canggu 80351 Indonesia"
586f3e77-78ae-42a5-b9e9-011aa18d2bdd,Bella Italia Sanur,4.5,Italian,300000.0,Denpasar,"Jl. Cemara no. 72, Sanur, Denpasar 80221 Indonesia"
69811d0a-b01b-4a57-bcfd-2f099de995c3,Atlas Kitchen,5.0,Chinese,100000.0,Badung,"Jl. Petitenget Gang Kecapi no. 7, Seminyak 80361 Indonesia"
4d6fb81d-0145-4128-af17-17d7f1e66d08,"Shichirin Canggu, Japanese Teppanyaki Berawa by Wonderspace",5.0,Japanese,300000.0,Badung,"Jl. Pemelisan Agung Pantai Berawa No.88 Kuta Utara, Tibubeneng, Kec. Kuta Utara, Kabupaten Badung, Bali, Canggu 80361 Indonesia"
30159766-da99-4cce-8bd3-f8312f8c2b96,Indus Restaurant,4.0,Contemporary,300000.0,Gianyar,"Jl. Raya Sanggingan No.88X, Ubud 80571 Indonesia"
cf2be309-fe64-4626-b549-16ee69d38623,Clover Cafe Ubud,5.0,Bar,300000.0,Gianyar,"Jl. Penestanan, Sayan, Kecamatan Ubud, Kabupaten Jl. Penestanan, Sayan, Kecamatan Ubud, Kabupaten Gianyar, Bali, Ubud 80571 Indonesia"
89b63070-9796-46ce-8752-033d7ce2c755,Chops & Hops,4.5,Steakhouse,100000.0,Karangasem,"Jl. Raya Kubu Amplapura Ocean Sun Dive Resort Tulamben, Tulamben 80853 Indonesia"
fbe52506-7604-412e-8864-232633fb06d7,Kemukus Restaurant,5.0,Bar,500000.0,Gianyar,"Jalan Cinta, Ubud 80561 Indonesia"
1ef37d31-4fb5-485d-a48e-7e0f79d7e0cc,Nana's Pool & Bar Sidemen,5.0,Bar,100000.0,Karangasem,"Jl. Sidemen Jumpungan No.Mor 2, Sidemen, Karangasem 80864 Indonesia"
9b0fef61-c69c-4607-9955-1b300a5bf62d,Ubud Humanity Dinner Show At Lemuria - The Lost City,4.5,Bar,300000.0,Gianyar,"Jalan Carmazzi Next To Avalon Castle Ubud, Ubud Indonesia"
8d21f2cc-5d1d-4cee-a277-59d58c2315b2,La Vecchia Tana by Italycafe,5.0,Italian,300000.0,Badung,"Jl. Batu Belig no. 88, Kerobokan 80361 Indonesia"
722d799f-dfff-4d6c-8b38-0f29ca68b7da,Costa By Monsta,4.5,Italian,300000.0,Denpasar,"Jl. Cemara No.3, Sanur, Denpasar 80227 Indonesia"
696aa99b-de97-4d53-967f-505a330313cd,The Bistrot,4.5,French,300000.0,Badung,"Jl. Kayu Aya no. 117 (In Front of Red Carpet), 80361 Indonesia"
60af4021-8f45-41e2-a2c7-203fb5c26a42,Royal Orchid Resto,5.0,Italian,300000.0,Badung,"Jl. Pratama Royal Orchid Spa, Tanjung Benoa 80362 Indonesia"
dcb15f8e-2eed-45e9-b614-69add06c0405,Dulang at The St. Regis Bali Resort,5.0,Asian,500000.0,Badung,"Lot S6, Nusa Dua, Benoa 80363 Indonesia"
6b178c80-3ef9-4166-9efe-439034202522,Big Fish Grill,5.0,Bar,300000.0,Badung,"Jalan Raya Pantai Kuta,, Legian 80361 Indonesia"
e8169020-a22c-4a94-ab30-978c2ea57d84,Rice Terrace Cafe,3.5,Cafe,300000.0,Gianyar,"Ceking Tegallalang, Ubud Indonesia"
85995899-12d6-4b93-97a9-134467474471,OPIA Dining Destination,5.0,International,300000.0,Badung,"Bukit Permai No. 2, Jimbaran 80363 Indonesia"
975573e1-e2a9-4c35-8f84-6aeebf0063db,Little Singapore By Chef Bernard,5.0,Seafood,300000.0,Badung,"Jl. Umalas 1, Gang XXV Block A No 8B Kerobokan Kelod, Kec. Kuta, Kabupaten Badung,, Kerobokan Kelod 80361 Indonesia"
1aa1319b-681b-4679-97d6-7fd324959b1f,Frankensteins Laboratory,4.5,Bar,300000.0,Badung,"Jl. Dhyana Pura no. 6, Seminyak 80361 Indonesia"
001e8421-62dd-47bd-82dd-45327a9f18d3,Paoman Restaurant,5.0,Bar,300000.0,Gianyar,"Jl. Raya Bresela, Gianyar Inara Alas Harum, Taro, Gianyar 80572 Indonesia"
9a1b48b5-8c86-43fc-9258-357495d4fc0d,Batujimbar Cafe,4.0,Cafe,300000.0,Denpasar,"Jalan Danau Tamblingan 75A, Sanur, Denpasar 80228 Indonesia"
6dd29fbe-72c8-4245-834f-1b425f163eca,The Barn,5.0,Bar,300000.0,Badung,"8 Jalan Lingkar Nelayan, Canggu 80361 Indonesia"
91e62f92-fd5f-4901-9557-1d35f69854b3,Gloriam Grills & Glamour (Gloriam Restaurant),5.0,Italian,300000.0,Badung,"Jalan Lebak Sari No. 25B Petitenget, Badung, Seminyak 80361 Indonesia"
40294f89-5a94-4258-a64b-984b64110535,Warung Old Brick,4.5,International,100000.0,Denpasar,"Gang Penjor Agung No.2, Sanur, Denpasar 80228 Indonesia"
184031d0-16c8-44aa-8de7-131f35911167,Bacaro Pizza,5.0,Italian,300000.0,Badung,"Jl. Pantai Berawa No. 77, Canggu 80361 Indonesia"
d6839dae-7e08-47fb-9036-9dccd1af382d,Tabu,4.0,Mexican,300000.0,Badung,"Jl. Labuansait No.10, Pecatu 80361 Indonesia"
a37b0b42-6c48-4dca-9426-b121fc6f1c14,Warung Nasi Ayam Bu Oki,4.0,Asian,100000.0,Badung,"Jl. Uluwatu II, Jl. Celagi Basur No. 3y, Jimbaran 80363 Indonesia"
365dff50-aacc-4763-b1d5-796b58381175,Casablanca Dine Drink Dance,4.5,Bar,300000.0,Denpasar,"Jl. Danau Tamblingan 120, Sanur, Denpasar 80223 Indonesia"
9495b8d8-cb15-4f23-9097-c1446a88f0b4,Ayung Terrace,4.5,Asian,500000.0,Gianyar,"Jl. Raya Sayan Four Seasons Resort Bali at Sayan, Sayan, Ubud 80571 Indonesia"
376f4b40-4747-4fb5-968d-69e1286dac4d,Pallas Greek Taverna Seminyak,4.5,Mediterranean,300000.0,Badung,"Jl. Camplung Tanduk No. 66, Seminyak, Bali 80361 Next to Blu-Zea Resort by Double-Six, Seminyak Indonesia"
399a1f96-d86d-47e9-9826-9683c1311fc8,Batu Karu Kopi,5.0,Cafe,300000.0,Tabanan,"Jl. Batu Luwih Kawan, Jatiluwih 82152 Indonesia"
06eacd8f-bf4f-4f18-850a-c6e39b40196e,The Luhron,4.5,Asian,100000.0,Badung,"Jl. Cendrawasih no. 17 Kerobokan, Seminyak 80361 Indonesia"
1aa20106-38a8-4737-aa82-06651c38c781,Rama Garden Restaurant & Sports Bar,4.0,Bar,300000.0,Badung,"Jl. Padma Legian Rama Garden Hotel, Legian 80361 Indonesia"
5ca8983d-8301-4bdc-b6a8-e4a7d6d6f20b,Yuki Canggu,4.5,Japanese,300000.0,Badung,"84RH+RM2, Canggu, Kuta Utara, Bali, Canggu 80361 Indonesia"
34c6bc77-5e75-4400-a88a-987d0a84409f,Three Steps Social Space,5.0,Cafe,100000.0,Badung,"Jl. Raya Uluwatu Pecatu No.500, Pecatu 80361 Indonesia"
4a233b1d-b8e5-46f0-b04e-17601dcba066,The Butchers Club Steakhouse Bali,4.0,American,300000.0,Badung,"Jl. Cendrawasih, Petitenget Kerobokan, Seminyak 80361 Indonesia"
98c6dc83-f079-4609-95d1-7be5e58c1c2f,Botanist Restaurant Ubud,5.0,American,300000.0,Gianyar,"Jalan Kelabang Moding, Banjar Bentuyung, Ubud 80571 Indonesia"
0af036d0-209c-4cc0-afcc-456e67da922c,Organic Ocean Restaurant,5.0,Seafood,300000.0,Badung,"Jl. Pura Kramat Udara Bali Yoga Resort, Seseh 80251 Indonesia"
a2855a81-4273-4c4a-b1e6-52f15b2e77f6,Chora Mediterranean Restaurant & Bar,4.5,International,300000.0,Gianyar,"Jl. Bisma 70, Ubud 80571 Indonesia"
0201c6e7-7c25-48bc-bc0a-4bbbb8ad39c4,Lucid Cafe Bali,5.0,Cafe,300000.0,Badung,"Jalan Raya Kampus Unud, Jimbaran 80361 Indonesia"
5ef0ed87-161f-4a2b-869d-e332367153c6,Java Hut - Speciality Coffee & Lounge,5.0,Bar,100000.0,Badung,"Jl. Pantai Mengiat Ayodya Resort Bali, Nusa Dua, Benoa 80363 Indonesia"
424285fe-b8e0-40c6-afce-aff1b2c40f39,Suka Espresso,5.0,Cafe,100000.0,Gianyar,"Jl. Raya Pengosekan Ubud No.108, Ubud 80571 Indonesia"
c9b8d883-b4fa-40a1-b061-c04898580f1c,Copper Kitchen & Bar,4.5,Steakhouse,300000.0,Gianyar,"Jl. Bisma No.68 Ubud, Ubud 80571 Indonesia"
98c9e7bf-1058-4c69-b4ba-7b9a15aa913c,Seafood House,4.0,Chinese,300000.0,Badung,"Jl. Kartika Plaza Complex Kuta Sidewalk, Kuta 80361 Indonesia"
1dcab794-ec32-4683-b6ff-60bf3532aaa6,Restaurant Mai-Mai,4.0,Chinese,300000.0,Badung,"Bali Collection Block B 13, Nusa Dua, Benoa 80363 Indonesia"
4d61c0a5-d5b9-4772-bd8b-76939f04b3f0,Warung Babi Guling Sari Dewi,4.0,Asian,100000.0,Badung,"Jl. Srikandi no. 9, Nusa Dua, Benoa Indonesia"
5e501bbd-3a9f-4242-8e0e-1469a3b7acdd,Pizzeria Italia Ungasan,4.5,Italian,100000.0,Badung,"Jl. Uluwatu no. 200, Ungasan 80361 Indonesia"
6987978a-19d8-42ac-bc43-a0efcd5b92fd,Warung Makan Wayan,5.0,Asian,100000.0,Tabanan,"Jl. Cemara Candikuning, Baturiti, Tabanan 82191 Indonesia"
0dd6b8f2-364e-4577-b122-bc1f39b1479d,Cafe La Pasion,4.5,Mexican,300000.0,Badung,"Jl. Pantai Balangan Direction to Balangan beach - it is after Pondok Anyar Balangan homestay, Pecatu 80363 Indonesia"
40a881f7-0001-47fa-a4e9-b26d568044d0,Brie Restaurant & Cheesery,5.0,Bar,300000.0,Gianyar,"Jl. Penestanan Kelod, Sayan, Ubud 80571 Indonesia"
9264602b-d065-4245-b9f7-a7f3c7b82caa,Ina Ré,5.0,Latin,500000.0,Badung,"Jl. Munduk Catu No. 9, Canggu, Kuta Utara, Badung- Bali 80363, Canggu Indonesia"
90160010-7351-4eed-89bb-40f64b2aeec4,Don Juan Mexican Restaurant and Bar,5.0,Mexican,300000.0,Badung,"Jl. Pantai Kuta No.3 Bemo Corner, Kuta 80361 Indonesia"
8f36011a-63b5-4613-826d-70ff77c460e8,The Porch Cafe,4.5,Cafe,300000.0,Denpasar,"Jl. Danau Tamblingan No. 110 Flashback's, Sanur, Denpasar 80228 Indonesia"
a3038eba-1614-456d-a23f-1aa1b96d5d13,Lumbung Restaurant,5.0,Contemporary,300000.0,Gianyar,"Jalan Suweta Visesa Ubud Resort, Ubud 80571 Indonesia"
59d41626-48ca-42f8-a03a-73ca496bfa4b,Seagrass by the Beach,4.5,Italian,300000.0,Denpasar,"Jl. Duyung No.10a, Sanur, Denpasar 80228 Indonesia"
49011d3b-039d-43ce-a85d-b79b02c14d01,Queen's Of India Nusa Dua,4.0,Indian,300000.0,Badung,"Jl Pratama 65B, Tanjung Benoa Indonesia"
352a535f-16c8-4bac-a3b5-5ac72e0b771b,Taco Fiesta,5.0,Mexican,100000.0,Gianyar,"Jl. Bisma No.33, Ubud 80571 Indonesia"
cdd7ebfc-5c18-4ac5-8634-76c577a2c331,Warung Heaven,5.0,Asian,100000.0,Buleleng,"Jl Pura Puseh Kecamatan Banjar, Munduk, Banjar 81152 Indonesia"
950bffa0-1256-419e-8172-f133a7faf22f,ZIN Cafe,4.5,Cafe,300000.0,Badung,"Jl. Nelayan No. 78 E Zin, Canggu 80361 Indonesia"
9bd57d0a-6c63-457c-ac24-14d7d3137d67,Kelapa Muda Ubud,4.5,Bar,300000.0,Gianyar,"Jalan Lobong Sari, Kelapa Muda Lane, Banjar Ambengan Peliatan Ubud, Ubud Indonesia"
e13fb1e2-379f-4394-af67-a61c74f74510,Beachgarden - Organic Kitchen,5.0,International,300000.0,Badung,"Jl. Pantai Batu Bolong No.103-107, Canggu 80365 Indonesia"
3926be1d-608e-4b40-a46c-773e47453922,Table Talk Ubud,5.0,American,300000.0,Gianyar,"Jalan Raya Pengosekan, Ubud 80571 Indonesia"
7532c3f1-d7f6-4b82-9772-a02cef54cb31,Mozzarella at The Magani Hotel,4.5,Italian,300000.0,Badung,"Jl. Melasti, Legian Kelod The Magani Hotel, Legian 80361 Indonesia"
acd642c9-7cde-4d14-af7f-1a94408b40b4,Jepun Sanur,4.5,Asian,300000.0,Denpasar,"Jalan Danau Tamblingan 212, Sanur, Denpasar Indonesia"
52196e88-0db4-4893-bc70-015ac088e858,Yuyu Resto Ceningan,5.0,American,100000.0,Klungkung,Indonesia
902a0e9a-ce45-4059-acde-9adbbc3396dd,"Tirta Ayu Restaurant , The Water Palace , Tirtagangga",4.0,International,300000.0,Karangasem,"Within the Water Palace , Tirtagangga , East Bali Amlapura, Subagan, Karangasem 80852 Indonesia"
23106482-1279-459e-8bb5-2c4efa273df7,Cafe Pomegranate,4.0,Cafe,300000.0,Gianyar,"Jl Subak Sok Wayah, Ubud 80571 Indonesia"
ea170b47-0dd7-4846-ab7b-449be3da151d,Watercress,4.5,Cafe,300000.0,Badung,"Jl. Batu Belig no. 21a, Kerobokan 80361 Indonesia"
8073aa95-67e0-455e-8c04-58f8f95c96ef,Maluku Ubud,4.5,Mediterranean,300000.0,Gianyar,"Jl. Monkey Forest, Ubud, Ubud 80572 Indonesia"
7a3c2080-e523-4748-898d-88360f81043b,The Loft Uluwatu,4.5,Cafe,300000.0,Badung,"Jl. Labuan sait No.52, Pecatu 80361 Indonesia"
27f2f372-8d10-4c91-8b84-7c524dbbd125,Plataran Canggu Venue & Dining,5.0,Asian,300000.0,Badung,"Jl. Pengubugan Villa Canggu by Plataran, Kerobokan 80361 Indonesia"
bf31add5-b152-4015-b7a3-e9a4f839850a,You & Mie,5.0,Asian,100000.0,Gianyar,"Jl. Sukma Kusuma No. 16, Peliatan, Ubud 80571 Indonesia"
f6812faa-f862-4ba9-998e-dbfee9562e34,Da Maria,4.5,Italian,300000.0,Badung,"Jl. Petitenget No.170, Seminyak 80361 Indonesia"
9cdec69c-37b2-49e0-9656-0ee2ad0f0c9b,Dulang Kafe,4.5,Italian,300000.0,Badung,"Jl. Bakung Sari Kuta Square, Blok C/20-22, Kuta 80361 Indonesia"
fd526214-8b3e-4d56-93a2-5ad153510073,Casa Bambu Canteen,4.5,Mexican,100000.0,Klungkung,"Jl. Raya Jungutbatu, 80716 Indonesia"
e13705e7-5c02-4551-a4f9-899772523281,Embers,5.0,Italian,300000.0,Gianyar,"Jl. Bisma No.97, Ubud Bisma Eight Villas, Ubud 80571 Indonesia"
2790eb63-2c8d-41c4-9de3-ccacbd22fb69,The Wijaya Kusuma Fine Dining Restaurant,5.0,Asian,500000.0,Gianyar,"Desa Melinggih Kelod, Banjar Begawan, Payangan Desa Melinggih Kelod, Banjar Begawan, Payangan 80572 Indonesia"
445da619-f0d0-45ea-8a9a-5d729efd21f9,Legend Bar & Restaurant,4.0,Bar,300000.0,Badung,"Jalan Sahadewa no 9, Legian Indonesia"
02a46529-e95d-4e03-9eb7-3f005fc9a856,Kayumanis Seaside Sanur,4.5,Seafood,300000.0,Denpasar,"Jl. Pantai Sindhu Sindhu Beach, Sanur, Denpasar 80227 Indonesia"
c55afa53-2786-452d-9660-dbc735e62cbc,Street 32 Cocktail Bar & Eatery,5.0,Bar,300000.0,Badung,"Mamaka By Ovolo - Jl. Pantai Kuta, Kuta 80361 Indonesia"
66ad4cb5-fc3b-4a39-9d64-a776ad80a64b,Taqisa,4.5,Mexican,100000.0,Denpasar,"Jl. Danau Tamblingan No.170, Sanur, Denpasar 80228 Indonesia"
ec64334f-3655-48a5-b677-86533ed33ac8,Pronto Pizza,4.5,Italian,100000.0,Badung,"Jl. Popies I, Kuta 80361 Indonesia"
6dfd7caf-cf24-4544-818f-e34b1f6ebf88,Sambal Shrimp,4.5,Seafood,300000.0,Badung,"Jl. Kayu Aya no. 6, Seminyak 80361 Indonesia"
1152e911-83b4-4be0-8ece-b6958062602b,Slushy S*ciety,5.0,Bar,100000.0,Badung,"Jl. Pantai Baju Mejan No.1 Inside BURGREENS area, Canggu 80361 Indonesia"
2e2431ae-cf4c-41da-afdc-744e03f0c4cc,Mykonos Greek Restaurant,3.5,Mediterranean,300000.0,Badung,"Jl. Laksmana 52 Oberoi, Kuta Utara, Kabupaten Badung,, Seminyak 80361 Indonesia"
95b5de08-5d71-44d6-b9c0-3fbf7b57baac,Sushi Island,5.0,Japanese,100000.0,Klungkung,"Jl. Ped - Buyuk, 80771 Indonesia"
0326ac4c-6871-403e-9d62-58bb25ddae6f,Lacalita,4.5,Mexican,300000.0,Badung,"Jl. Pantai Batu Bolong No.68, Canggu 80361 Indonesia"
0b7122af-7a6d-4464-87ed-e3149c9c1544,Dua Sisi Kitchen & Bar,5.0,Bar,300000.0,Badung,"Jalan Camplung Tanduk No. 99, Seminyak 80361 Indonesia"
2126e16c-fbff-47c5-a948-b4a74c4c32c4,Ganesha Ek Sanskriti - Ayodya Nusa Dua,5.0,Indian,500000.0,Badung,"Ayodya Resort Bali, First Floor Jl. Pantai Mengiat No. 4, Nusa Dua, Bali, Nusa Dua, Benoa 80363 Indonesia"
daca0e16-f26c-409b-8c25-a32540d8d36f,Banger Place - Pizza x Art x Love,5.0,Italian,300000.0,Badung,"Jl. Tanah Barak No.1A, Canggu 80361 Indonesia"
72948bee-5e44-43e0-9aab-97c5aca4ecba,Da Roma,5.0,Italian,300000.0,Badung,"Jl. Pantai Berawa 29, Canggu 80361 Indonesia"
845fc637-1edd-4bf7-ae8f-d1e45c451643,Syrco BASÈ,5.0,Fusion,500000.0,Gianyar,"Jl. Sri Wedari No. 72 Ubud, Ubud 80571 Indonesia"
db77b66a-ff46-4096-a8d0-534a8d5f5cb0,Tebu Merah Restaurant,5.0,International,300000.0,Badung,"Jl. Sri Rama no. 8 C Fairfield by Marriott Bali Legian, Legian 80361 Indonesia"
3e9eaee7-ba67-469a-b9b5-363fee2c36d2,Warung Bamboo,4.0,Seafood,100000.0,Badung,"Jl. Pemelisan Agung, Jimbaran 80361 Indonesia"
50ac4d93-6720-40ae-a30c-c4c511756c5d,Basil Kitchen Bali,4.5,Asian,300000.0,Badung,"Jl. Pangkung Sari no. 45, Seminyak 80361 Indonesia"
09b9f206-58ce-40a6-b14f-843c36ef81b9,La Baracca,4.5,Italian,300000.0,Badung,"Jl. Petitenget 17D, Seminyak 80361 Indonesia"
f2f1b1bd-9efc-442f-bfe2-ae24dc227e18,Cafe del Mar Bali,4.0,Italian,300000.0,Badung,"Jl Subak Sari, Canggu 80361 Indonesia"
9167b925-d7ff-4cd0-8ded-d385d6c46c8a,Art Cafe Bumbu Bali,5.0,Asian,300000.0,Badung,"Jl. Pintas Siligita No.101, Benoa 80361 Indonesia"
5f7dd9d8-aee5-4b68-a1f1-5ef027a9de4d,Awake Cafe,5.0,Cafe,100000.0,Gianyar,"Jalan Sukma Kesuma 11A, Ubud 80571 Indonesia"
a3c8a5ce-c3be-4f35-afec-9ef5a9d76d97,Sushi Kyuden Bali,4.0,Japanese,300000.0,Badung,"Jl. Sunset Road no. 99, Kuta 80361 Indonesia"
9b49ade6-661a-42e9-a0ae-3dbd3abc2b59,Rise & Shine Cafe,5.0,Healthy,100000.0,Badung,"Jl. Padang Linjong No 71A, Canggu 80361 Indonesia"
6f1d1bc5-7471-4558-997f-401d5eabce76,The Rich Penida,5.0,International,100000.0,Klungkung,"Jalan Ped - Buyuk, Ped 80771 Indonesia"
d94fd2a3-0ede-43cd-9cd2-9abdc826bc49,Warung Damar,4.5,Asian,300000.0,Badung,"Jl. Kartika Plaza Bali Garden Beach Resort, Kuta 80361 Indonesia"
09f87fd8-7a44-4872-a16e-d9da784c796d,Seasoned,5.0,Seafood,300000.0,Gianyar,"Jl. Raya Pengosekan No. 108, Ubud 80571 Indonesia"
b3d573bf-9fba-41ab-86a3-24835baee487,Summer Queen Bali,4.5,Bar,300000.0,Badung,"Jl. Padma No 8, Legian 80361 Indonesia"
800f0fd1-e1d8-4d2d-a4dc-0f1bf883b932,Beach Bar,4.5,Bar,300000.0,Badung,"Jl. Taman Ganesha no. 9 Petitenget, Seminyak 80361 Indonesia"
1df236c1-6782-4a9f-b34e-776f924fb1a8,Santorini Greek Restaurant,4.5,Mediterranean,100000.0,Badung,"Jl. Batu Mejan No.50 Echo Beach, Canggu Indonesia"
7f6decbc-4d97-465f-bb49-4a27c0087d08,MAMA'S German Restaurant,4.0,German,300000.0,Badung,"Jl. Legian, Kuta 80361 Indonesia"
1700578e-dd18-450e-a2b9-e6c238e95abd,The Fair Warung Bale,4.5,Asian,100000.0,Gianyar,"Jl. Sriwedari no. 6 100m Up From Main Road Ubud, Ubud 80571 Indonesia"
ef4c7918-5c93-435d-8681-770c7f5e9f5e,Kayu Lembongan,5.0,Cafe,300000.0,Klungkung,"Jl. Jungutbatu, 80771 Indonesia"
1c94ed7e-f87c-4877-a0da-135e7859da65,Padi Restaurant,4.5,Indonesian,300000.0,Badung,"Jl. Karang Mas Sejahtera, Jimbaran 80364 Indonesia"
5b873a3a-f6d2-45a6-b5e1-a438c5f87bd6,Sea Circus,4.5,Cafe,300000.0,Badung,"22 Jalan Kayu Aya Oberoi Road opposite Samaya Villas, Seminyak Indonesia"
028c9015-74c1-4b53-b9ff-3f1c37e9f570,Bird Nest Thai Kitchen,4.5,Asian,300000.0,Gianyar,"Jalan Raya Sayan, Ubud 80571 Indonesia"
26b3a48d-cef5-441d-8f00-5fbc8e97e49c,Un's Restaurant,4.5,Italian,300000.0,Badung,"Jalan Pantai Kuta Corner Poppies 1, Kuta 80361 Indonesia"
fed01771-4954-4917-a4b7-3f206db1bd12,The Warung at Alila Villas Uluwatu,4.5,Indonesian,500000.0,Badung,"Jl. Belimbing Sari Banjar Tambiyak, Pecatu 80364 Indonesia"
34ec0891-5cc4-4fea-9e5d-5eea2239f831,Kuali Restaurant,4.5,Asian,300000.0,Badung,"Jl. Arjuna no. 99, Legian Indonesia"
d86f8995-4030-4392-8614-2b0eb88b4401,Mandala Bar and Grill,4.5,Asian,300000.0,Badung,"JL. Pratama 55X, Nusa Dua, Benoa 80361 Indonesia"
40ba56ff-0f94-419b-a44b-b32504e596a4,Bendino Cafe,5.0,Italian,300000.0,Badung,"Uluwatu St No.177, Jimbaran 80361 Indonesia"
20ce7c1c-c7e8-4322-93de-e9652c9f7e4e,Norii Ubud by Ini Vie Hospitality,5.0,Japanese,300000.0,Gianyar,"Jl. Sawah Indah Gang Amarea No 8, Ubud 80571 Indonesia"
c43fbb5e-eba0-4bad-9f6e-d3a9dcd92428,Forketta Bali,4.5,Italian,300000.0,Denpasar,"Jl Danau Tamblingan 126c Sanur, Sanur, Denpasar 80228 Indonesia"
88c71a8b-6127-4274-a29f-628c63db1945,Api Jiwa,5.0,Barbecue,500000.0,Gianyar,"Jl. RY Dalem, Kelusa, Payangan 80561 Indonesia"
3e530d86-51b7-4678-821c-c8e8154dbcb8,12 Urban Cafe,5.0,Cafe,300000.0,Badung,"Jl. Pantai Batu Mejan No. 12c, Canggu 80361 Indonesia"
e911b655-9210-4ea4-80e3-47347dff6ea4,Kenja Ikan Bakar In Nusa Dua,4.5,Cafe,300000.0,Badung,"Kenja Square, Jl. Pantai Mengiat Jl Raya Nusa Dua Selatan, Benoa 80363 Indonesia"
3bf1e72f-0a90-4873-a182-24650b353665,Ambermoon Warung,4.5,Seafood,300000.0,Badung,"Jl. Camplung Tanduk No.103F, Seminyak 80361 Indonesia"
491c1fbf-79b3-489e-aa95-9e32dffacd3e,Warung Bu Mi,4.5,Asian,100000.0,Badung,"Jl. Raya Batu Bolong no. 52, Canggu 80361 Indonesia"
2fd6b0d0-c3da-4eec-97d4-83b8e3e7d56b,Ginger & Jamu,4.5,Cafe,100000.0,Klungkung,"Ship wreck Beach Jungut Batu End of the Rip Curl gang on the beach front, 80771 Indonesia"
fc99f9b2-5384-4384-9918-5cbf3ca0b07e,Mads Lange,5.0,International,300000.0,Gianyar,"Jl. RY Dalem, Kelusa, Payangan 80561 Indonesia"
d0819a05-a4ae-456b-9970-b277edd1b6da,Nusa Dua Beach Grill,4.0,Italian,300000.0,Badung,"Jl. Pura Geger Geger Lagoon, Nusa Dua, Benoa 80363 Indonesia"
bd3b7145-b4b8-46a4-8e62-eaa46d253a8e,Riva Bar & Restaurant,4.5,Bar,300000.0,Badung,"Jl. Pantai Kuta Kuta Beach Heritage Hotel, Kuta 80361 Indonesia"
1b3d7c1f-48cb-43c8-860b-0fb9d7b6a386,Waroeng Telaga's,4.5,Seafood,100000.0,Badung,"Jl. Kartika Plaza In Front Of Discovery Mall, Kuta 80361 Indonesia"
10394bfa-16be-4415-b6c2-9df36bd4952a,Sakala Beach Club,4.5,European,500000.0,Badung,"Jl. Pratama 95 The Sakala Resort Bali, Tanjung Benoa 80363 Indonesia"
04d832d7-cd5a-4f77-8639-fc23b9c7cdf7,"Cantina Classe, Italian Restaurant Canggu by Wonderspace",5.0,Italian,300000.0,Badung,"Jalan Padang Linjong No.8C, Canggu 80361 Indonesia"
279de318-9138-4b69-a989-b169c2142210,Avera Bali,5.0,Bar,300000.0,Badung,"Jl Legian No 88 Kuta, Badung, Bali, Kuta 80361 Indonesia"
85b8032f-0338-412c-8a66-0218f142e515,After Rock,5.0,Bar,300000.0,Badung,"Jalan Karang Mas Sejahtera, Jimbaran 80361 Indonesia"
dff74232-0009-4336-b092-4815093f43e1,Mona Lisa Cafe,4.5,European,300000.0,Denpasar,"Danau Tamblingan No.98, Sanur, Denpasar Indonesia"
f0565171-4084-45d2-80d4-8e5e3105bdb0,Istanbul Corner Bali,5.0,Mediterranean,300000.0,Badung,"Sidewalk Jimbaran, Jl. Raya Uluwatu No.138a, Jimbaran 80361 Indonesia"
9c7d085d-0ddb-446a-b17e-8f29bf40cee4,The Shore,4.5,Seafood,300000.0,Badung,"Jl. Raya Nusa Dua Selatan Hilton Bali Resort, Nusa Dua, Benoa 80361 Indonesia"
0c38383c-0f9d-4d2a-ac7d-d4509bdfe953,Vue Beach Club Canggu,4.0,Bar,300000.0,Badung,"Jalan Pantai Berawa No. 100XX, Tibubeneng 80361 Indonesia"
f8ac0190-0923-4407-a8e8-90b45652120c,Laguna Garden Restaurant Bali Collection,4.0,Seafood,300000.0,Badung,"Bali Collection Block A ITDC Area Nusa Dua, Nusa Dua, Benoa 80363 Indonesia"
ca21a306-e3d4-430e-a2a6-f5f32e1d0316,He'enalu Cafe & Resto,5.0,International,100000.0,Badung,"Jalan Raya Uluwatu No. 70X Pecatu, Pecatu 80361 Indonesia"
d4191d42-af3b-4358-ae67-20e462d81e8b,Clear Cafe,4.5,Cafe,300000.0,Gianyar,"Jl. Hanoman No. 8, Ubud 80571 Indonesia"
2894e14a-f49e-4861-8d4e-dde861d847ce,Paed Thai Canggu by Wonderspace,5.0,Asian,500000.0,Badung,"Jl. Canggu Padang Linjong No.8A, Canggu 80361 Indonesia"
a52a4949-b825-4fb0-8252-adb61e1d1fb4,Warung Anna,4.5,Asian,100000.0,Denpasar,"Jl. karang sari no. 2, Sanur, Denpasar Indonesia"
7cbb880b-02bb-4b8a-95f3-1c7cd9f74f5f,Casa Luna Restaurant,4.0,Cafe,300000.0,Gianyar,"Jl. Bisma, Ubud 80571 Indonesia"
2f7b5907-7667-4ba9-85ed-4898b9ca2414,Brunch Station,5.0,Bar,100000.0,Badung,"Jl. Labuan Sait No. 73, Pecatu 80361 Indonesia"
00856ff7-97ca-4536-b158-319caed1971d,Sang Ria Grill Bali,4.5,International,300000.0,Badung,"Jl Werkudara No.5, Legian 80361 Indonesia"
edbe9a36-38ae-4c78-a519-ff7dcca7dbde,Hitana Restaurant,4.5,International,300000.0,Badung,"Jalan Padma Utara, Legian Kaja The Bali Niksoma Hotel, Legian 80361 Indonesia"
6101eedd-c038-4a9d-8e03-3e058627ad8f,Bamboo Corner,4.0,Seafood,100000.0,Badung,"Poppies Lane I no. 26, Kuta Indonesia"
3ff91dd5-ef08-482d-b762-409fd03034a8,Warung Setia,4.5,Asian,100000.0,Buleleng,"Jl. Seririt - Gilimanuk, Pemuteran, Gerokgak 81155 Indonesia"
4ef787aa-2e1b-46ae-8a5e-83aa720b4621,Terracotta Restaurant Ubud,4.5,International,300000.0,Gianyar,"Jl. Raya Lungsiakan No.62, Ubud 80571 Indonesia"
546de286-a54f-4c27-8c86-8c3f143e58e4,Santana Brasserie Latina,5.0,Steakhouse,300000.0,Badung,"Jl. Pemelisan Agung No.8, Berawa, Kec. Kuta Utara, Canggu 80363 Indonesia"
54f9830f-f052-46d1-8408-4a1168cb636f,Craftsman Ubud,5.0,Bar,300000.0,Gianyar,"Jl. Suweta No.24 Depan Parkir Ubud, Ubud 80571 Indonesia"
05f5a490-9eef-4d77-8c11-1c2f575576bb,Moana Fish Eatery,4.5,Seafood,300000.0,Badung,"Jl. Pantai Batu Bolong no. 28, Canggu 80361 Indonesia"
734c1afc-27c9-4834-b8e7-950b95470adf,Warung Bule Legian,5.0,Southwestern,100000.0,Badung,"Jl. Padma Utara gang Abdi no 11, Legian 80361 Indonesia"
73780356-c80b-4ff9-bdf2-2a5d3c442197,Romeos Bar & Grillery,4.5,Bar,300000.0,Badung,"Jl. Padma Utara Ossotel, Legian 80361 Indonesia"
b3cbd9cb-14fa-4d9b-ac25-eb11491f916c,Sumizen Bali,5.0,Japanese,500000.0,Badung,"Jl. Karang Mas, Jimbaran, Kec. Kuta Sel AYANA Resort and Spa, Jimbaran 80364 Indonesia"
58745308-cca3-44a0-8deb-5154d8920eb3,D'alas Warung,4.5,Asian,300000.0,Gianyar,"Jl. Raya Pujung Kaja, Ubud 80561 Indonesia"
6d2990f4-d802-42fb-b49f-1da9f36e8d8f,Curry Traders Restaurant And Bar,4.5,Indian,300000.0,Klungkung,"Jalan Jungutbatu, Jungutbatu 80771 Indonesia"
4c75ac5f-9966-4f92-b152-5b6a0fc2fc0d,Indiana Kenanga Restaurant,4.5,French,500000.0,Klungkung,"Jungut Batu Beach 56, 80771 Indonesia"
