name,rating,category,price_wna,city,address
Kabana Ubud By K Club,5.0,Bar,300000.0,Gianyar,"Jalan Raya Cebok, Tegalalang 80561 Indonesia"
Nautilus Seafood Restaurant & Bar,5.0,Bar,300000.0,Gianyar,"Jl. Suweta No.80, Ubud, Ubud 80571 Indonesia"
MoonLite Kitchen and Bar,4.5,Asian,300000.0,Badung,"Jl. Abimanyu Jl. Dhyana Pura, Seminyak 80361 Indonesia"
The Power of Love - Samabe Cave Dining,5.0,Seafood,500000.0,Badung,"Jl. Pura Barong-Barong Sawangan, Nusa Dua, Benoa 80363 Indonesia"
Koral Restaurant,5.0,International,500000.0,Badung,"Jl. Raya Nusa Dua Selatan The Apurva Kempinski Bali, Nusa Dua, Benoa 80361 Indonesia"
Akasa Jumeirah Bali,5.0,Seafood,300000.0,Badung,"Raya Uluwatu Street, Pecatu Indonesia"
Ambar Ubud Bar,5.0,Japanese,500000.0,Gianyar,"Jalan Raya Kedewatan, Ubud 80571 Indonesia"
Copper Kitchen & Bar,4.5,Steakhouse,300000.0,Gianyar,"Jl. Bisma No.68 Ubud, Ubud 80571 Indonesia"
Gabah Indonesian Cuisine,4.5,Indonesian,300000.0,Badung,"Jl. Bakung Sari Ramayana Resort & Spa, Kuta 80361 Indonesia"
Kaukau Restaurant,5.0,Asian,300000.0,Gianyar,"Jalan Katik Lantang Arkamara Dijiwa Resort, Singakerta, Ubud 80571 Indonesia"
Bawang Merah Beachfront Restaurant,4.5,Seafood,300000.0,Badung,"Jl. Pantai Kelan No 1 Kelan Beach, Jimbaran 80361 Indonesia"
Tis Cafe,4.5,Southwestern,100000.0,Gianyar,"Jl. Raya Ceking, Tegalalang 80561 Indonesia"
Bene Italian Kitchen,4.5,Italian,300000.0,Badung,"Jl. Pantai Kuta Sheraton Bali Kuta Resort, level 2, Kuta 80361 Indonesia"
Three Monkeys Sanur,4.5,European,300000.0,Denpasar,"Jl. Danau Tamblingan, Sanur, Denpasar 80222 Indonesia"
DONBIU,5.0,International,300000.0,Badung,"Jl. Padma No. 1 Padma Resort Bali, Legian 80361 Indonesia"
DAVA Steak & Seafood Restaurant,5.0,Steakhouse,500000.0,Badung,"Jl. Karang Mas Sejahtera, Jimbaran 80364 Indonesia"
Naughty Nuri's Sanur,5.0,American,300000.0,Denpasar,"Jl. Bypass Ngurah Rai No 77, Sanur, Denpasar 80228 Indonesia"
Botanist Restaurant Ubud,5.0,American,300000.0,Gianyar,"Jalan Kelabang Moding, Banjar Bentuyung, Ubud 80571 Indonesia"
Warung Baby Monkeys,4.5,Asian,100000.0,Denpasar,"Jl. Sudamala 6, Sanur, Denpasar Indonesia"
Warung Dandelion,4.5,Asian,100000.0,Badung,"Jl. Batu Bolong No.10, Canggu 80361 Indonesia"
Sleeping Gajah Kitchen & Lounge,5.0,International,300000.0,Karangasem,"Banjar Dinas Tebola Wapa di Ume Sidemen, Sidemen, Karangasem 80864 Indonesia"
Gong Restaurant - Indonesian and Balinese Cuisine,4.5,Seafood,300000.0,Denpasar,"Jl. Tirta Akasa no. 28, Sanur, Denpasar 80227 Indonesia"
Pala Restaurant & Rooftop Bar,5.0,International,300000.0,Badung,"Jalan Raya Nusa Dua Selatan The Apurva Kempinski Bali, Nusa Dua, Benoa 80361 Indonesia"
Unique Rooftop Bar & Restaurant,4.5,Mexican,300000.0,Badung,"Jl. Karang Mas Sejahtera Rimba Resort, Jimbaran 80364 Indonesia"
Soleil,5.0,Italian,500000.0,Badung,"Jl. Raya Nusa Dua Selatan Mulia Resort, Kawasan Sawangan, Nusa Dua, Benoa 80362 Indonesia"
Bale Udang Mang Engking Kuta,4.5,Seafood,300000.0,Badung,"Jl. Nakula No. 88, Kuta 80119 Indonesia"
Asmat Restaurant Amed,5.0,European,300000.0,Karangasem,"Mathis Lodge via Lean Village, Jl Raya Amed, Bunutan, Karangasem 80852 Indonesia"
Vincent's Restaurant,4.5,European,300000.0,Karangasem,"Jalan Raya Candidasa, Candidasa, Karangasem Indonesia"
Waroeng Bernadette,5.0,Indonesian,100000.0,Badung,"Jl. Kayu Aya No.17 Kayu Aya Square Oberoi, Seminyak 80361 Indonesia"
Azul Beach Club,4.5,Bar,300000.0,Badung,"Jl. Padma No. 2 Bali Mandira Beach Resort & Spa, Legian 80361 Indonesia"
Secret Garden Restaurant,5.0,Seafood,300000.0,Buleleng,"Jl. Pura Dalem, Anturan, Lovina Beach 81116 Indonesia"
El Kabron Bali,5.0,International,300000.0,Badung,"Jl. Pantai Cemongkak, Pecatu 80361 Indonesia"
Kisik Seafood & Grill,4.5,Seafood,500000.0,Badung,"Jl. Karang Mas Sejahtera, Jimbaran 80364 Indonesia"
Shrida Restaurant - Taste Of Ubud,5.0,Steakhouse,300000.0,Gianyar,"Jln. Bisma, Ubud, Gianyar, Bali, Ubud 80571 Indonesia"
Mambo Beach Restaurant Beach Bar & Cafe Nusa Penida,5.0,American,300000.0,Klungkung,"Jalan Ped - Buyuk, Ped 80771 Indonesia"
Tamarind Mediterranean Restaurant,4.5,Seafood,300000.0,Badung,"Lot North 4 Nusa Dua Beach Hotel & Spa, Nusa Dua, Benoa 80361 Indonesia"
Lilla Pantai,4.5,Bar,300000.0,Denpasar,"Jalan Duyung Jalan Sanur Beach Street Walk, Sanur, Denpasar 80228 Indonesia"
Zai Cafe,5.0,Mediterranean,300000.0,Badung,"Jl. Pantai Batu Bolong, Canggu 80351 Indonesia"
The Botanist By Desa Eko,4.5,Italian,300000.0,Buleleng,"Jl. Kayu Putih - Munduk The Botanist, Munduk, Banjar 81152 Indonesia"
Beach Boy Canggu,5.0,International,300000.0,Badung,"Jl. Munduk Catu No.8, Canggu 80361 Indonesia"
La Brisa,4.0,Bar,300000.0,Badung,"Jl. Pantai Batu Mejan Gang La Brisa Echo Beach, Canggu 80361 Indonesia"
Warung Ketut,5.0,Seafood,100000.0,Karangasem,"Jl. Raya Lipah, Amed, Bunutan, Karangasem 80852 Indonesia"
Asri Dining By Samanvaya,5.0,International,300000.0,Karangasem,"Banjar Tabola, Telaga Tawang, Sidemen, Karangasem 80864 Indonesia"
Le Bleu By K Club,5.0,Seafood,500000.0,Badung,"Ji. Nusa Dua Lot C-01 ITDC Area, Nusa Dua, Benoa 80363 Indonesia"
The Cave Bali By Chef Ryan Clift,4.0,International,500000.0,Badung,"Jl. Pura Goa Lempeh Banjar Dinas Kangin, Uluwatu, Pecatu 80361 Indonesia"
Sakura Japanese Restaurant,5.0,Japanese,500000.0,Badung,"Kawasan Pariwisata Lot. 1, Nusa Dua, Benoa 80363 Indonesia"
Omma Bali,4.5,Japanese,300000.0,Gianyar,"Kemenuh, Sukawati 80581 Indonesia"
Nelayan Restaurant & Puri Bar,4.5,Bar,300000.0,Badung,"Jalan Raya Uluwatu Jalan Yoga Perkanthi Jimbaran Puri, Jimbaran 80361 Indonesia"
Amok Sunset Bar And Restaurant,4.5,International,300000.0,Klungkung,"Gamat Bay, Sakti 80771 Indonesia"
Seasalt,5.0,Seafood,500000.0,Badung,"Jl. Taman Ganesha no. 9 Petitenget, Seminyak 80361 Indonesia"
Sukun Restaurant Nusa Dua,5.0,Asian,300000.0,Badung,"Jl. Pratama No.87, Tanjung Benoa 80363 Indonesia"
Poppies Restaurant,4.5,International,300000.0,Badung,"Poppies Lane 1 / 19 Jalan Legian, Kuta 80361 Indonesia"
Restaurant Bukit Segara,5.0,Seafood,300000.0,Karangasem,"Jl. Raya Bunutan Villa Bukit Segara, Karangasem 80852 Indonesia"
The Grumpy Butcher,5.0,Steakhouse,300000.0,Badung,"Jl. Petitenget No.21A, Kerobokan 80361 Indonesia"
Ganesh Lodge,5.0,European,300000.0,Karangasem,"Jl. Puri Bagus, Candidasa, Karangasem 80851 Indonesia"
O Club By Oculus Bali,5.0,Italian,300000.0,Bangli,"Jl. Windu Sara Jl. Windu Sara, Kedisan, Kec. Kintamani, Kabupaten Bangli, Bali 8065, Kintamani 80652 Indonesia"
Buda Bakery & Resto,4.5,European,300000.0,Buleleng,"Jl. I Gede Taman Perumahan BTN Graha Lovina, Anturan, Lovina Beach 81152 Indonesia"
Ulu Garden,5.0,Bar,300000.0,Badung,"Jl. Pantai Padang-padang (behind Bgs), Pecatu 80361 Indonesia"
Warung Lu Putu,4.5,Bar,300000.0,Karangasem,"Jl. Mendira, 9 Sengkidu, Manggis, Candidasa, Karangasem 80871 Indonesia"
Bumbu Bali Restaurant & Cooking School,4.5,Indonesian,300000.0,Badung,"Jalan Pratama, Tanjung Benoa 80363 Indonesia"
Fisherman's Club,5.0,Bar,300000.0,Denpasar,"Jalan Danau Tamblingan 89a Andaz Bali, Denpasar 80228 Indonesia"
Sukun Restaurant Kuta,5.0,Indonesian,300000.0,Badung,"Jalan Kartika Plaza, Gang Puspa Ayu No. 99 Amnaya Resort Kuta, Kuta 80361 Indonesia"
Hai Ri Zen,5.0,Seafood,300000.0,Klungkung,"Mushroom Bay, 80771 Indonesia"
Fat Bowl,4.0,Indonesian,300000.0,Badung,"Jl. Padma No. 2, Legian 80361 Indonesia"
Lumbung Restaurant,5.0,Contemporary,300000.0,Gianyar,"Jalan Suweta Visesa Ubud Resort, Ubud 80571 Indonesia"
Soka Warung,5.0,Asian,100000.0,Klungkung,"Tamarind Road, 80771 Indonesia"
Boy'N'Cow,5.0,Steakhouse,500000.0,Badung,"Jl. Raya Kerobokan no. 138, Seminyak 80361 Indonesia"
Reef Beach Club,5.0,Bar,300000.0,Badung,"Jalan Raya Nusa Dua Selatan The Apurva Kempinski Bali, Nusa Dua, Benoa 80361 Indonesia"
Warung Made's Munduk,5.0,Asian,100000.0,Buleleng,"Jl. Kayu Putih, Munduk, Banjar 81161 Indonesia"
"Luna Rooftop Bar, Bali",5.0,Bar,300000.0,Badung,"Jalan Karang Mas Sejahtera At Ayana Segara, Jimbaran 80361 Indonesia"
The Coffee Club Legian,5.0,Cafe,300000.0,Badung,"Jl. Pantai Arjuna No.18 Double Six Beach, Legian 80361 Indonesia"
Omang Omang Bar Diner,4.5,Bar,300000.0,Karangasem,"Jl. Silayukti no. 12 Karangasem, Padangbai 80872 Indonesia"
The Jungle Club Ubud,5.0,Bar,500000.0,Gianyar,"Jl. Jaga Raga No.8A, Sukawati 80582 Indonesia"
Warung Bambu Pemaron,4.5,Asian,300000.0,Buleleng,"Jalan Hotel Puri Bagus, Desa Pemaron, Singaraja 81119 Indonesia"
Mama San,4.5,Chinese,300000.0,Badung,"Jl. Raya Kerobokan No.135, Kerobokan 80361 Indonesia"
Ling-Ling's Bali,5.0,Japanese,300000.0,Badung,"Jl. Petitenget no. 43B, Seminyak 80361 Indonesia"
The Dungki Bendega Resto,5.0,Healthy,100000.0,Klungkung,"Secret Beach Road Nusa Ceningan, 80771 Indonesia"
Seminyak Kitchen,5.0,International,300000.0,Badung,"Jl. Camplung Tanduk no. 103 SP, Dhyana Pura, Seminyak 80361 Indonesia"
Barbacoa Bali,4.5,Barbecue,300000.0,Badung,"Jl. Petitenget No. 14, Kerobokan 80361 Indonesia"
The View Munduk Restaurant,4.5,Asian,300000.0,Buleleng,"Jl. Raya Kayu Putih Tamblingan Munduk Br. Tamblingan, Munduk, Banjar 81152 Indonesia"
Warung D'Bucu,5.0,International,100000.0,Buleleng,"Jl. Taman Sari Turn left at the first cross about 50m on the left side, Pemuteran, Gerokgak 81155 Indonesia"
Boardwalk Restaurant & Lounge,4.5,American,300000.0,Badung,"Jl. Kartika Plaza Entrance Via Bali Garden Beach Resort Or Via Kuta Beach Next To Discovery Mall, Tuban, Kuta 80361 Indonesia"
Warung Napoli,5.0,Italian,100000.0,Badung,"Jl. Dewi Sri, Legian, Kuta, Kabupaten Badung, Legian 80361 Indonesia"
Asian Spice Restaurant,4.5,Japanese,300000.0,Badung,"Jl. Padma Rama Residence Padma, Legian 80361 Indonesia"
Acropora Bar & Restaurant,5.0,Chinese,300000.0,Klungkung,"Banjar Anyar Pramana Natura Nusa Penida, Sakti 80771 Indonesia"
Jaring Kitchen & Drinks,5.0,International,100000.0,Buleleng,"Jl. I Gede Taman & Gang Bintang In Front Of Situ's Kalibukbuk, Anturan, Lovina Beach 81152 Indonesia"
AKAR Cafe Lovina,4.5,Cafe,300000.0,Buleleng,"Jalan Binaria, Lovina Beach 81151 Indonesia"
The Sage Bali,5.0,Cafe,100000.0,Buleleng,"Jl. Singaraja Gilimanuk, Pemuteran, Gerokgak 81155 Indonesia"
Penida Colada Beach Bar,4.5,Bar,300000.0,Klungkung,"Jl. Ped-Buyuk, Ped 80771 Indonesia"
Made Bagus Cafe,4.5,Seafood,300000.0,Badung,"Muaya Beach, Jimbaran 80361 Indonesia"
The Colonial,4.5,European,300000.0,Karangasem,"Jl. Silayukti no. 6 OK Divers Resort & Spa, Padangbai 80872 Indonesia"
Finns Beach Club,4.5,Bar,300000.0,Badung,"Jl. Pantai Berawa No. 99, Canggu 80361 Indonesia"
Cloudland Bar Lembongan,5.0,Bar,100000.0,Klungkung,"Sunset Road, 80771 Indonesia"
Sandy Bay Beach Club,4.0,Bar,300000.0,Klungkung,80771 Indonesia
Warung Amphibia Seafood,4.5,Seafood,100000.0,Denpasar,"Jalan Pantai Sindhu, Sanur, Denpasar 80228 Indonesia"
O Beach Bali,5.0,Bar,300000.0,Badung,"Jl. Abimanyu Jl. Dhyana Pura, Seminyak 80361 Indonesia"
Ombak Cafe & Huts,4.5,Cafe,100000.0,Klungkung,Jungutbatu 80771 Indonesia
Ji Restaurant Bali,5.0,Japanese,300000.0,Badung,"Jl. Pantai Batu Bolong Hotel Tugu Bali, Canggu 80361 Indonesia"
Tropical Temptation  - Adult Only Beach Club,5.0,Bar,300000.0,Badung,"Jalan Pantai Melasti No 8, Ungasan 80361 Indonesia"
Hai Bar & Grill,4.5,Bar,300000.0,Klungkung,Mushroom Bay Lembongan Island Indonesia
Warong Legong,5.0,International,100000.0,Gianyar,"Jln by Pass Ida Bagus Mantra Keramas, Gianyar 80851 Indonesia"
Omang Omang,5.0,Seafood,300000.0,Denpasar,"Jalan Danau Tamblingan No. 89 Hyatt Regency Bali, Sanur, Denpasar 80228 Indonesia"
Paed Thai Sanur by Wonderspace,5.0,Asian,300000.0,Denpasar,"Jl. Bypass Ngurah Rai No.888A, Sanur, Denpasar 80228 Indonesia"
Warung Nia,4.5,Indonesian,100000.0,Badung,"Kayu Aya Square, Number 19-21, Seminyak 80361 Indonesia"
Green Kubu Cafe,4.5,Indonesian,100000.0,Gianyar,"Jl. Cinta, Tegalalang 80561 Indonesia"
Canvas Cafe Bali,5.0,Cafe,300000.0,Denpasar,"Jl. Hang Tuah No. 45, Sanur, Denpasar 80227 Indonesia"
Nook Umalas,4.0,Cafe,300000.0,Badung,"Jl. Umalas 1, Kerobokan 80365 Indonesia"
Daily Social,5.0,International,300000.0,Badung,"Jl. Pantai Kuta Beachwalk Shopping Center, Kuta 80361 Indonesia"
Johnny Tacos,5.0,Mexican,100000.0,Badung,"Jl. Kartika Plaza, gang samunda #17 Across from Bakung Beach Resort, Kuta 80361 Indonesia"
White Rock Beach Club,5.0,Bar,300000.0,Badung,"Melasti Beach, Ungasan 80361 Indonesia"
Montana Del Cafe,4.5,Cafe,300000.0,Bangli,"Jl. Raya Penelokan No.889, Kintamani 80652 Indonesia"
Cretya Ubud,4.5,International,300000.0,Gianyar,"Jl. Raya Tegallalang Alas Harum, Ubud 80561 Indonesia"
Mana Uluwatu,4.5,Mexican,300000.0,Badung,"Jl. Pantai Suluban Uluwatu Surf Villas, Pecatu 80361 Indonesia"
Tsavo Lion Restaurant,4.5,Contemporary,300000.0,Gianyar,"Km. 19 Jl Bypass Prof. Dr. Ida Bagus Mantra 8 Bali Safari and Marine Park, Gianyar 80551 Indonesia"
Bella Italia Legian,4.5,Italian,300000.0,Badung,"Jl. Sriwijaya no. 368, Legian 80361 Indonesia"
Oliverra,4.5,Seafood,500000.0,Badung,"Jl. Melasti, Banjar Kelod, Ungasan 80364 Indonesia"
Secret Penida Beach Club,4.5,Cafe,100000.0,Klungkung,"Jl.Ped – Buyuk 10 meters from “Ari Place”, 80771 Indonesia"
Arcadia Restaurant Ubud,5.0,International,500000.0,Gianyar,"Jalan Raya Campuhan Tjampuhan Bridiges, Ubud 80571 Indonesia"
Kuta Social Club,5.0,Bar,300000.0,Badung,"Jl. Pantai Kuta No.32 Mamaka By Ovolo, Kuta 80361 Indonesia"
Ikan Restaurant & Bar,4.5,Seafood,300000.0,Badung,"Kawasan Pariwisata Nusa Dua, BTCD Lot N-3, Nusa Dua, Benoa 80363 Indonesia"
Warung Forest,5.0,Bar,100000.0,Klungkung,80771 Indonesia
The Damai Restaurant,4.5,Asian,500000.0,Buleleng,"Jl. Damai, Kayuputih The Damai Hotel, Lovina Beach 81161 Indonesia"
"Tsune Sanur, Japanese Restaurant By Wonderspace",5.0,Japanese,300000.0,Denpasar,"Jl. Aruna No. 8A, Sanur Kaja, Denpasar 80237 Indonesia"
Warung Sabar,5.0,Seafood,100000.0,Karangasem,"Jl. Raya Lipah Bunutan, Karangasem 80852 Indonesia"
Klyf Club,4.5,Seafood,300000.0,Klungkung,80771 Indonesia
Cuca Restaurant,4.5,International,500000.0,Badung,"Jl Yoga Perkanthi, Jimbaran 80364 Indonesia"
Honey & Smoke,4.5,Grill,300000.0,Gianyar,"Jl. Monkey Forest No.67B, Kedewatan, Ubud 80571 Indonesia"
Al Dente Cucina Italiana & Lounge,4.5,Italian,300000.0,Badung,"Jalan Kartika Plaza, Kuta 80361 Indonesia"
Akasha Restaurant,4.5,Asian,300000.0,Gianyar,"Jalan Sinta New Earth Haven, Keliki Tegallalang, Kelusa, Payangan 80561 Indonesia"
Murni’s Warung,4.5,International,300000.0,Gianyar,"Jalan Campuan Beside the bridge, Ubud 80571 Indonesia"
Nick's Place,4.5,American,100000.0,Klungkung,"Jl. Raya Lembongan Jungut Batu, 80771 Indonesia"
Sundays Beach Club,4.5,Bar,300000.0,Badung,"Jl. Pantai Selatan Gau Kuta Sel, Ungasan 80362 Indonesia"
Sisterfields,4.5,Cafe,300000.0,Badung,"Jl. Kayu Cendana no. 7, Seminyak 80361 Indonesia"
Qudo Uluwatu,5.0,Pizza,300000.0,Badung,"Jl. Labuansait No.250, Pecatu, Kec. Kuta Sel., Kabupaten Badung, Bali, Pecatu Indonesia"
Blue Earth Village,4.5,Italian,300000.0,Karangasem,"Jl. Raya Amed, Karangasem 80852 Indonesia"
Melali Ubud Restaurant,5.0,Bar,300000.0,Gianyar,"Jl. Sri Wedari No.58 Ubud, Ubud 80571 Indonesia"
Massimo - Italian Restaurant,4.5,Italian,300000.0,Denpasar,"Jln. Danau Tamblingan 228, Sanur, Denpasar 80237 Indonesia"
Eight Degrees South at Conrad Bali,4.5,Seafood,500000.0,Badung,"Jalan Pratama 168 Conrad Bali, Tanjung Benoa 80363 Indonesia"
Shrimpis,5.0,Seafood,300000.0,Badung,Seminyak 80361 Indonesia
Soul on the Beach,4.5,Pizza,300000.0,Denpasar,"Jl. Pantai Sindhu On The Beach Next To INNA Sindhu Beach Hotel, Sanur, Denpasar 80227 Indonesia"
Swan Restaurant Keramas,4.5,Italian,300000.0,Gianyar,"Jalan Pantai Keramas, Keramas, Blahbatuh, Keramas, Blahbatuh 80581 Indonesia"
Warung Makan SMS,4.5,Asian,100000.0,Denpasar,"Jl. Betngandang 1 no. 25 Sanur Denpasar, Sanur, Denpasar 80227 Indonesia"
Seabreeze Ceningan,4.5,American,100000.0,Klungkung,"Jl. Raya Nusa Ceningan 300 Meter From Yellow Bridge And Turn Right, 80771 Indonesia"
Bali Asli Restaurant,4.5,Asian,300000.0,Karangasem,"Jl. Raya Gelumpang Gelumpang Village, Karangasem 80870 Indonesia"
Bamboo Restaurant Tulamben,5.0,International,300000.0,Karangasem,"Jl. Raya Kubu Tauch Terminal Resort Tulamben Und Spa, Tulamben 80852 Indonesia"
Bella Cucina,5.0,Italian,500000.0,Badung,"Jl. Uluwatu 45 InterContinental Bali Resort, Jimbaran 80361 Indonesia"
Senja Bar & Resto,5.0,International,300000.0,Gianyar,"Jl. Bisma Goya Boutique Resort, Ubud 80571 Indonesia"
Bambu Bali - Seminyak,4.5,Indonesian,500000.0,Badung,"Jalan Petitenget No 198, Kerobokan Kelod 80361 Indonesia"
Kepitu Restaurant At The Kayon Resort,5.0,European,300000.0,Gianyar,"Banjar Bresela Desa Bresela Ubud, Ubud 80572 Indonesia"
Mr. Bob Bar And Grill Tanjung Benoa,4.5,Bar,300000.0,Badung,"Jl. Pratama the opposite of Taman Bhagawan, Tanjung Benoa 80361 Indonesia"
Locavore Nxt,4.5,Cafe,500000.0,Gianyar,"Jl. A.A. Gede Rai, Gang Pura Panti Bija, Lodtunduh, Ubud 80571 Indonesia"
Bai Yun,5.0,Chinese,500000.0,Badung,"Jalan Raya, Nusa Dua, Benoa 80361 Indonesia"
Sami Sami,4.5,Italian,300000.0,Badung,"Jl. Karang Mas Sejahtera, Jimbaran 80364 Indonesia"
Shinta Warung,5.0,International,100000.0,Badung,"Jl. Kartika Plaza, Gang Puspa Ayu, Kuta 80117 Indonesia"
The Pad on Bene,4.5,Bar,100000.0,Badung,"168 Jalan Lebak Bene, Legian 80361 Indonesia"
Garpu Restaurant,4.5,Seafood,300000.0,Karangasem,"Jl Raya Sengkidu, Candidasa Beach Rama Candidasa Hotel, Candidasa, Karangasem 80801 Indonesia"
Bee Cafe Ubud,5.0,Cafe,100000.0,Gianyar,"Jl. Sawah Indah, Peliatan, Ubud 80571 Indonesia"
Secret Rooftop By Happy Cow Bali,4.5,Steakhouse,100000.0,Badung,"Jl. Gong Kebyar No. 32, Jimbaran 80362 Indonesia"
Bandar Nelayan Seafood,5.0,Chinese,300000.0,Denpasar,"Jl. Bypass Ngurah Rai Suwung Kauh No 659, Denpasar 80228 Indonesia"
Sorrento Mediterranean Restaurant,5.0,Seafood,500000.0,Badung,"Jl. Raya Nusa Dua Selatan in Melia Bali Indonesia Hotel, Nusa Dua, Benoa 80363 Indonesia"
Sunset Beach Bar & Grill,4.5,Bar,300000.0,Badung,"Jl Uluwatu no 45 InterContinental Bali Resort, Jimbaran 80361 Indonesia"
Sushi Bar Bali,5.0,Japanese,300000.0,Badung,"Jalan Pantai Berawa Finns Beach Club, Canggu 80361 Indonesia"
Warung Kampung,4.5,Asian,100000.0,Badung,"Jl. Melasti No. 20, Legian Indonesia"
Murmur Restaurant Canggu,5.0,Cafe,300000.0,Badung,"Jl. Anggrek No.2, Tibubeneng 80361 Indonesia"
Ely's Kitchen Ubud,5.0,Asian,300000.0,Gianyar,"Jl. Suweta No.88 Adiwana Unagi Suites, Ubud 80571 Indonesia"
Jejaton Restaurant,5.0,International,300000.0,Badung,"Jl. Merdeka Raya, Gang VII Fairfield by Marriott Bali Kuta Sunset Road, Kuta 80361 Indonesia"
Tanah Liat Restaurant,5.0,Seafood,500000.0,Badung,"Kawasan Pariwisata Lot Sw 4 & 5 Renaissance Bali Nusa Dua Resort – Ground Floor, Nusa Dua, Benoa 80363 Indonesia"
Canna Bali,4.5,Bar,300000.0,Badung,"Jl Raya Nusa Dua Selatan, Benoa 80363 Indonesia"
Natti's Indian Specialty Restaurant,5.0,Indian,300000.0,Gianyar,"The Kenran Resort Ubud, Kenderan, Tegalalang 80552 Indonesia"
The 10th Table,5.0,International,500000.0,Buleleng,"Jl Raya Singaraja-Seririt Kalibukbuk, Lovina Beach 81152 Indonesia"
Kulkul Beach House,5.0,Bar,300000.0,Badung,"Jl. Nusa Dua Lot N2 Kawasan Pariwisata, Nusa Dua, Benoa 80363 Indonesia"
Steaksmith Restaurant,5.0,Steakhouse,300000.0,Badung,"Kawasan Pariwisata Lot SW 4 & 5 Renaissance Bali Nusa Dua Resort, Nusa Dua, Benoa 80361 Indonesia"
Suka Espresso,5.0,Cafe,100000.0,Badung,"Jl. Labuansait No.10 Pecatu, Kuta Sel., Kabupaten Badung, Pecatu 80361 Indonesia"
The Cafe Lotus,4.0,Asian,300000.0,Gianyar,"Jalan Raya Ubud No.14, Ubud 80571 Indonesia"
Lion X Restaurant,5.0,Chinese,300000.0,Badung,"Kawasan Pariwisata Lot Sw 4 & 5 Renaissance Bali Nusa Dua Resort, Nusa Dua, Benoa 80361 Indonesia"
Tuju Tropic Club And Lounge,5.0,American,300000.0,Gianyar,"Jl. Suweta, Sambahan, Ubud 80571 Indonesia"
Sa'Mesa Canggu & Seminyak,5.0,Italian,300000.0,Badung,"Jalan Tanah Barak 1E, Canggu 80351 Indonesia"
The Coconut Hut,5.0,Bar,100000.0,Klungkung,"Jl. Jungutbatu, 80771 Indonesia"
Casa Blanca Bali,5.0,Italian,300000.0,Badung,"Jl. Kaya Aya 150A Near The Flea Market, Seminyak 80361 Indonesia"
Ultimo Italian Restaurant,4.5,Italian,300000.0,Badung,"Jl. Kayu Aya No 78, Seminyak 80361 Indonesia"
"Lakeview Restaurant, Bar & Cafe",3.5,Chinese,300000.0,Bangli,"Jl. Raya Penelokan Lakeview Hotel, Kintamani 80652 Indonesia"
Al Jazeerah Signature Bali Restaurant And Lounge,4.5,Lebanese,300000.0,Badung,"Jl. Sunset Road, Seminyak 80361 Indonesia"
Rooftop Sunset Bar at Double-Six,4.5,Bar,300000.0,Badung,"Double Six Beach no. 66 Double Six Luxury Hotel, Seminyak 80361 Indonesia"
Balinese Home Cooking,5.0,Asian,100000.0,Gianyar,"20 Jl.Rsi Markandya II Br.Payogan, Kedewatan, Ubud 80571 Indonesia"
Bale Udang Mang Engking,4.5,Seafood,300000.0,Gianyar,"Jl. Raya Goa Gajah, Ubud 80571 Indonesia"
BATIK Restaurant Bar,4.5,Asian,300000.0,Badung,"Jl. Kayu Aya (Oberoi), Seminyak 80361 Indonesia"
Sawah Terrace,5.0,Indonesian,500000.0,Gianyar,"Jl. Kedewatan Banjar Kedewatan, Mandapa, A Ritz-Carlton Reserve, Ubud 80571 Indonesia"
Breeze at The Samaya Seminyak,4.5,Seafood,500000.0,Badung,"Jl. Laksmana, Seminyak Beach The Samaya Bali, Seminyak 80361 Indonesia"
Kepitu Restaurant at The Kayon Jungle Resort,5.0,Mediterranean,500000.0,Gianyar,"Banjar Bresela, Desa Bresela The Kayon Jungle Resort, Ubud 80572 Indonesia"
Kunyit Restaurant - The Anvaya Bali,4.5,Asian,300000.0,Badung,"Jl. Kartika Plaza The Anvaya Bali, Tuban, Kuta 80361 Indonesia"
Babi Guling Bu Oka,3.5,Asian,300000.0,Gianyar,"Jalan Tegal Sari No. 2, Ubud 80571 Indonesia"
Kampoeng Bali,5.0,Indonesian,300000.0,Badung,"Jl. Karang Mas Sejahtera RIMBA by AYANA Bali, Jimbaran 80364 Indonesia"
Liap Liap,4.5,Seafood,300000.0,Gianyar,"Jl. Monkey Forest Below NoMas Bar, Ubud 80571 Indonesia"
Herb Library,5.0,International,100000.0,Gianyar,"Jl. Jembawan 1, Ubud 80157 Indonesia"
The Lair Ubud,5.0,Bar,300000.0,Gianyar,"Jl. Antonio Blanco, Ubud 80571 Indonesia"
Prego,5.0,Italian,300000.0,Badung,"Kawasan Pariwisata Nusa Dua Itdc Lot N-3, Nusa Dua, Benoa 80363 Indonesia"
Stones Kitchen,5.0,International,300000.0,Badung,"Jl. Raya Pantai Kuta, Legian 80361 Indonesia"
YUME,5.0,Japanese,300000.0,Denpasar,"Jl. Cok Agung Tresna No.106, Denpasar 80239 Indonesia"
Batubara Wood Fire,4.5,Steakhouse,300000.0,Gianyar,"Jl. Raya Pengosekan Ubud No.108, Ubud 80571 Indonesia"
"Tebasari Resto, Bar & Lounge",4.5,Asian,100000.0,Gianyar,"Jl. Raya Tegallalang Kec. Tegallalang, Kabupaten Gianyar, Bali, Tegalalang 80561 Indonesia"
Sun Sun Warung,5.0,Asian,100000.0,Gianyar,"Jl. Jembawan No.2, Ubud 80571 Indonesia"
Pistachio Restaurant,5.0,International,300000.0,Gianyar,"Jl. Bisma, Ubud 80571 Indonesia"
Ginger Moon Canteen,4.5,Asian,300000.0,Badung,"Jl. Kayu Aya no. 7, Seminyak 80361 Indonesia"
Hippie Fish Pererenan Beach,5.0,Italian,300000.0,Badung,"Jl. Pantai Pererenan No. 171, Pererenan, Canggu Kabupaten Badung, Pererenan, Canggu 80361 Indonesia"
L'Osteria Ubud,4.5,Italian,300000.0,Gianyar,"Jl. Monkey Forest No.8, Ubud 80571 Indonesia"
Padi Restaurant,5.0,International,300000.0,Gianyar,"Jl. Raya Sebali, Banjar Sebali, Desa Keliki Puri Sebali Resort, Ubud 80571 Indonesia"
Nostimo Greek Grill Ubud,4.5,Mediterranean,300000.0,Gianyar,"Jl. Raya Pengosekan no. 108, Ubud 80571 Indonesia"
Uma Garden,5.0,Steakhouse,300000.0,Badung,"Jalan Umalas 1 No.8 Next To Nook, Kerobokan Kelod 80361 Indonesia"
Pavilion Surf Club Legian Beach,4.5,Italian,100000.0,Badung,"Jl. Pantai Double Six No.10, Legian 80361 Indonesia"
Warung Little Bird,4.5,Asian,100000.0,Denpasar,"Jl Danau Tamblingan 34 opposite Villa Ajanta, Sanur, Denpasar 80231 Indonesia"
Lembah Ayung Restaurant,5.0,Pizza,300000.0,Gianyar,"Jl. Batu Kurung No. 4 Pramana Watu Kurung, Kedewatan, Ubud 80571 Indonesia"
Nikuna Warung,5.0,Asian,100000.0,Gianyar,"Jalan Jembawan Ubud Bali, Ubud 80571 Indonesia"
Warung 24/7,4.5,Seafood,100000.0,Badung,"Jl. Nakula Night, Kuta Indonesia"
Gioi Ocean Gourmet,5.0,Asian,300000.0,Badung,"Jl. Kartika Plaza, Kuta, Kec. Kuta, Kabupaten Badu Discovery Mall, Ground Floor, Kuta 80361 Indonesia"
The Restaurant at Tandjung Sari,4.5,Seafood,300000.0,Denpasar,"Jln. Danau Tamblingan no. 41 Sanur Beach, Sanur, Denpasar 80228 Indonesia"
Hiiragi Restaurant,5.0,Japanese,300000.0,Badung,"Jl. Umalas Klecung, Kerobokan Kelod, Kec. Kuta Uta, Kerobokan Kelod 80361 Indonesia"
Spice Mantraa Kuta,4.5,Indian,300000.0,Badung,"Jl. Kartika Plaza Opposite Discovery Mall, Kuta 80361 Indonesia"
Tanda Pizza Restaurant,5.0,Italian,300000.0,Buleleng,"Jl. Pandawa, Kaliasem, Lovina Beach 81152 Indonesia"
Brasserie République,5.0,French,300000.0,Denpasar,"Jl. Danau Tamblingan No. 144, Sanur, Denpasar Indonesia"
Gusto Resto,4.5,Italian,300000.0,Karangasem,"Jl. Raya Amed, Karangasem 80852 Indonesia"
Fire,5.0,International,500000.0,Badung,"Jl. Petitenget W Bali - Seminyak, Kerobokan 80361 Indonesia"
Kepitu Restaurant at The Kayon Valley Resort,5.0,American,500000.0,Gianyar,"Banjar Nagi Petulu, Kecamatan Ubud, Ubud 80571 Indonesia"
Chai'ba Street Kitchen & Bar,4.5,Indian,300000.0,Badung,"Jl. Raya Basangkasa no. 47, Seminyak 80361 Indonesia"
Sangsaka Restaurant,4.5,Indonesian,300000.0,Badung,"Jl. Pangkung Sari 100x, Kerobokan 80361 Indonesia"
Ivy Cafe,5.0,Cafe,300000.0,Gianyar,"Jl Raya Pengosenkan, 62 Puri Garden Hotel, Ubud 80571 Indonesia"
Pesona Lounge Ubud,5.0,Indian,300000.0,Gianyar,"Jl. Goutama Sel. No.25A, Ubud 80571 Indonesia"
Warung Pondok Madu,4.5,Barbecue,100000.0,Gianyar,"Jl. Jatayu, Tebesaya Ubud Bali In The Front Of Tebesaya Cottage, Ubud 80571 Indonesia"
Swept Away at The Samaya Ubud,5.0,International,500000.0,Gianyar,"Banjar Baung, Desa Sayan The Samaya Ubud, Ubud 80571 Indonesia"
MAURI Restaurant,5.0,Italian,500000.0,Badung,"Jl. Petitenget No.100, Seminyak 80361 Indonesia"
Cherry Pepper Ubud,5.0,International,100000.0,Gianyar,"Jalan Monkey Forest Sebelah Barat, Ubud 80571 Indonesia"
Bisma Valley,5.0,Mexican,300000.0,Gianyar,"Jl. Bisma, Ubud 80571 Indonesia"
Brunch Club Bali,4.5,American,100000.0,Badung,"Jl. Legian No.457, Legian 80361 Indonesia"
Cafe Wayan & Bakery,4.5,Pizza,300000.0,Gianyar,"Monkey Forest Road., Ubud 80571 Indonesia"
Chupacabras,5.0,Steakhouse,500000.0,Gianyar,"CHUPACABRAS - South American | Prime Meats, Kedewatan, Ubud, Gianyar Regency, Bali, Ubud 80571 Indonesia"
"Mr. Wayan, Coffee & Eatery",5.0,International,300000.0,Gianyar,"Jl. Suweta Banjar Bentuyung, Ubud 80571 Indonesia"
Craved,5.0,Cafe,300000.0,Badung,"Jl. Camplung Tanduk No.9A, Seminyak 80361 Indonesia"
Sandwichopedia,5.0,Cafe,100000.0,Badung,"Jalan Pantai Pererenan No. 8, Pererenan, Canggu 80351 Indonesia"
Oneeighty,4.5,Seafood,300000.0,Badung,"Jl. Pura Goa Lempeh The edge Luxury Villa Resort, Banjar Dinas Kangin, Pecatu 80361 Indonesia"
Shelter Bali,4.5,Cafe,300000.0,Badung,"2A Jl. Drupadi, Seminyak 80361 Indonesia"
Varuna Bali,5.0,International,300000.0,Gianyar,"Jalan Bypass Prof. Dr. Ida Bagus Mantra Km. 19,8, Gianyar 80551 Indonesia"
Warung Agung Amed,5.0,Chinese,100000.0,Karangasem,"Jl. Raya Lipah Peduli Alam Shop, Bunutan, Karangasem 80852 Indonesia"
SugarSand,4.5,Bar,300000.0,Badung,"Jl. Double Six, Seminyak 80361 Indonesia"
Ulu Cliffhouse,4.0,Bar,300000.0,Badung,"Jl. Labuan Sait No. 315 Kec. Kuta Selatan, Pecatu 80361 Indonesia"
De jukung Resto & Bar Tanah Lot,4.0,Seafood,300000.0,Tabanan,"Jl. Tanah Lot Kabupaten Tabanan, Tanah Lot 82171 Indonesia"
Babi Guling Pak Dobiel,4.0,Asian,100000.0,Badung,"Jl. Srikandi no. 9, Nusa Dua, Benoa Indonesia"
Milk & Madu Ubud,4.5,Pizza,300000.0,Gianyar,"3 Jl. Suweta, Ubud 80571 Indonesia"
Village Square-Wok Wok,5.0,Chinese,100000.0,Denpasar,"Jalan Danau Tamblingan 89a, Denpasar 80228 Indonesia"
Lazy Cats Cafe,4.5,Cafe,100000.0,Gianyar,"Jl. Raya Ubud No. 11 (end of main road direction to museum blanco), Ubud 80571 Indonesia"
Tagine Bali,5.0,Moroccan,300000.0,Badung,"Jl. Mertanadi No. 39, Seminyak 80361 Indonesia"
BB52 Burgers Canggu,5.0,American,100000.0,Badung,"Jl. Batu Mejan Canggu, Canggu, Kec. Kuta Utara, Denpasar, Bali Inside The Avocado Factory, Canggu 80361 Indonesia"
Alam Pizza,4.5,Italian,100000.0,Gianyar,"Jl. Bisma No.34, Ubud 80571 Indonesia"
Woobar Bali,4.5,Bar,300000.0,Badung,"Jl. Petitenget, Kerobokan Seminyak, Seminyak 80361 Indonesia"
Crumb & Coaster,4.5,Cafe,300000.0,Badung,"Jl. Benesari 2E 10m Opposite Grand Barong Hotel, Kuta 80361 Indonesia"
Yasa Segara Bengiat Restoran,4.5,Bar,100000.0,Badung,"Jl. Pantai Peminge Ayodya Resort Bali, Nusa Dua, Benoa Indonesia"
In Da Compound Warung,5.0,Asian,100000.0,Gianyar,"Gootama Street No.6, Ubud 80571 Indonesia"
Cafe Bali,4.0,International,300000.0,Badung,"Jl. Laksmana, Seminyak 80361 Indonesia"
Ah Yat Seafood Restaurant,5.0,Chinese,300000.0,Badung,"Jl. Karang Mas Sejahtera Rimba Jimbaran Bali by Ayana, Jimbaran 80364 Indonesia"
Three Monkeys Ubud,4.5,European,300000.0,Gianyar,"Monkey Forest Rd Ubud Kelod, Ubud 80571 Indonesia"
Happy Chappy Chinese,4.5,Chinese,300000.0,Badung,"Jalan Braban No. 62, Seminyak Indonesia"
Shisha Cafe,4.5,Lebanese,300000.0,Badung,"Jl. Sunset Road No. 99, Kuta 80361 Indonesia"
The Cafe,5.0,International,300000.0,Badung,"Kawasan Sawangan Mulia Resort, Nusa Dua, Benoa 80362 Indonesia"
Starfish Bloo,4.5,Seafood,500000.0,Badung,"Jl. W Bali - Seminyak, Kerobokan 80361 Indonesia"
Uma Cucina,4.5,Italian,300000.0,Gianyar,"Jalan Raya Sanggingan, Banjar, Lungsiakan Kedewatan, Ubud Indonesia"
Mozza Sanur,5.0,Italian,300000.0,Denpasar,"Jl. Danau Tamblingan No.108 A, Sanur, Denpasar Indonesia"
Waroeng Bernadette,4.5,Asian,100000.0,Gianyar,"Jl. Penestanan (Behind The Blanco Museum), Ubud 80571 Indonesia"
Naughty Nuri's Warung and Grill,4.0,Barbecue,300000.0,Gianyar,"Jl. Raya Sanggingan, Ubud 80571 Indonesia"
Warung Mak Beng,4.5,Seafood,100000.0,Denpasar,"Jl. Hang Tuah no. 45, Sanur, Denpasar 80227 Indonesia"
Simply Social,5.0,American,300000.0,Gianyar,"Jl. Raya Ubud, Ubud 80571 Indonesia"
Ours,4.5,Mediterranean,300000.0,Badung,"Jl. Labuansait, Pecatu 80361 Indonesia"
Boneka Restaurant at The St. Regis Bali Resort,5.0,International,500000.0,Badung,"Kawasan Pariwisata Nusa Dua Lot S6, Nusa Dua, Benoa 80363 Indonesia"
Warung Indonesia,4.5,Asian,100000.0,Badung,"Jl. Popies II, Gang Ronta, Kuta 80361 Indonesia"
Locca Sea House,5.0,Bar,300000.0,Badung,"Jl. Jimbaran Hijau Segara 500m from Ayana, Jimbaran 80361 Indonesia"
Bebek Tepi Sawah,4.0,Asian,300000.0,Gianyar,"Jalan Raya Goa Gajah, Ubud 80571 Indonesia"
Raja's Balinese Restaurant,4.5,Asian,500000.0,Badung,"Nusa Dua Beach Hotel & Spa Kawasan Pariwisata, Lot North 4, Nusa Dua, Benoa 80363 Indonesia"
Takumi Kaiseki & Omakase,5.0,Japanese,500000.0,Badung,"Jl. Petitenget No. 43a, Kerobokan Kelod 80361 Indonesia"
Natys Restaurant Tanah Lot,4.0,Mexican,300000.0,Tabanan,"Jl. Kawasan Wisata Tanah Lot Natya Hotel Tanah Lot, Tanah Lot 82121 Indonesia"
Sacred Rice,5.0,International,300000.0,Gianyar,"Gg.1, Ubud 80571 Indonesia"
Rosso Vivo Dine & Lounge,4.5,Italian,300000.0,Badung,"Jalan Pantai Kuta, Kuta 80361 Indonesia"
Taco Beach Grill,4.5,Mexican,100000.0,Badung,"Jl. Kunti 1 no. 6, Seminyak 80361 Indonesia"
Fat Chow,4.5,Asian,300000.0,Badung,"Kuta Beach, Poppies Lane 2, no. 7C, Kuta 80361 Indonesia"
El Patio Restaurant,5.0,American,300000.0,Badung,"Jl. Raya Nusa Dua Selatan Kawasan Wisata ITDC Lot 1, Nusa Dua, Benoa 80363 Indonesia"
Amateras Restaurant,5.0,Asian,300000.0,Gianyar,"Jl. Rsi Markandya II, Kelusa, Payangan 80571 Indonesia"
The Glass House,4.5,International,300000.0,Denpasar,"Jl. Danau Tamblingan No. 25, Sanur, Denpasar 80228 Indonesia"
Apéritif Restaurant,5.0,International,500000.0,Gianyar,"Br. Nagi, Jl. Lanyahan, Petulu, Kecamatan Ubud, Kabupaten Gianyar, Bali 80571, Indonesia Br. Nagi, Jl. Lanyahan, Petulu, Kecamatan Ubud, Kabupaten Gianyar, Bali 80571, Indonesia, Ubud 80571 Indonesia"
Brazilian Aussie BBQ at Seminyak,4.5,Steakhouse,300000.0,Badung,"Jl. Beraban Beraban Square, Seminyak 80361 Indonesia"
Lia Cafe,4.0,Seafood,300000.0,Badung,"Jl Pemalisan Agung, Jimbaran 80361 Indonesia"
Kajin Japanese Contemporary Sushi,4.5,Japanese,300000.0,Badung,"Jl. Petitenget 98x 2nd Floor, Seminyak Indonesia"
Dapur Usada,5.0,Cafe,300000.0,Gianyar,"Jl. Sugriwa No.4, Ubud 80571 Indonesia"
Double Ikat,5.0,Indonesian,300000.0,Badung,"Jalan Pantai Balangan 1 No 1 Ungasan, Ungasan 80361 Indonesia"
Jackson Lily's By Ginger Moon,4.5,Chinese,300000.0,Badung,"Jl. Raya Seminyak No.2, Seminyak 80361 Indonesia"
Grazing on the Green,5.0,Bar,300000.0,Badung,"Jalan Pantai Berawa Finns VIP Beach Club, Canggu 80361 Indonesia"
Table8 Chinese Restaurant,4.5,Chinese,500000.0,Badung,"Jl. Raya Nusa Dua Selatan, Kawasan Sawangan The Mulia, Mulia Resort & Villas - Nusa Dua, Bali, Nusa Dua, Benoa 80362 Indonesia"
Tree Bar at Maya Sanur,4.5,Bar,300000.0,Denpasar,"Jl. Danau Tamblingan 89M, Sanur, Denpasar 80228 Indonesia"
Warung Mami Ikan Bakar,4.5,Seafood,100000.0,Badung,"Jl. Uluwatu II No.30X, Jimbaran Indonesia"
"The Restaurant At The Legian Seminyak, Bali",4.5,Seafood,500000.0,Badung,"Jl. Kayu Aya, Seminyak, Seminyak 80361 Indonesia"
Wedja Bali Restaurant,5.0,Asian,300000.0,Gianyar,"Jl. Ambarwati No.1 MAS Village, Ubud 80571 Indonesia"
Kyoka Japanese Kitchen,5.0,Japanese,300000.0,Gianyar,"Jl. Dewi Sita, Ubud 80571 Indonesia"
KAFE Ubud,4.5,Cafe,300000.0,Gianyar,"Jl. Hanoman 44b, Ubud 80571 Indonesia"
Pier Eight Bali,4.5,Bar,300000.0,Denpasar,"Jalan Kusuma Sari No. 8, Sanur, Denpasar 80227 Indonesia"
The Fat Turtle,4.5,Cafe,300000.0,Badung,"Jalan Raya Petitenget 886A Opposite Potato Head Beach Club and Springhill Mantra Property Group, Next to Deus and Carga, Seminyak 80361 Indonesia"
Mozaic Restaurant Gastronomique,4.5,French,500000.0,Gianyar,"Jl. Raya Sanggingan, Ubud 80571 Indonesia"
Lucky Fish Lounge,4.5,Barbecue,100000.0,Badung,"Jl. Pantai Bingin, Pecatu 80361 Indonesia"
Warung Ibu Wina,4.5,Chinese,100000.0,Buleleng,"Jl. Mawar Kalibukbuk, Lovina Beach Indonesia"
Waterfall Indonesian & Balinese Restaurant,4.5,International,300000.0,Badung,"Jl. Pantai Mengiat Ayodya Resort Bali, Nusa Dua, Benoa 80363 Indonesia"
Sunset Park At Desa Potato Head,5.0,International,300000.0,Badung,"Jl. Petitenget, No. 51b Sunset Park at Desa Potato Head, Seminyak 80361 Indonesia"
Kubu At Mandapa,5.0,International,500000.0,Gianyar,"Jalan Kedewatan Banjar Kedewatan, Mandapa, a Ritz-Carlton Reserve, Ubud 80571 Indonesia"
Pison Ubud,4.0,Cafe,100000.0,Gianyar,"Jl. Hanoman No.10X, Ubud 80571 Indonesia"
Cretya Sunset,5.0,Bar,300000.0,Gianyar,"Jalan Raya Bresela No. 8 Kec. Payangan, Kabupaten Gianyar, Ubud, Bali, Keliki, Tegalalang 80572 Indonesia"
Kynd,4.5,Cafe,300000.0,Badung,"12x Jalan Raya Petitenget, Seminyak 80361 Indonesia"
Mano Beach House,4.5,International,300000.0,Badung,"Jl. Pantai Pura Petitenget, Seminyak 80361 Indonesia"
Kekeb Restaurant,5.0,International,300000.0,Badung,"ITDC Area, Lot C-0, Nusa Dua, Nusa Dua, Benoa 80361 Indonesia"
Warung Garasi,4.5,Asian,100000.0,Gianyar,"Jalan Monkey Forest Opposite Hotel Inata, Ubud 80571 Indonesia"
Nusa Restaurant,4.5,Seafood,100000.0,Badung,"Jl. Nusa Dua, Benoa Itdc Area Nusa Dua, Lot C-0b, Nusa Dua, Benoa 80361 Indonesia"
Friends Cafe And Bistro Bali,5.0,Bar,300000.0,Gianyar,"Jl. Raya Pengosekan No.108 Tegal Kelod, Kecamatan Ubud, Kabupaten Gianyar, Bali, Ubud 80571 Indonesia"
The Octagon Ocean Club,5.0,Asian,300000.0,Buleleng,"Jl. Raya Seririt - Gilimanuk West Bali National Park, West Bali National Park 81155 Indonesia"
Tropical Bali Collection,4.5,Seafood,300000.0,Badung,"Bali Collection Block A-14 #2, Nusa Dua, Benoa 80361 Indonesia"
Shima Teppanyaki & Shabu Shabu,5.0,Japanese,300000.0,Badung,"Jl. Petitenget no. 5E, Seminyak 80361 Indonesia"
Bread Basket Bakery - Sanur Bali,4.5,Cafe,100000.0,Denpasar,"Jl. Danau Tamblingan no. 51, Sanur, Denpasar Indonesia"
Rayjin Teppanyaki Dining Bar,4.5,Japanese,300000.0,Badung,"Jl.Petitenget 98X, Seminyak Indonesia"
Blou Cafe Canggu,5.0,American,300000.0,Badung,"Jl. Padang Linjong, Canggu 80361 Indonesia"
The Grill Ubud,5.0,Bar,100000.0,Gianyar,"Jl. Tirta Tawar Banjar Kutuh, Ubud 80571 Indonesia"
Teras Ubud,5.0,Bar,300000.0,Gianyar,"Jl. Hanoman Pengosekan Plataran Ubud Hotel & Spa, Ubud 80571 Indonesia"
The Royal Kitchen Bali,4.5,Indian,300000.0,Badung,"Bali Collection, Blok A6 No. 3B- 4B, Nusa Dua, Benoa 80363 Indonesia"
Bali Bohemia,4.5,Bar,300000.0,Gianyar,"Jl. Nyuh Bojog Nyuh Kuning - Ubud - Opposite Monkey Forest Gate 3, Ubud 80571 Indonesia"
Wacko Burger Cafe,4.5,Bar,300000.0,Badung,"Jl. Drupadi 18 Across the street from Harris Hotel Seminyak, Seminyak 80361 Indonesia"
Salazon Bali,4.5,Steakhouse,500000.0,Badung,"Jl. Kayu Aya No. 33 En Vie Lane, Seminyak 80361 Indonesia"
Warung Siam,4.5,Asian,100000.0,Gianyar,"No. 7 Jl. Gautama, Ubud 80571 Indonesia"
The Ratip Coffee Shop & food,5.0,Mexican,100000.0,Klungkung,"Jl. Ancak Sari, 80771 Indonesia"
Dasa by the Sea,4.5,Italian,100000.0,Karangasem,"Jl. Raya Candidasa Alam Candi Dive Resort, Candidasa, Karangasem 80871 Indonesia"
Mudra,4.5,Japanese,300000.0,Gianyar,"Jl. Goutama Selatan no. 22 In the middle between Taksu and Soma, Ubud 80751 Indonesia"
Kwee Zeen,5.0,International,300000.0,Badung,"Lot N5, ITDC Tourism Complex Nusa Dua Sofitel Bali Nusa Dua Beach Resort, Nusa Dua, Benoa 80363 Indonesia"
Izakaya by Oku,5.0,Japanese,300000.0,Badung,"Jl. Raya Nusa Dua Selatan The Apurva Kempinski Bali, Nusa Dua, Benoa 80361 Indonesia"
Ely's Kitchen Bali,5.0,Bar,300000.0,Badung,"Jl. Pengubengan Kelod, Kerobokan Kelod, Kuta Utara, Badung, Bali 80361, 80361 Indonesia"
Bora Bora restaurant,4.5,Seafood,300000.0,Buleleng,"Jalan Umeanyar 3 Desa Umeanyar, Seririt 81153 Indonesia"
Kojin Japanese Restaurant Ubud,5.0,Japanese,300000.0,Gianyar,"Jl. Raya Desa Kenderan No.88 A Aksari Resort, Ubud 80571 Indonesia"
Mumbai Station Pure Vegetarian Indian Cafe,4.5,Indian,100000.0,Gianyar,"Jl. Sanggingan no. 90, Penestanan Kaja Opposite Indus Restaurant, next door to Indo Maret, Ubud Indonesia"
Warung Murah,4.5,Indonesian,100000.0,Badung,"Jl. Arjuna / Doble Six, Seminyak 80361 Indonesia"
Sateria Beachfront Restaurant,5.0,Italian,300000.0,Badung,"Jl. Raya Nusa Dua Selatan Kawasan Pariwisata ITDC Lot 1, Nusa Dua, Benoa 80363 Indonesia"
Kaum Bali,4.5,Indonesian,500000.0,Badung,"Jl. Petitenget No. 51B Kaum Restaurant at Desa Potato Head Bali, Seminyak 83061 Indonesia"
Warung Chef Bagus,4.5,Southwestern,300000.0,Badung,"Jalan Bakung Sari No. 43, Kuta 80361 Indonesia"
Above Rooftop Lounge and Bar,5.0,Bar,300000.0,Badung,"Jl. Petitenget Gg. Cendrawasih no. 99, Seminyak 80361 Indonesia"
Motel Mexicola,4.0,Mexican,300000.0,Badung,"Jl Kayu Jati No 9 Petitenget, Seminyak 80361 Indonesia"
Warung Bu Jeno,4.5,Seafood,100000.0,Karangasem,"Jl. Segara, Padangbai 80871 Indonesia"
Santorini Greek Restaurant Seminyak,4.5,Mediterranean,100000.0,Badung,"Jl. Arjuna No. 17, Legian, Kec. Kuta Kanu-atenolol Badung, Bali, Seminyak 80361 Indonesia"
Cucina,5.0,Italian,500000.0,Badung,"ITDC Tourism Complex Nusa Dua Lot N5, Nusa Dua, Benoa 80363 Indonesia"
Pasir Ubud,5.0,Italian,300000.0,Gianyar,"Jl Monkey Forest, Ubud 80571 Indonesia"
Black Lava Cafe,5.0,American,300000.0,Bangli,"Jalan Bukit Payang No.88, Kintamani, Kintamani 80652 Indonesia"
Jala Restaurant,5.0,Chinese,300000.0,Klungkung,"Jl. Ancak Sari, No. 277 Ancak Lembongan Klungkung Bali, Indonesia, 80771 Indonesia"
Kendi Kuning Restaurant,4.5,Seafood,300000.0,Badung,"Jl. Drupadi no. 1001 Next Door to Circle K, Seminyak 80361 Indonesia"
Chandi,4.5,Asian,300000.0,Badung,"Jalan Kayu Aya No. 72, Seminyak 80361 Indonesia"
No Mas,4.5,Bar,300000.0,Gianyar,"Jl. Monkey Forest, Ubud 80571 Indonesia"
Tetsushin,5.0,Japanese,300000.0,Denpasar,"Jl. Danau Tamblingan No.144, Sanur, Denpasar 80228 Indonesia"
Bo & Bun,4.5,Asian,300000.0,Badung,"Jl. Raya Basangkasa No. 26 Br. Basangkasa, Seminyak 80361 Indonesia"
W gourmet restaurant with transfer,5.0,Bar,300000.0,Badung,"Jl Pantai Mengiat Nusa Dua Bali Nusa Dua area next to Bali refresh spa, Nusa Dua, Benoa 80363 Indonesia"
Soul in a Bowl,4.5,International,300000.0,Denpasar,"Jl. Danau Poso No.65d, Sanur, Denpasar 80228 Indonesia"
Wayan’s Warung,5.0,Grill,100000.0,Gianyar,"Jl. Raya Tebongkang No.8 Singakerta Kecamatan, Ubud 80571 Indonesia"
Cliffhanger Restaurant Bali,5.0,Bar,300000.0,Tabanan,"Jl. Pantai Cliffhanger Yeh Gangga II Barat Bali, Tabanan 82115 Indonesia"
Kilo Kitchen Bali,4.5,Latin,300000.0,Badung,"Jl. Drupadi No. 22, Seminyak 80361 Indonesia"
Sands Restaurant,4.5,Italian,300000.0,Badung,"Jl. Kartika The Anvaya Bali, Kuta 80361 Indonesia"
Ithaka Warung,4.5,Asian,100000.0,Badung,"Jl. Raya Batu Bolong, Canggu 82151 Indonesia"
Warung Apple,4.5,Seafood,100000.0,Buleleng,"Jl. Mawar Lovina, Singaraja 81191 Indonesia"
Watercress Ubud,4.5,Cafe,300000.0,Gianyar,"Jl. Monkey Forest, Ubud 80571 Indonesia"
TORO Sushi,4.5,Japanese,300000.0,Gianyar,"Jl. Goutama no. 3, Ubud 80571 Indonesia"
Lotus Asian Restaurant,5.0,Asian,300000.0,Badung,"Kawasan Wisata ITDC Lot. 1 Melia Bali, Nusa Dua, Benoa 80363 Indonesia"
The PaD bar & grill on Legian St,4.5,Bar,100000.0,Badung,"162 Legian Street, Kuta 80361 Indonesia"
Manarai Beach House,5.0,Bar,300000.0,Badung,"Lot N5 ITDC Tourism Complex Beachfront at Sofitel Nusa Dua, Nusa Dua, Benoa 80363 Indonesia"
Nusantara by Locavore,4.5,Asian,300000.0,Gianyar,"Jl. Dewisita No.09C, Ubud 80361 Indonesia"
Arwana Restaurant,4.5,Seafood,500000.0,Badung,"Kawasan Pariwisata Nusa Dua Lot N2 The Laguna Resort & Spa, Nusa Dua, Benoa 80363 Indonesia"
IBU SUSU Bar & Kitchen,5.0,Bar,300000.0,Gianyar,"Jl. Monkey Forest, Ubud 80571 Indonesia"
Mozzarella by The Sea,4.0,Indonesian,300000.0,Badung,"Jalan Padma Utara The Bandha Hotel & Suites, Legian 80361 Indonesia"
Santanera,5.0,Latin,500000.0,Badung,"Jl. Tanah Barak No.55-57, Canggu, Kec. Kuta Utara, Canggu Indonesia"
Hard Rock Cafe,4.0,American,300000.0,Badung,"Jalan Pantai Kuta, Banjar Pande Mas, Kuta - Denpasar, Kuta 80361 Indonesia"
To'ge,5.0,International,300000.0,Badung,"Jalan Karang Mas Sejahtera Jl. Karang Mas Sejahtera, Jimbaran 80364 Indonesia"
La Favela Bar Y Restaurant,4.0,Bar,300000.0,Badung,"Jl. Laksamana Oberoi 177X, Seminyak 80361 Indonesia"
Warung Citta Ovest,4.5,Italian,300000.0,Gianyar,"Jl. Dewisita Padangtegal, Ubud 50871 Indonesia"
Warung Enak,4.5,Italian,100000.0,Karangasem,"Jalan Raya Amed, Karangasem 80852 Indonesia"
Warung Nasi Ayam Bu Oki,4.0,Asian,100000.0,Badung,"Jl. Siligita no. 27 near Hotel Santika Nusa Dua, Nusa Dua, Benoa Indonesia"
Sugriwa's Warung,5.0,Asian,100000.0,Gianyar,"Jl. Sugriwa's No. 7 Padang Tegal Kaja, Ubud 80571 Indonesia"
Wild Habit Pizza,5.0,Italian,100000.0,Badung,"Jl. Kunti 1 No.6, Seminyak 80361 Indonesia"
Belgin Seminyak Restaurant And Bar,5.0,Indonesian,300000.0,Badung,"Jalan Kayu Aya No. 52, Seminyak 80361 Indonesia"
Genius Cafe,4.5,International,300000.0,Denpasar,"Jl. Kusuma Sari Mertasari Beach, Sanur, Denpasar 80228 Indonesia"
Ganesha Ek Sanskriti Ubud - Traditional Indian Cuisine,4.0,Indian,300000.0,Gianyar,"Jl. Monkey Forest, Ubud 80571 Indonesia"
Bejana,4.5,Indonesian,500000.0,Badung,"Jl. Raya Nusa Dua Selatan Lot #3 Sawangan The Ritz-carlton, Bali, Nusa Dua, Benoa 80361 Indonesia"
Jack Fish,4.5,Seafood,100000.0,Denpasar,"Sanur beach front Turn Right When You Reach The Beach, Sanur, Denpasar Indonesia"
Cactus Nusa Penida,5.0,Bar,500000.0,Klungkung,"Jl. Raya Batumulapan, Batununggul 80771 Indonesia"
DUGONG at Suarga Padang Padang,4.5,Seafood,300000.0,Badung,"Jl. Pantai Labuan Sait, Pecatu 80361 Indonesia"
Warung Ayu Food & Drink,4.5,Asian,100000.0,Buleleng,"Jalan Mawar, Anturan, Lovina Beach Indonesia"
Warung Papa Pizza,4.5,Italian,100000.0,Denpasar,"Jl. Pungutan 1 no. 1a, Sanur, Denpasar Indonesia"
Italian Corner Bali,4.5,Italian,300000.0,Badung,"Jl. Nakula Gang Baik no. 23B, Seminyak 80361 Indonesia"
Taco Casa,4.5,Mexican,100000.0,Gianyar,"Jalan Pengosekan Pengosekan, Ubud 80571 Indonesia"
Mari Beach Club,4.0,Japanese,300000.0,Badung,"Jl. Batu Belig No.66, Kerobokan Kelod, Seminyak 80361 Indonesia"
Ibu Rai Bar & Restaurant,4.5,Asian,300000.0,Gianyar,"Jalan Monkey Forest 72, Ubud 80571 Indonesia"
Bebek Tebasari Resto,4.5,Asian,300000.0,Gianyar,"Jl. Raya Kengetan Kabupaten Gianyar, Bali, Lodtunduh, Ubud 80571 Indonesia"
Sundara,4.5,Grill,500000.0,Badung,"Jimbaran Bay Kuta Selatan, Jimbaran 80361 Indonesia"
Cupit BBQ,4.5,Barbecue,100000.0,Gianyar,"Jl. Penestanen Kelod, Sayan, Ubud 80571 Indonesia"
Warung Sanur Segar,4.5,Mexican,100000.0,Denpasar,"Jl. Pantai Sindhu no. 2a In Front Of The Sindu Market, Sanur, Denpasar 80288 Indonesia"
Zibiru,4.5,Italian,300000.0,Badung,"Jalan Drupadi 7, Seminyak 80361 Indonesia"
Kayumanis Resto Jimbaran,4.5,Indonesian,300000.0,Badung,"Jl. Yoga Perkanthi, Jimbaran 80364 Indonesia"
Warung Babi Guling Ibu Oka,3.5,Asian,300000.0,Gianyar,"Jl. Suweta, Ubud 80571 Indonesia"
Coco Bistro Sanur,4.5,Pizza,300000.0,Denpasar,"Jl. Duyung Semawang, Sanur, Denpasar 80228 Indonesia"
Karang Restaurant,5.0,International,300000.0,Badung,"Jalan Karang Mas Sejahtera At Ayana Segara, Jimbaran 80361 Indonesia"
Al Diwan Bali,4.5,Lebanese,300000.0,Badung,"Jl. Petitenget no. 99X Jl. Petitenget No 99X, Kuta 80361 Indonesia"
Kayunan Warung and Coffee,5.0,Cafe,100000.0,Gianyar,"Jl. Hanoman No.7, Ubud 80571 Indonesia"
Kayo Manis,4.5,European,300000.0,Denpasar,"Jln. Tandakan 6 Shindu, Sanur, Denpasar 80228 Indonesia"
Cockatoo International Bar & Restaurant,4.5,Asian,300000.0,Badung,"Jl. Pantai Mengiat No.7A, Kuta Selatan 80361 Indonesia"
Hujan Locale,4.5,Asian,300000.0,Gianyar,"Jl. Sri Wedari No.5, Ubud 80571 Indonesia"
Gourmet Sate House,4.5,Indonesian,100000.0,Badung,"Jl. Dewi Sri no. 101, Kuta 08361 Indonesia"
Warung Babi Guling Pande Egi,4.5,Asian,100000.0,Gianyar,"Banjar Pande, Beng, Gianyar 80513 Indonesia"
Taco Casa,4.5,Mexican,100000.0,Badung,"Jalan Petitenget, Seminyak 80361 Indonesia"
Pasar Senggol,4.5,Seafood,300000.0,Badung,"Grand Hyatt Bali, Kawasan Wisata Nusa Dua BTDC, Nusa Dua, Benoa 80363 Indonesia"
Azure Beach Club & Restaurant,5.0,Mediterranean,500000.0,Denpasar,"Kelan Beach, Jl. Segara Madu, Tuban, BALI, Kabupaten Badung, Bali 65v8+rp, Denpasar 80361 Indonesia"
Galanga,4.5,Asian,300000.0,Karangasem,"Jl. Raya Amed, Karangasem 80853 Indonesia"
Wanaku Seafood & Chinese Restaurant,4.5,Chinese,300000.0,Badung,"Jl. Kediri No.45A, Tuban, Kuta 80361 Indonesia"
The Bare Bottle Sanur,5.0,Cafe,100000.0,Denpasar,"Jl. Cemara, Sanur, Denpasar 80228 Indonesia"
Fat Tony's,5.0,American,100000.0,Badung,"Jl. Sriwijaya no. 28, Kuta 80361 Indonesia"
Olive Mediterranean Cuisine,4.5,Lebanese,100000.0,Gianyar,"Jl. Tirta Tawar No.31 at the corner of Jl. Monkey Forest and Jl. Bisma, Petulu, Ubud 80571 Indonesia"
Coco Penida Bar & Restaurant,4.5,Bar,100000.0,Klungkung,"Jl. Ped - Buyuk, Ped 80771 Indonesia"
La Brasserie,5.0,French,300000.0,Badung,"Jl. Bukit Permai No.8,, Jimbaran 80361 Indonesia"
Sala Bistro,4.5,Cafe,300000.0,Denpasar,"Jl. Danau Tamblingan No. 180 Intersection of Hyatt Regency & Pantai Duyung, Sanur, Denpasar 80222 Indonesia"
Kayuputi Restaurant,4.5,Seafood,500000.0,Badung,"Lot S6 The St. Regis Bali Resort, Nusa Dua, Benoa 80363 Indonesia"
Warung Babi Guling Pak Malen,4.0,Asian,100000.0,Badung,"Jl. Sunset Road no. 554 Depan Kuta Point, Seminyak 80361 Indonesia"
Pizzaria,4.5,Italian,300000.0,Denpasar,"Jl. Danau Tamblingan No.89 Hyatt Regency Bali, Sanur, Denpasar 80228 Indonesia"
The Lokal 80361,4.5,Bar,300000.0,Badung,"Jl. Sahadewa no. 13D, Legian 80361 Indonesia"
La Terrazza Uluwatu,4.5,Italian,100000.0,Badung,"Jalan Pantai Suluban, Pantai Suluban Downstairs To Single Fin, Pecatu 80361 Indonesia"
Gooseberry,5.0,French,300000.0,Badung,"Gang Pirta, Pecatu 80361 Indonesia"
Matahari Tulamben Restaurant,4.0,International,300000.0,Karangasem,"Jl. Kubu-Abang, Tulamben Indonesia"
"Ohana Restaurant, Bar & Kidsparadise",5.0,International,300000.0,Badung,"Jl Raya Uluwatu 8, Ungasan 80361 Indonesia"
Milk & Madu Berawa,4.5,Pizza,300000.0,Badung,"Jl. Pantai Berawa No 52, Tibubeneng 80361 Indonesia"
Tavern De Bali Sport Bar and Restaurant Nusa dua,4.5,Mexican,100000.0,Badung,"Jl. Nusa Dua no. 60 Main Gate ITDC, Nusa Dua, Benoa 80361 Indonesia"
Balique Restaurant,4.5,Mediterranean,300000.0,Badung,"Jl. Uluwatu no. 39 (almost in front of Intercontinental Hotel), Jimbaran 80361 Indonesia"
Warung Kampungku Bali,5.0,Chinese,100000.0,Badung,"Jalan Siligita No. 88, Nusa Dua, Benoa 80361 Indonesia"
Ulam Restaurant,3.5,Seafood,300000.0,Badung,"Jl. Pantai Mengiat No.14, Nusa Dua, Benoa 80363 Indonesia"
Merlin's Magic Ubud,4.0,Italian,500000.0,Gianyar,"Jl. Raya Pengosekan Ubud No. 108, Ubud, Kecamatan, Ubud 80571 Indonesia"
Lidah Lokal,5.0,Asian,300000.0,Denpasar,"Jl. Kusuma Sari No 1, Sanur, Denpasar 80227 Indonesia"
Skai Bar & Grill,5.0,Mediterranean,300000.0,Badung,"Jl. Padma No. 1 Legian - Bali 80361 Indonesia, Legian 80361 Indonesia"
"AKUA de Bilbao, Spanish Tapas Restaurant",4.5,Seafood,300000.0,Badung,"Jl. Pemelisan Agung No.27 Jimbaran Beach, Jimbaran 80361 Indonesia"
Amici Bali,5.0,Italian,500000.0,Badung,"Jl. Petitenget No.19x,, Kerobokan Kelod 80361 Indonesia"
Lilla Warung,4.5,European,100000.0,Denpasar,"Jalan Bumi Ayu 6, Sanur, Denpasar 80228 Indonesia"
Warung Coconut Tree,4.5,Bar,100000.0,Denpasar,"Jln. Danau Tamblingan no. 68, Sanur, Denpasar 80228 Indonesia"
Umah Pizza,4.0,Italian,100000.0,Gianyar,"Jl. Bisma-Ubud-bali, Ubud 80571 Indonesia"
Terrasse du Lac Tamblingan Sari,4.5,International,300000.0,Buleleng,"Tamblingan Lake Road Tamblingan, Munduk, singaraja , Bali, Munduk, Banjar 81152 Indonesia"
The Fire Station,4.5,Grill,300000.0,Denpasar,"Jl.Danau Poso 108, Sanur, Denpasar 80227 Indonesia"
Namaskar Thali in Bali,5.0,Indian,300000.0,Badung,"Jl. Kunti 1 No.7A Bali, Seminyak 80361 Indonesia"
Mai-Mai Restaurant Seminyak,4.5,Southwestern,100000.0,Badung,"Jl. Kayu Aya no. 156B Jl. Kayu Aya,pertokoan Kayu Aya Square No.15, Seminyak 80361 Indonesia"
Byrd House Bali,4.0,Bar,300000.0,Denpasar,"Jl. Segara Ayu, Sanur, Denpasar 80228 Indonesia"
Raja Bali Restaurant Nusadua,5.0,Asian,300000.0,Badung,"Jl. Nusa Dua Before Nusa Dua Main Gate, in the left side, Nusa Dua, Benoa 80361 Indonesia"
Lemongrass Thai,4.0,Asian,300000.0,Badung,"Jl. Melasti, Legian 80361 Indonesia"
Juggan Sky,5.0,Bar,300000.0,Gianyar,"Jalan Katik Lantang, Singakerta, Ubud 80571 Indonesia"
ENVY Bali,4.5,International,300000.0,Badung,"Jl. Wana Segara no. 33 Holiday Inn Resort Baruna Bali, Kuta 80361 Indonesia"
Crystal Blue Ocean Grill,5.0,Seafood,500000.0,Badung,"Jl. Pura Barong-Barong Samabe Bali Suites & Villas, Nusa Dua, Benoa 80363 Indonesia"
Warung Tradisi Ubud,5.0,Asian,100000.0,Gianyar,"Jl.goutama.no.20 Ubud Br.padangtegal Kaja, Ubud 80571 Indonesia"
Mrs Sippy Bali,4.0,Bar,300000.0,Badung,"Jl. Taman Ganesha Gang Gagak 8, Seminyak 80365 Indonesia"
Zanzibar Restaurant,4.0,Italian,300000.0,Badung,"Jl. Double Six, Legian 80361 Indonesia"
Kebafel Restaurant,5.0,Fast Food,100000.0,Gianyar,"Jl. Goutama Selatan, Ubud 80571 Indonesia"
Seasalt,4.5,Seafood,300000.0,Karangasem,"Jl. Raya Buitan Alila Manggis, Manggis 80871 Indonesia"
Livingstone Holyground,5.0,American,300000.0,Gianyar,"Jl. Raya Andong No.88x, Peliatan, Kecamatan Ubud 88x, Gianyar 80571 Indonesia"
Warung Kecil,4.5,Asian,100000.0,Denpasar,"Jl. Duyung no. 1, Sanur, Denpasar 80228 Indonesia"
Soul Bites,5.0,Mexican,300000.0,Gianyar,"Jl. Raya Pengosekan, Ubud 80571 Indonesia"
Glaze Bali,4.5,European,300000.0,Badung,"JL Pratama, Tanjung Benoa 97, Tanjung Benoa 80363 Indonesia"
St-Jacques,5.0,Seafood,500000.0,Badung,"Jl. Umalas 1 no. 7, Kerobokan Kelod 80361 Indonesia"
Hongalia Ubud,4.5,Chinese,100000.0,Gianyar,"Jl. Jatayu Jalan Raya Mas, Ubud 80571 Indonesia"
Biji World,4.5,Japanese,100000.0,Gianyar,"Jl. Raya Mas, Mas, Ubud 80571 Indonesia"
Dining Corner Restaurant,5.0,Southwestern,500000.0,Gianyar,"Jl. Raya Sayan, Ubud Kayumanis Ubud Private Villa & Spa, Ubud 80571 Indonesia"
COMO Beach Club,4.5,International,300000.0,Badung,"Jl. Pantai Batu Mejan, Canggu 80361 Indonesia"
Mr. Bob Bar and Grill Nusa Dua,4.5,Italian,300000.0,Badung,"Jl. Pratama No.808 Before Nusa Dua Main Gate, in the left side, no 555, Nusa Dua, Benoa 80363 Indonesia"
Warung Babi Guling Ibu Oka 3,3.5,Asian,300000.0,Gianyar,"Jl. Tegal Sari no. 2, Ubud 80571 Indonesia"
Dolce Vita Bali,5.0,Italian,300000.0,Badung,"Jl. Kartika Plaza n.8, Kuta 80361 Indonesia"
CasCades Restaurant,4.5,International,500000.0,Gianyar,"Jln. Lanyahan, Br. Nagi, Ubud 80571 Indonesia"
The Kelusa at Samsara Ubud,5.0,International,300000.0,Gianyar,"Banjar Ayah, Kelusa, Payangan 80572 Indonesia"
Capri Bali,4.5,Italian,300000.0,Badung,"Jalan Camplung Tanduk N3, Seminyak Indonesia"
Rosalita's Cantina Bali,5.0,Mexican,300000.0,Badung,"Jl. Kayu Aya No.100, Kabupaten Badung Seminyak Square Kompleks Units 1c & 2c, Seminyak 80361 Indonesia"
Nusa By Suka - Nusa Dua,4.5,Bar,300000.0,Badung,"Jl. Kw. Nusa Dua Resort, Nusa Dua, Benoa 80361 Indonesia"
Warung Dolphin,4.5,Seafood,100000.0,Buleleng,"Jl. Laviana near Hotel suma End of the road, directly in front of the beach, Anturan, Lovina Beach 81151 Indonesia"
Moksa Ubud Plant-based Cuisine & Permaculture Garden,4.5,Asian,300000.0,Gianyar,"Puskesmas Ubud II, Gg. Damai, Ubud 80571 Indonesia"
Spice Mantraa Seminyak,4.5,Indian,500000.0,Badung,"Jl. Petitenget no.2000 X Seminyak, Kerobokan Kelod 80361 Indonesia"
The Flamingo Bali Beach Club,4.5,Bar,300000.0,Gianyar,"Jl. Pantai Saba, Saba, Blahbatuh 80581 Indonesia"
Roosterfish Beach Club,5.0,Bar,300000.0,Badung,"Jl. Pantai Pandawa Kutuh, Kuta Selatan, Kutuh 80361 Indonesia"
Laka Leke Restaurant,4.5,Asian,300000.0,Gianyar,"Nyuh Kuning, Ubud 80571 Indonesia"
The Public Gourmet,5.0,Cafe,100000.0,Badung,"Jl. Dharmawangsa No. 19A Kampial, Nusa Dua, Benoa 80361 Indonesia"
Green Melon Warung,5.0,Asian,100000.0,Karangasem,"Jl. Raya Amed, Bunutan, Karangasem 80852 Indonesia"
Sinssihwaro Korean BBQ,4.5,Korean,300000.0,Gianyar,"Jl. Goutama Selatan No.2, Ubud 80571 Indonesia"
WAHAHA Jimbaran,4.0,Barbecue,300000.0,Badung,"Jl. Wanagiri Samasta Lifestyle Village, Jimbaran Indonesia"
Shotgun Social Bali,4.5,Bar,300000.0,Denpasar,"Jl. Pantai Sindhu No.11, Sanur, Denpasar 80228 Indonesia"
Nude Canggu,4.5,Cafe,300000.0,Badung,"Jl. Pantai Berawa No. 33, Tibubeneng 80361 Indonesia"
Mumbai Kitchen,5.0,Bar,300000.0,Badung,"Jalan Pantai Berawa Finns Beach Club, Canggu 80361 Indonesia"
Bonito Fish Bar,5.0,Seafood,300000.0,Badung,"Jl. Bumbak Dauh No 5, Kerobokan Kelod 80361 Indonesia"
Lynked Restaurant Ubud,5.0,International,300000.0,Gianyar,"Jalan Raya Ubud, Ubud 80571 Indonesia"
Santorini Greek Restaurant Kuta,4.5,Mediterranean,100000.0,Badung,"Jl. Poppies 1 Gg. Sorga, Kuta 80361 Indonesia"
Edogin,4.5,Japanese,500000.0,Badung,"Jl. Raya Nusa Dua Selatan, Kawasan Sawangan The Mulia Resort, Nusa Dua, Benoa 80361 Indonesia"
Younghee Bali,5.0,Asian,500000.0,Badung,"Jl. Lebak Sari No. 77, Petitenget, Kuta Utara., Kerobokan Kelod 80361 Indonesia"
Uno Italian & Seafood Restaurant,4.0,Italian,300000.0,Badung,"Bali Collection Kawasan Pariwisata, Komplek BTDC, Nusa Dua, Benoa 80363 Indonesia"
Gala More,5.0,Asian,100000.0,Badung,"Jl. Kartika Plaza Gg. Samudra, Kuta Indonesia"
Ubud Natural,5.0,American,100000.0,Gianyar,"Jl. Sri Wedari No.8 Tegallantang, Ubud 80571 Indonesia"
Copenhagen Canggu,4.5,Cafe,100000.0,Badung,"Jl. Canggu Padang Linjong No.71a, Canggu 80361 Indonesia"
Blue Terrace Restaurant,4.5,International,300000.0,Badung,"Jl. Labuansait, Pecatu 80364 Indonesia"
Standing Stones Beach Restaurant,4.5,International,300000.0,Gianyar,"Jl. Pantai Purnama The Royal Purnama Villas, Gianyar 80582 Indonesia"
Tipsy Pigs,5.0,Bar,100000.0,Tabanan,"Jl. Pantai Kedungu No. 7, Belalang, Kediri 82121 Indonesia"
Bamboo Bar & Grill,4.5,Bar,300000.0,Badung,"Jl.Kartika Plaza Next to Waterbohm opposite discovery mall, Kuta 80361 Indonesia"
White Orchid,4.5,Cafe,300000.0,Denpasar,"Jl. Danau Tamblingan no. 85, Sanur, Denpasar Indonesia"
"Banyubiru Restaurant at The Laguna, Bali",4.5,International,300000.0,Badung,"The Laguna, a Luxury Collection Resort & Spa, Nusa Dua, Bali Kawasan Pariwisata Nusa Dua Lot N2, Nusa Dua, Benoa 80363 Indonesia"
Sun de Bisma,5.0,Seafood,300000.0,Gianyar,"Jl. Bisma No.30, Ubud 80571 Indonesia"
Yogi's Paradise and Grill,4.5,Seafood,300000.0,Badung,"Jl. Bunut Sari No.3 Kuta, Legian 80361 Indonesia"
Sushimi Seminyak Bali,4.5,Japanese,300000.0,Badung,"Jl. Camplung Tanduk No. 4X, Seminyak 80361 Indonesia"
Bamboo Kitchen Ubud,5.0,Asian,100000.0,Gianyar,"Br Bangkiang Sidem, Ubud 80561 Indonesia"
WOODS,5.0,Healthy,300000.0,Badung,"Jalan Munduk Tengah No.8, Pererenan, Canggu 80351 Indonesia"
Bella Italia Sanur,4.5,Italian,300000.0,Denpasar,"Jl. Cemara no. 72, Sanur, Denpasar 80221 Indonesia"
Atlas Kitchen,5.0,Chinese,100000.0,Badung,"Jl. Petitenget Gang Kecapi no. 7, Seminyak 80361 Indonesia"
"Shichirin Canggu, Japanese Teppanyaki Berawa by Wonderspace",5.0,Japanese,300000.0,Badung,"Jl. Pemelisan Agung Pantai Berawa No.88 Kuta Utara, Tibubeneng, Kec. Kuta Utara, Kabupaten Badung, Bali, Canggu 80361 Indonesia"
Indus Restaurant,4.0,Contemporary,300000.0,Gianyar,"Jl. Raya Sanggingan No.88X, Ubud 80571 Indonesia"
Clover Cafe Ubud,5.0,Bar,300000.0,Gianyar,"Jl. Penestanan, Sayan, Kecamatan Ubud, Kabupaten Jl. Penestanan, Sayan, Kecamatan Ubud, Kabupaten Gianyar, Bali, Ubud 80571 Indonesia"
Chops & Hops,4.5,Steakhouse,100000.0,Karangasem,"Jl. Raya Kubu Amplapura Ocean Sun Dive Resort Tulamben, Tulamben 80853 Indonesia"
Kemukus Restaurant,5.0,Bar,500000.0,Gianyar,"Jalan Cinta, Ubud 80561 Indonesia"
Nana's Pool & Bar Sidemen,5.0,Bar,100000.0,Karangasem,"Jl. Sidemen Jumpungan No.Mor 2, Sidemen, Karangasem 80864 Indonesia"
Ubud Humanity Dinner Show At Lemuria - The Lost City,4.5,Bar,300000.0,Gianyar,"Jalan Carmazzi Next To Avalon Castle Ubud, Ubud Indonesia"
La Vecchia Tana by Italycafe,5.0,Italian,300000.0,Badung,"Jl. Batu Belig no. 88, Kerobokan 80361 Indonesia"
Costa By Monsta,4.5,Italian,300000.0,Denpasar,"Jl. Cemara No.3, Sanur, Denpasar 80227 Indonesia"
The Bistrot,4.5,French,300000.0,Badung,"Jl. Kayu Aya no. 117 (In Front of Red Carpet), 80361 Indonesia"
Royal Orchid Resto,5.0,Italian,300000.0,Badung,"Jl. Pratama Royal Orchid Spa, Tanjung Benoa 80362 Indonesia"
Dulang at The St. Regis Bali Resort,5.0,Asian,500000.0,Badung,"Lot S6, Nusa Dua, Benoa 80363 Indonesia"
Big Fish Grill,5.0,Bar,300000.0,Badung,"Jalan Raya Pantai Kuta,, Legian 80361 Indonesia"
Rice Terrace Cafe,3.5,Cafe,300000.0,Gianyar,"Ceking Tegallalang, Ubud Indonesia"
OPIA Dining Destination,5.0,International,300000.0,Badung,"Bukit Permai No. 2, Jimbaran 80363 Indonesia"
Little Singapore By Chef Bernard,5.0,Seafood,300000.0,Badung,"Jl. Umalas 1, Gang XXV Block A No 8B Kerobokan Kelod, Kec. Kuta, Kabupaten Badung,, Kerobokan Kelod 80361 Indonesia"
Frankensteins Laboratory,4.5,Bar,300000.0,Badung,"Jl. Dhyana Pura no. 6, Seminyak 80361 Indonesia"
Paoman Restaurant,5.0,Bar,300000.0,Gianyar,"Jl. Raya Bresela, Gianyar Inara Alas Harum, Taro, Gianyar 80572 Indonesia"
Batujimbar Cafe,4.0,Cafe,300000.0,Denpasar,"Jalan Danau Tamblingan 75A, Sanur, Denpasar 80228 Indonesia"
The Barn,5.0,Bar,300000.0,Badung,"8 Jalan Lingkar Nelayan, Canggu 80361 Indonesia"
Gloriam Grills & Glamour (Gloriam Restaurant),5.0,Italian,300000.0,Badung,"Jalan Lebak Sari No. 25B Petitenget, Badung, Seminyak 80361 Indonesia"
Warung Old Brick,4.5,International,100000.0,Denpasar,"Gang Penjor Agung No.2, Sanur, Denpasar 80228 Indonesia"
Bacaro Pizza,5.0,Italian,300000.0,Badung,"Jl. Pantai Berawa No. 77, Canggu 80361 Indonesia"
Tabu,4.0,Mexican,300000.0,Badung,"Jl. Labuansait No.10, Pecatu 80361 Indonesia"
Warung Nasi Ayam Bu Oki,4.0,Asian,100000.0,Badung,"Jl. Uluwatu II, Jl. Celagi Basur No. 3y, Jimbaran 80363 Indonesia"
Casablanca Dine Drink Dance,4.5,Bar,300000.0,Denpasar,"Jl. Danau Tamblingan 120, Sanur, Denpasar 80223 Indonesia"
Ayung Terrace,4.5,Asian,500000.0,Gianyar,"Jl. Raya Sayan Four Seasons Resort Bali at Sayan, Sayan, Ubud 80571 Indonesia"
Pallas Greek Taverna Seminyak,4.5,Mediterranean,300000.0,Badung,"Jl. Camplung Tanduk No. 66, Seminyak, Bali 80361 Next to Blu-Zea Resort by Double-Six, Seminyak Indonesia"
Batu Karu Kopi,5.0,Cafe,300000.0,Tabanan,"Jl. Batu Luwih Kawan, Jatiluwih 82152 Indonesia"
The Luhron,4.5,Asian,100000.0,Badung,"Jl. Cendrawasih no. 17 Kerobokan, Seminyak 80361 Indonesia"
Rama Garden Restaurant & Sports Bar,4.0,Bar,300000.0,Badung,"Jl. Padma Legian Rama Garden Hotel, Legian 80361 Indonesia"
Yuki Canggu,4.5,Japanese,300000.0,Badung,"84RH+RM2, Canggu, Kuta Utara, Bali, Canggu 80361 Indonesia"
Three Steps Social Space,5.0,Cafe,100000.0,Badung,"Jl. Raya Uluwatu Pecatu No.500, Pecatu 80361 Indonesia"
The Butchers Club Steakhouse Bali,4.0,American,300000.0,Badung,"Jl. Cendrawasih, Petitenget Kerobokan, Seminyak 80361 Indonesia"
Botanist Restaurant Ubud,5.0,American,300000.0,Gianyar,"Jalan Kelabang Moding, Banjar Bentuyung, Ubud 80571 Indonesia"
Organic Ocean Restaurant,5.0,Seafood,300000.0,Badung,"Jl. Pura Kramat Udara Bali Yoga Resort, Seseh 80251 Indonesia"
Chora Mediterranean Restaurant & Bar,4.5,International,300000.0,Gianyar,"Jl. Bisma 70, Ubud 80571 Indonesia"
Lucid Cafe Bali,5.0,Cafe,300000.0,Badung,"Jalan Raya Kampus Unud, Jimbaran 80361 Indonesia"
Java Hut - Speciality Coffee & Lounge,5.0,Bar,100000.0,Badung,"Jl. Pantai Mengiat Ayodya Resort Bali, Nusa Dua, Benoa 80363 Indonesia"
Suka Espresso,5.0,Cafe,100000.0,Gianyar,"Jl. Raya Pengosekan Ubud No.108, Ubud 80571 Indonesia"
Copper Kitchen & Bar,4.5,Steakhouse,300000.0,Gianyar,"Jl. Bisma No.68 Ubud, Ubud 80571 Indonesia"
Seafood House,4.0,Chinese,300000.0,Badung,"Jl. Kartika Plaza Complex Kuta Sidewalk, Kuta 80361 Indonesia"
Restaurant Mai-Mai,4.0,Chinese,300000.0,Badung,"Bali Collection Block B 13, Nusa Dua, Benoa 80363 Indonesia"
Warung Babi Guling Sari Dewi,4.0,Asian,100000.0,Badung,"Jl. Srikandi no. 9, Nusa Dua, Benoa Indonesia"
Pizzeria Italia Ungasan,4.5,Italian,100000.0,Badung,"Jl. Uluwatu no. 200, Ungasan 80361 Indonesia"
Warung Makan Wayan,5.0,Asian,100000.0,Tabanan,"Jl. Cemara Candikuning, Baturiti, Tabanan 82191 Indonesia"
Cafe La Pasion,4.5,Mexican,300000.0,Badung,"Jl. Pantai Balangan Direction to Balangan beach - it is after Pondok Anyar Balangan homestay, Pecatu 80363 Indonesia"
Brie Restaurant & Cheesery,5.0,Bar,300000.0,Gianyar,"Jl. Penestanan Kelod, Sayan, Ubud 80571 Indonesia"
Ina Ré,5.0,Latin,500000.0,Badung,"Jl. Munduk Catu No. 9, Canggu, Kuta Utara, Badung- Bali 80363, Canggu Indonesia"
Don Juan Mexican Restaurant and Bar,5.0,Mexican,300000.0,Badung,"Jl. Pantai Kuta No.3 Bemo Corner, Kuta 80361 Indonesia"
The Porch Cafe,4.5,Cafe,300000.0,Denpasar,"Jl. Danau Tamblingan No. 110 Flashback's, Sanur, Denpasar 80228 Indonesia"
Lumbung Restaurant,5.0,Contemporary,300000.0,Gianyar,"Jalan Suweta Visesa Ubud Resort, Ubud 80571 Indonesia"
Seagrass by the Beach,4.5,Italian,300000.0,Denpasar,"Jl. Duyung No.10a, Sanur, Denpasar 80228 Indonesia"
Queen's Of India Nusa Dua,4.0,Indian,300000.0,Badung,"Jl Pratama 65B, Tanjung Benoa Indonesia"
Taco Fiesta,5.0,Mexican,100000.0,Gianyar,"Jl. Bisma No.33, Ubud 80571 Indonesia"
Warung Heaven,5.0,Asian,100000.0,Buleleng,"Jl Pura Puseh Kecamatan Banjar, Munduk, Banjar 81152 Indonesia"
ZIN Cafe,4.5,Cafe,300000.0,Badung,"Jl. Nelayan No. 78 E Zin, Canggu 80361 Indonesia"
Kelapa Muda Ubud,4.5,Bar,300000.0,Gianyar,"Jalan Lobong Sari, Kelapa Muda Lane, Banjar Ambengan Peliatan Ubud, Ubud Indonesia"
Beachgarden - Organic Kitchen,5.0,International,300000.0,Badung,"Jl. Pantai Batu Bolong No.103-107, Canggu 80365 Indonesia"
Table Talk Ubud,5.0,American,300000.0,Gianyar,"Jalan Raya Pengosekan, Ubud 80571 Indonesia"
Mozzarella at The Magani Hotel,4.5,Italian,300000.0,Badung,"Jl. Melasti, Legian Kelod The Magani Hotel, Legian 80361 Indonesia"
Jepun Sanur,4.5,Asian,300000.0,Denpasar,"Jalan Danau Tamblingan 212, Sanur, Denpasar Indonesia"
Yuyu Resto Ceningan,5.0,American,100000.0,Klungkung,Indonesia
"Tirta Ayu Restaurant , The Water Palace , Tirtagangga",4.0,International,300000.0,Karangasem,"Within the Water Palace , Tirtagangga , East Bali Amlapura, Subagan, Karangasem 80852 Indonesia"
Cafe Pomegranate,4.0,Cafe,300000.0,Gianyar,"Jl Subak Sok Wayah, Ubud 80571 Indonesia"
Watercress,4.5,Cafe,300000.0,Badung,"Jl. Batu Belig no. 21a, Kerobokan 80361 Indonesia"
Maluku Ubud,4.5,Mediterranean,300000.0,Gianyar,"Jl. Monkey Forest, Ubud, Ubud 80572 Indonesia"
The Loft Uluwatu,4.5,Cafe,300000.0,Badung,"Jl. Labuan sait No.52, Pecatu 80361 Indonesia"
Plataran Canggu Venue & Dining,5.0,Asian,300000.0,Badung,"Jl. Pengubugan Villa Canggu by Plataran, Kerobokan 80361 Indonesia"
You & Mie,5.0,Asian,100000.0,Gianyar,"Jl. Sukma Kusuma No. 16, Peliatan, Ubud 80571 Indonesia"
Da Maria,4.5,Italian,300000.0,Badung,"Jl. Petitenget No.170, Seminyak 80361 Indonesia"
Dulang Kafe,4.5,Italian,300000.0,Badung,"Jl. Bakung Sari Kuta Square, Blok C/20-22, Kuta 80361 Indonesia"
Casa Bambu Canteen,4.5,Mexican,100000.0,Klungkung,"Jl. Raya Jungutbatu, 80716 Indonesia"
Embers,5.0,Italian,300000.0,Gianyar,"Jl. Bisma No.97, Ubud Bisma Eight Villas, Ubud 80571 Indonesia"
The Wijaya Kusuma Fine Dining Restaurant,5.0,Asian,500000.0,Gianyar,"Desa Melinggih Kelod, Banjar Begawan, Payangan Desa Melinggih Kelod, Banjar Begawan, Payangan 80572 Indonesia"
Legend Bar & Restaurant,4.0,Bar,300000.0,Badung,"Jalan Sahadewa no 9, Legian Indonesia"
Kayumanis Seaside Sanur,4.5,Seafood,300000.0,Denpasar,"Jl. Pantai Sindhu Sindhu Beach, Sanur, Denpasar 80227 Indonesia"
Street 32 Cocktail Bar & Eatery,5.0,Bar,300000.0,Badung,"Mamaka By Ovolo - Jl. Pantai Kuta, Kuta 80361 Indonesia"
Taqisa,4.5,Mexican,100000.0,Denpasar,"Jl. Danau Tamblingan No.170, Sanur, Denpasar 80228 Indonesia"
Pronto Pizza,4.5,Italian,100000.0,Badung,"Jl. Popies I, Kuta 80361 Indonesia"
Sambal Shrimp,4.5,Seafood,300000.0,Badung,"Jl. Kayu Aya no. 6, Seminyak 80361 Indonesia"
Slushy S*ciety,5.0,Bar,100000.0,Badung,"Jl. Pantai Baju Mejan No.1 Inside BURGREENS area, Canggu 80361 Indonesia"
Mykonos Greek Restaurant,3.5,Mediterranean,300000.0,Badung,"Jl. Laksmana 52 Oberoi, Kuta Utara, Kabupaten Badung,, Seminyak 80361 Indonesia"
Sushi Island,5.0,Japanese,100000.0,Klungkung,"Jl. Ped - Buyuk, 80771 Indonesia"
Lacalita,4.5,Mexican,300000.0,Badung,"Jl. Pantai Batu Bolong No.68, Canggu 80361 Indonesia"
Dua Sisi Kitchen & Bar,5.0,Bar,300000.0,Badung,"Jalan Camplung Tanduk No. 99, Seminyak 80361 Indonesia"
Ganesha Ek Sanskriti - Ayodya Nusa Dua,5.0,Indian,500000.0,Badung,"Ayodya Resort Bali, First Floor Jl. Pantai Mengiat No. 4, Nusa Dua, Bali, Nusa Dua, Benoa 80363 Indonesia"
Banger Place - Pizza x Art x Love,5.0,Italian,300000.0,Badung,"Jl. Tanah Barak No.1A, Canggu 80361 Indonesia"
Da Roma,5.0,Italian,300000.0,Badung,"Jl. Pantai Berawa 29, Canggu 80361 Indonesia"
Syrco BASÈ,5.0,Fusion,500000.0,Gianyar,"Jl. Sri Wedari No. 72 Ubud, Ubud 80571 Indonesia"
Tebu Merah Restaurant,5.0,International,300000.0,Badung,"Jl. Sri Rama no. 8 C Fairfield by Marriott Bali Legian, Legian 80361 Indonesia"
Warung Bamboo,4.0,Seafood,100000.0,Badung,"Jl. Pemelisan Agung, Jimbaran 80361 Indonesia"
Basil Kitchen Bali,4.5,Asian,300000.0,Badung,"Jl. Pangkung Sari no. 45, Seminyak 80361 Indonesia"
La Baracca,4.5,Italian,300000.0,Badung,"Jl. Petitenget 17D, Seminyak 80361 Indonesia"
Cafe del Mar Bali,4.0,Italian,300000.0,Badung,"Jl Subak Sari, Canggu 80361 Indonesia"
Art Cafe Bumbu Bali,5.0,Asian,300000.0,Badung,"Jl. Pintas Siligita No.101, Benoa 80361 Indonesia"
Awake Cafe,5.0,Cafe,100000.0,Gianyar,"Jalan Sukma Kesuma 11A, Ubud 80571 Indonesia"
Sushi Kyuden Bali,4.0,Japanese,300000.0,Badung,"Jl. Sunset Road no. 99, Kuta 80361 Indonesia"
Rise & Shine Cafe,5.0,Healthy,100000.0,Badung,"Jl. Padang Linjong No 71A, Canggu 80361 Indonesia"
The Rich Penida,5.0,International,100000.0,Klungkung,"Jalan Ped - Buyuk, Ped 80771 Indonesia"
Warung Damar,4.5,Asian,300000.0,Badung,"Jl. Kartika Plaza Bali Garden Beach Resort, Kuta 80361 Indonesia"
Seasoned,5.0,Seafood,300000.0,Gianyar,"Jl. Raya Pengosekan No. 108, Ubud 80571 Indonesia"
Summer Queen Bali,4.5,Bar,300000.0,Badung,"Jl. Padma No 8, Legian 80361 Indonesia"
Beach Bar,4.5,Bar,300000.0,Badung,"Jl. Taman Ganesha no. 9 Petitenget, Seminyak 80361 Indonesia"
Santorini Greek Restaurant,4.5,Mediterranean,100000.0,Badung,"Jl. Batu Mejan No.50 Echo Beach, Canggu Indonesia"
MAMA'S German Restaurant,4.0,German,300000.0,Badung,"Jl. Legian, Kuta 80361 Indonesia"
The Fair Warung Bale,4.5,Asian,100000.0,Gianyar,"Jl. Sriwedari no. 6 100m Up From Main Road Ubud, Ubud 80571 Indonesia"
Kayu Lembongan,5.0,Cafe,300000.0,Klungkung,"Jl. Jungutbatu, 80771 Indonesia"
Padi Restaurant,4.5,Indonesian,300000.0,Badung,"Jl. Karang Mas Sejahtera, Jimbaran 80364 Indonesia"
Sea Circus,4.5,Cafe,300000.0,Badung,"22 Jalan Kayu Aya Oberoi Road opposite Samaya Villas, Seminyak Indonesia"
Bird Nest Thai Kitchen,4.5,Asian,300000.0,Gianyar,"Jalan Raya Sayan, Ubud 80571 Indonesia"
Un's Restaurant,4.5,Italian,300000.0,Badung,"Jalan Pantai Kuta Corner Poppies 1, Kuta 80361 Indonesia"
The Warung at Alila Villas Uluwatu,4.5,Indonesian,500000.0,Badung,"Jl. Belimbing Sari Banjar Tambiyak, Pecatu 80364 Indonesia"
Kuali Restaurant,4.5,Asian,300000.0,Badung,"Jl. Arjuna no. 99, Legian Indonesia"
Mandala Bar and Grill,4.5,Asian,300000.0,Badung,"JL. Pratama 55X, Nusa Dua, Benoa 80361 Indonesia"
Bendino Cafe,5.0,Italian,300000.0,Badung,"Uluwatu St No.177, Jimbaran 80361 Indonesia"
Norii Ubud by Ini Vie Hospitality,5.0,Japanese,300000.0,Gianyar,"Jl. Sawah Indah Gang Amarea No 8, Ubud 80571 Indonesia"
Forketta Bali,4.5,Italian,300000.0,Denpasar,"Jl Danau Tamblingan 126c Sanur, Sanur, Denpasar 80228 Indonesia"
Api Jiwa,5.0,Barbecue,500000.0,Gianyar,"Jl. RY Dalem, Kelusa, Payangan 80561 Indonesia"
12 Urban Cafe,5.0,Cafe,300000.0,Badung,"Jl. Pantai Batu Mejan No. 12c, Canggu 80361 Indonesia"
Kenja Ikan Bakar In Nusa Dua,4.5,Cafe,300000.0,Badung,"Kenja Square, Jl. Pantai Mengiat Jl Raya Nusa Dua Selatan, Benoa 80363 Indonesia"
Ambermoon Warung,4.5,Seafood,300000.0,Badung,"Jl. Camplung Tanduk No.103F, Seminyak 80361 Indonesia"
Warung Bu Mi,4.5,Asian,100000.0,Badung,"Jl. Raya Batu Bolong no. 52, Canggu 80361 Indonesia"
Ginger & Jamu,4.5,Cafe,100000.0,Klungkung,"Ship wreck Beach Jungut Batu End of the Rip Curl gang on the beach front, 80771 Indonesia"
Mads Lange,5.0,International,300000.0,Gianyar,"Jl. RY Dalem, Kelusa, Payangan 80561 Indonesia"
Nusa Dua Beach Grill,4.0,Italian,300000.0,Badung,"Jl. Pura Geger Geger Lagoon, Nusa Dua, Benoa 80363 Indonesia"
Riva Bar & Restaurant,4.5,Bar,300000.0,Badung,"Jl. Pantai Kuta Kuta Beach Heritage Hotel, Kuta 80361 Indonesia"
Waroeng Telaga's,4.5,Seafood,100000.0,Badung,"Jl. Kartika Plaza In Front Of Discovery Mall, Kuta 80361 Indonesia"
Sakala Beach Club,4.5,European,500000.0,Badung,"Jl. Pratama 95 The Sakala Resort Bali, Tanjung Benoa 80363 Indonesia"
"Cantina Classe, Italian Restaurant Canggu by Wonderspace",5.0,Italian,300000.0,Badung,"Jalan Padang Linjong No.8C, Canggu 80361 Indonesia"
Avera Bali,5.0,Bar,300000.0,Badung,"Jl Legian No 88 Kuta, Badung, Bali, Kuta 80361 Indonesia"
After Rock,5.0,Bar,300000.0,Badung,"Jalan Karang Mas Sejahtera, Jimbaran 80361 Indonesia"
Mona Lisa Cafe,4.5,European,300000.0,Denpasar,"Danau Tamblingan No.98, Sanur, Denpasar Indonesia"
Istanbul Corner Bali,5.0,Mediterranean,300000.0,Badung,"Sidewalk Jimbaran, Jl. Raya Uluwatu No.138a, Jimbaran 80361 Indonesia"
The Shore,4.5,Seafood,300000.0,Badung,"Jl. Raya Nusa Dua Selatan Hilton Bali Resort, Nusa Dua, Benoa 80361 Indonesia"
Vue Beach Club Canggu,4.0,Bar,300000.0,Badung,"Jalan Pantai Berawa No. 100XX, Tibubeneng 80361 Indonesia"
Laguna Garden Restaurant Bali Collection,4.0,Seafood,300000.0,Badung,"Bali Collection Block A ITDC Area Nusa Dua, Nusa Dua, Benoa 80363 Indonesia"
He'enalu Cafe & Resto,5.0,International,100000.0,Badung,"Jalan Raya Uluwatu No. 70X Pecatu, Pecatu 80361 Indonesia"
Clear Cafe,4.5,Cafe,300000.0,Gianyar,"Jl. Hanoman No. 8, Ubud 80571 Indonesia"
Paed Thai Canggu by Wonderspace,5.0,Asian,500000.0,Badung,"Jl. Canggu Padang Linjong No.8A, Canggu 80361 Indonesia"
Warung Anna,4.5,Asian,100000.0,Denpasar,"Jl. karang sari no. 2, Sanur, Denpasar Indonesia"
Casa Luna Restaurant,4.0,Cafe,300000.0,Gianyar,"Jl. Bisma, Ubud 80571 Indonesia"
Brunch Station,5.0,Bar,100000.0,Badung,"Jl. Labuan Sait No. 73, Pecatu 80361 Indonesia"
Sang Ria Grill Bali,4.5,International,300000.0,Badung,"Jl Werkudara No.5, Legian 80361 Indonesia"
Hitana Restaurant,4.5,International,300000.0,Badung,"Jalan Padma Utara, Legian Kaja The Bali Niksoma Hotel, Legian 80361 Indonesia"
Bamboo Corner,4.0,Seafood,100000.0,Badung,"Poppies Lane I no. 26, Kuta Indonesia"
Warung Setia,4.5,Asian,100000.0,Buleleng,"Jl. Seririt - Gilimanuk, Pemuteran, Gerokgak 81155 Indonesia"
Terracotta Restaurant Ubud,4.5,International,300000.0,Gianyar,"Jl. Raya Lungsiakan No.62, Ubud 80571 Indonesia"
Santana Brasserie Latina,5.0,Steakhouse,300000.0,Badung,"Jl. Pemelisan Agung No.8, Berawa, Kec. Kuta Utara, Canggu 80363 Indonesia"
Craftsman Ubud,5.0,Bar,300000.0,Gianyar,"Jl. Suweta No.24 Depan Parkir Ubud, Ubud 80571 Indonesia"
Moana Fish Eatery,4.5,Seafood,300000.0,Badung,"Jl. Pantai Batu Bolong no. 28, Canggu 80361 Indonesia"
Warung Bule Legian,5.0,Southwestern,100000.0,Badung,"Jl. Padma Utara gang Abdi no 11, Legian 80361 Indonesia"
Romeos Bar & Grillery,4.5,Bar,300000.0,Badung,"Jl. Padma Utara Ossotel, Legian 80361 Indonesia"
Sumizen Bali,5.0,Japanese,500000.0,Badung,"Jl. Karang Mas, Jimbaran, Kec. Kuta Sel AYANA Resort and Spa, Jimbaran 80364 Indonesia"
D'alas Warung,4.5,Asian,300000.0,Gianyar,"Jl. Raya Pujung Kaja, Ubud 80561 Indonesia"
Curry Traders Restaurant And Bar,4.5,Indian,300000.0,Klungkung,"Jalan Jungutbatu, Jungutbatu 80771 Indonesia"
Indiana Kenanga Restaurant,4.5,French,500000.0,Klungkung,"Jungut Batu Beach 56, 80771 Indonesia"
