name,rating,category,price_wna,city,address,google_maps
Upside Down World Bali,4.2,Tourist attraction,150000.0,Denpasar,Jl. Bypass Ngurah Rai No.762,https://www.google.com/maps/place/Upside+Down+World+Bali/data=!4m7!3m6!1s0x2dd2414421ee552f:0xb23009c36c511835!8m2!3d-8.716711!4d115.2052612!16s%2Fg%2F11cl_3yx00!19sChIJL1XuIURB0i0RNRhRbMMJMLI?authuser=0&hl=en&rclk=1
Alas Kedaton,4.2,Tourist attraction,50000.0,Tabanan,"F5C4+644, Jl. Raya Alas Kedaton",https://www.google.com/maps/place/Alas+Kedaton/data=!4m7!3m6!1s0x2dd23b164d2a8bb3:0x118812004a86244b!8m2!3d-8.5294825!4d115.1553403!16s%2Fg%2F1ptx26t72!19sChIJs4sqTRY70i0RSySGSgASiBE?authuser=0&hl=en&rclk=1
Big Garden Corner,4.3,Tourist attraction,50000.0,Denpasar,"Sanur, Jl. Bypass Ngurah Rai",https://www.google.com/maps/place/Big+Garden+Corner/data=!4m7!3m6!1s0x2dd24071d99200c3:0x6b8b5fe4aa9162c0!8m2!3d-8.6568602!4d115.253657!16s%2Fg%2F11c0pyr1_h!19sChIJwwCS2XFA0i0RwGKRquRfi2s?authuser=0&hl=en&rclk=1
Taman Nusa,4.3,Museum,100000.0,Gianyar,"Banjar Blahpane Kelod, Jl. Taman Bali Â– Banjarangkan",https://www.google.com/maps/place/Taman+Nusa/data=!4m7!3m6!1s0x2dd216dde1b8da09:0xd36ee4095fe3d8e6!8m2!3d-8.5286174!4d115.3585207!16s%2Fg%2F1hhvw85_q!19sChIJCdq44d0W0i0R5tjjXwnkbtM?authuser=0&hl=en&rclk=1
Krisna Funtasticland,4.3,Tourist attraction,90000.0,Buleleng,"RXCV+HMR, Jl. Seririt- Singaraja",https://www.google.com/maps/place/Krisna+Funtasticland/data=!4m7!3m6!1s0x2dd18354c1674f11:0xeab10ee4e8cf7f1a!8m2!3d-8.1785032!4d114.9941258!16s%2Fg%2F11c20swxtm!19sChIJEU9nwVSD0S0RGn_P6OQOseo?authuser=0&hl=en&rclk=1
Barong Tanah Kilap - Sari Wisata Budaya BALI,4.4,Tourist attraction,15000.0,Denpasar,Jl. Griya Anyar No.25B,https://www.google.com/maps/place/Barong+Tanah+Kilap+-+Sari+Wisata+Budaya+BALI/data=!4m7!3m6!1s0x2dd2414c5b2eae35:0x345684bb5f52fa7a!8m2!3d-8.718854!4d115.1924122!16s%2Fg%2F11clyszkc2!19sChIJNa4uW0xB0i0RevpSX7uEVjQ?authuser=0&hl=en&rclk=1
"Bali Festival Park, Padang Galak",4.4,Park,10000.0,Denpasar,Jl. Padang Galak No.3,"https://www.google.com/maps/place/Bali+Festival+Park,+Padang+Galak/data=!4m7!3m6!1s0x2dd240121a35ea2f:0xc9d9ad54dfef06e4!8m2!3d-8.6575124!4d115.2654034!16s%2Fg%2F11b7xgwr4q!19sChIJL-o1GhJA0i0R5Abv31St2ck?authuser=0&hl=en&rclk=1"
Waterblow,4.4,Tourist attraction,25000.0,Badung,,https://www.google.com/maps/place/Waterblow/data=!4m7!3m6!1s0x2dd242d64fdf1499:0x693ff9065fcd1f44!8m2!3d-8.8038567!4d115.2398639!16s%2Fg%2F11b66sm7gm!19sChIJmRTfT9ZC0i0RRB_NXwb5P2k?authuser=0&hl=en&rclk=1
Bali Zoo,4.4,Tourist attraction,395000.0,Gianyar,Jl. Raya Singapadu,https://www.google.com/maps/place/Bali+Zoo/data=!4m7!3m6!1s0x2dd23e3e4361eea5:0x3bf4eb36bfd7c6be!8m2!3d-8.5916783!4d115.2656522!16s%2Fg%2F1tk_rlbg!19sChIJpe5hQz4-0i0RvsbXvzbr9Ds?authuser=0&hl=en&rclk=1
Bali Museum,4.4,Museum,5000.0,Denpasar,Jl. Mayor Wisnu No.1,https://www.google.com/maps/place/Bali+Museum/data=!4m7!3m6!1s0x2dd2409a2f3cad43:0xf32d693f7bfe87da!8m2!3d-8.6575741!4d115.2185908!16s%2Fm%2F076xxfn!19sChIJQ608L5pA0i0R2of-ez9pLfM?authuser=0&hl=en&rclk=1
CitraLand Waterpark,4.4,Tourist attraction,50000.0,Denpasar,"Perumahan CitraLand, Jl. Cargo Permai",https://www.google.com/maps/place/CitraLand+Waterpark/data=!4m7!3m6!1s0x2dd23f346b6a9da9:0x915e7076cea62495!8m2!3d-8.6273874!4d115.1932744!16s%2Fg%2F11cjp9szkn!19sChIJqZ1qazQ_0i0RlSSmznZwXpE?authuser=0&hl=en&rclk=1
Plaza Wisnu,4.4,Tourist attraction,115000.0,Badung,"55R9+388, Jl. GWK Bali",https://www.google.com/maps/place/Plaza+Wisnu/data=!4m7!3m6!1s0x2dd24505814830a5:0x3c348cb9ba027ef1!8m2!3d-8.8098285!4d115.1683232!16s%2Fg%2F11qynmqrlb!19sChIJpTBIgQVF0i0R8X4CurmMNDw?authuser=0&hl=en&rclk=1
Garuda Wisnu Kencana Cultural Park,4.5,Park,125000.0,Badung,Uluwatu St,https://www.google.com/maps/place/Garuda+Wisnu+Kencana+Cultural+Park/data=!4m7!3m6!1s0x2dd244cf54e1dec7:0x1988663e064f5a51!8m2!3d-8.8104228!4d115.1675986!16zL20vMGRyenpx!19sChIJx97hVM9E0i0RUVpPBj5miBk?authuser=0&hl=en&rclk=1
Bali Safari and Marine Park,4.5,Park,650000.0,Gianyar,Jl. Prof. Dr. Ida Bagus Mantra No.Km. 19,https://www.google.com/maps/place/Bali+Safari+and+Marine+Park/data=!4m7!3m6!1s0x2dd21446b81f7d39:0x34b39c786c2e54ec!8m2!3d-8.5805621!4d115.3454147!16s%2Fm%2F0lkqtcl!19sChIJOX0fuEYU0i0R7FQubHicszQ?authuser=0&hl=en&rclk=1
Daerah tujuan wisata tukad bindu,4.5,Tourist attraction,0.0,Denpasar,Jl. Turi,https://www.google.com/maps/place/Daerah+tujuan+wisata+tukad+bindu/data=!4m7!3m6!1s0x2dd23f789bdb40bb:0xc8f454047cb4a78!8m2!3d-8.6437911!4d115.2358125!16s%2Fg%2F11c6r1t8p0!19sChIJu0Dbm3g_0i0ReErLR0BFjww?authuser=0&hl=en&rclk=1
Alas Harum Bali,4.5,Tourist attraction,47500.0,Gianyar,Jl. Raya Tegallalang,https://www.google.com/maps/place/Alas+Harum+Bali/data=!4m7!3m6!1s0x2dd2227ee0628013:0xf443506a00fa75f3!8m2!3d-8.43989!4d115.2806075!16s%2Fg%2F11cjj0wf3v!19sChIJE4Bi4H4i0i0R83X6AGpQQ_Q?authuser=0&hl=en&rclk=1
Objek Wisata Sangeh,4.6,Tourist attraction,30000.0,Badung,Jl. Brahmana,https://www.google.com/maps/place/Objek+Wisata+Sangeh/data=!4m7!3m6!1s0x2dd223479e94fb0f:0x5274752bd0620946!8m2!3d-8.4815663!4d115.2065458!16s%2Fg%2F1pzpxsp3l!19sChIJD_uUnkcj0i0RRgli0Ct1dFI?authuser=0&hl=en&rclk=1
Secret Garden Village,4.6,Tourist attraction,100000.0,Tabanan,"Jl. Raya Denpasar Bedugul km. 36, Mekarsari, Baturiti, Mekarsari, Tabanan",https://www.google.com/maps/place/Secret+Garden+Village/data=!4m7!3m6!1s0x2dd2212ba32a0087:0xabd3c3b7c8f647ef!8m2!3d-8.3731174!4d115.1930791!16s%2Fg%2F11cjhzdxpb!19sChIJhwAqoysh0i0R70f2yLfD06s?authuser=0&hl=en&rclk=1
Satria Gatotkaca Park,4.6,Park,0.0,Badung,Jl. Raya Tuban No.1,https://www.google.com/maps/place/Satria+Gatotkaca+Park/data=!4m7!3m6!1s0x2dd2440f8fee4add:0xc8da53e970262159!8m2!3d-8.7443882!4d115.1788673!16s%2Fg%2F11btvb72pd!19sChIJ3Urujw9E0i0RWSEmcOlT2sg?authuser=0&hl=en&rclk=1
Bali Exotic Marine Park,4.6,Park,520000.0,Gianyar,Jl. Bali Eksotik No.8,https://www.google.com/maps/place/Bali+Exotic+Marine+Park/data=!4m7!3m6!1s0x2dd2419a57a1d77f:0x45e6740258630c37!8m2!3d-8.7238697!4d115.2164357!16s%2Fg%2F11hyjxtt83!19sChIJf9ehV5pB0i0RNwxjWAJ05kU?authuser=0&hl=en&rclk=1
Bali Bird Park,4.6,Park,265000.0,Gianyar,Jl. Serma Cok Ngurah Gambir Singapadu,https://www.google.com/maps/place/Bali+Bird+Park/data=!4m7!3m6!1s0x2dd23e4efac54c0f:0x5f8920acf656382c!8m2!3d-8.5995781!4d115.2519216!16s%2Fm%2F0_fn070!19sChIJD0zF-k4-0i0RLDhW9qwgiV8?authuser=0&hl=en&rclk=1
Bajra Sandhi Monument,4.6,Museum,50000.0,Denpasar,Jl. Raya Puputan No.142,https://www.google.com/maps/place/Bajra+Sandhi+Monument/data=!4m7!3m6!1s0x2dd240f5b0baad2f:0xf67150ab4e009a2c!8m2!3d-8.6717348!4d115.233902!16s%2Fm%2F0n45qhz!19sChIJL626sPVA0i0RLJoATqtQcfY?authuser=0&hl=en&rclk=1
Ulun Danu Beratan Temple,4.6,Tourist attraction,75000.0,Tabanan,Danau Beratan,https://www.google.com/maps/place/Ulun+Danu+Beratan+Temple/data=!4m7!3m6!1s0x2dd1896c9fac0857:0x18246568e4db1b53!8m2!3d-8.2751807!4d115.1668234!16s%2Fm%2F05zyg1h!19sChIJVwisn2yJ0S0RUxvb5GhlJBg?authuser=0&hl=en&rclk=1
Daya Tarik Wisata Bedugul,4.6,Tourist attraction,70000.0,Tabanan,Jl. Puncak Mangu No.1,https://www.google.com/maps/place/Daya+Tarik+Wisata+Bedugul/data=!4m7!3m6!1s0x2dd189715a929dcb:0x80d8c409911b09c2!8m2!3d-8.2840649!4d115.1716726!16s%2Fg%2F11bytnb4s2!19sChIJy52SWnGJ0S0RwgkbkQnE2IA?authuser=0&hl=en&rclk=1
Werdhi Budaya Art Centre,4.6,Museum,0.0,Denpasar,Jl. Nusa Indah No.1,https://www.google.com/maps/place/Werdhi+Budaya+Art+Centre/data=!4m7!3m6!1s0x2dd2408774ac0e19:0xee8eace99d65c91e!8m2!3d-8.6556215!4d115.2338714!16s%2Fg%2F11h84jtrpx!19sChIJGQ6sdIdA0i0RHsllnemsju4?authuser=0&hl=en&rclk=1
Tanah Lot,4.6,Tourist attraction,60000.0,Tabanan,,https://www.google.com/maps/place/Tanah+Lot/data=!4m7!3m6!1s0x2dd237824f71deab:0xcaabe270f7e34d69!8m2!3d-8.621213!4d115.086807!16zL20vMGJ2NGRo!19sChIJq95xT4I30i0RaU3j93Diq8o?authuser=0&hl=en&rclk=1
Pantai Double - Six,4.7,Tourist attraction,0.0,Badung,,https://www.google.com/maps/place/Pantai+Double+-+Six/data=!4m7!3m6!1s0x2dd2479816ac658f:0xc8f11ad843a0f6a4!8m2!3d-8.6975406!4d115.1621384!16s%2Fg%2F11n_xx1p1_!19sChIJj2WsFphH0i0RpPagQ9ga8cg?authuser=0&hl=en&rclk=1
5GX Bali,4.7,Tourist attraction,34473.85620915033,Badung,"Jalan Legian No.99, Legian, Kuta",https://www.google.com/maps/place/5GX+Bali/data=!4m7!3m6!1s0x2dd246c6c2b664e3:0x87bf7e718fc653ec!8m2!3d-8.7178511!4d115.174477!16s%2Fg%2F11c20d8v10!19sChIJ42S2wsZG0i0R7FPGj3F-v4c?authuser=0&hl=en&rclk=1
Pandora Experience Escape Room Bali,4.7,Tourist attraction,34473.85620915033,Badung,Jl. Dewi Sri No.45 D,https://www.google.com/maps/place/Pandora+Experience+Escape+Room+Bali/data=!4m7!3m6!1s0x2dd246cf7ab2527b:0xe0db0a862b86eea8!8m2!3d-8.7065454!4d115.1780584!16s%2Fg%2F11c2mcpndj!19sChIJe1Kyes9G0i0RqO6GK4YK2-A?authuser=0&hl=en&rclk=1
Beach,3.4,Beach,10000.0,Badung,,https://www.google.com/maps/place/Beach/data=!4m7!3m6!1s0x2dd244215f0e6b23:0x29c45cf74a4c8aed!8m2!3d-8.7384779!4d115.1609394!16s%2Fg%2F11k3gbvnzt!19sChIJI2sOXyFE0i0R7YpMSvdcxCk?authuser=0&hl=en&rclk=1
Beach Serangan,3.6,Beach,34473.85620915033,Denpasar,Jl. Pratama No.72,https://www.google.com/maps/place/Beach+Serangan/data=!4m7!3m6!1s0x2dd24308226c3bcb:0x3d868aa57c3fed66!8m2!3d-8.771386!4d115.2229417!16s%2Fg%2F11c4bhd5_k!19sChIJyztsIghD0i0RZu0_fKWKhj0?authuser=0&hl=en&rclk=1
Padang Beach,3.6,Beach,34473.85620915033,Badung,,https://www.google.com/maps/place/Padang+Beach/data=!4m7!3m6!1s0x2dd24ff8f36bc7b1:0xcff744a6c2bdd430!8m2!3d-8.8137705!4d115.0922774!16s%2Fg%2F1ptyzkz3h!19sChIJscdr8_hP0i0RMNS9wqZE988?authuser=0&hl=en&rclk=1
Padang Bai Beach,3.9,Beach,15000.0,Karangasem,,https://www.google.com/maps/place/Padang+Bai+Beach/data=!4m7!3m6!1s0x2dd20e663533dd61:0x9fb794caf1bad457!8m2!3d-8.5306578!4d115.5096385!16s%2Fg%2F11b7pzt01x!19sChIJYd0zNWYO0i0RV9S68cqUt58?authuser=0&hl=en&rclk=1
Pengalon Beach,4.0,Beach,0.0,Karangasem,Unnamed Road,https://www.google.com/maps/place/Pengalon+Beach/data=!4m7!3m6!1s0x2dd20e0b564ec319:0x7db5ef126279c9ee!8m2!3d-8.5446206!4d115.4965227!16s%2Fg%2F11g6j6tmkc!19sChIJGcNOVgsO0i0R7sl5YhLvtX0?authuser=0&hl=en&rclk=1
Pantai Sosro,4.0,Beach,0.0,Karangasem,,https://www.google.com/maps/place/Pantai+Sosro/data=!4m7!3m6!1s0x2dd2085f0c93291f:0x9bca8a7ff75a3353!8m2!3d-8.4835977!4d115.6170793!16s%2Fg%2F11b772nddb!19sChIJHymTDF8I0i0RUzNa93-Kyps?authuser=0&hl=en&rclk=1
Kusamba Beach,4.1,Beach,0.0,Klungkung,,https://www.google.com/maps/place/Kusamba+Beach/data=!4m7!3m6!1s0x2dd20e705781a8df:0xe5f1edb71a38b5d4!8m2!3d-8.5636564!4d115.4518384!16s%2Fg%2F11bx1z3sfs!19sChIJ36iBV3AO0i0R1LU4Grft8eU?authuser=0&hl=en&rclk=1
Pantai Soka,4.2,Beach,5000.0,Tabanan,Jl. Raya Denpasar - Gilimanuk,https://www.google.com/maps/place/Pantai+Soka/data=!4m7!3m6!1s0x2dd231d905a75137:0x29e59d4a55c7a4!8m2!3d-8.5280463!4d114.9952497!16s%2Fg%2F1pzvfg9hs!19sChIJN1GnBdkx0i0RpMdVSp3lKQA?authuser=0&hl=en&rclk=1
Secret Beach,4.2,Beach,5000.0,Karangasem,"Padangbai, Manggis",https://www.google.com/maps/place/Secret+Beach/data=!4m7!3m6!1s0x2dd20e6f882d6f5f:0x5c1f1084ab72ee56!8m2!3d-8.5368767!4d115.5088481!16s%2Fg%2F11bc96vx_y!19sChIJX28tiG8O0i0RVu5yq4QQH1w?authuser=0&hl=en&rclk=1
Pantai Baluk Rening,4.2,Beach,0.0,Jembrana,,https://www.google.com/maps/place/Pantai+Baluk+Rening/data=!4m7!3m6!1s0x2dd1606ad273f229:0x35bb3d6787a283f3!8m2!3d-8.3508247!4d114.5458949!16s%2Fg%2F11bx83lwqs!19sChIJKfJz0mpg0S0R84Oih2c9uzU?authuser=0&hl=en&rclk=1
Biaung Beach,4.2,Beach,0.0,Denpasar,Jl. Gumitir Gg. Anggrek,https://www.google.com/maps/place/Biaung+Beach/data=!4m7!3m6!1s0x2dd2400f6ccd6761:0x58c75170c54b0b26!8m2!3d-8.6526837!4d115.2704193!16s%2Fg%2F11bx7k5kxx!19sChIJYWfNbA9A0i0RJgtLxXBRx1g?authuser=0&hl=en&rclk=1
Blue Lagoon Beach,4.2,Beach,0.0,Karangasem,Â·,https://www.google.com/maps/place/Blue+Lagoon+Beach/data=!4m7!3m6!1s0x2dd20e6867d42f83:0x58759aeb2029403c!8m2!3d-8.5297981!4d115.5133042!16s%2Fg%2F1tlwhyxx!19sChIJgy_UZ2gO0i0RPEApIOuadVg?authuser=0&hl=en&rclk=1
Kedonganan Beach,4.3,Beach,0.0,Badung,,https://www.google.com/maps/place/Kedonganan+Beach/data=!4m7!3m6!1s0x2dd24468f30f174b:0xdd70159dc4cd2d8e!8m2!3d-8.7607721!4d115.1691844!16s%2Fg%2F11bwfyhhhy!19sChIJSxcP82hE0i0Rji3NxJ0VcN0?authuser=0&hl=en&rclk=1
Pantai Kayu Putih,4.3,Beach,0.0,Badung,"Gang Bintang Laut, Denpasar Selatan",https://www.google.com/maps/place/Pantai+Kayu+Putih/data=!4m7!3m6!1s0x2dd24775e701a31b:0xc6b32c03843cee15!8m2!3d-8.6707513!4d115.1427902!16s%2Fg%2F11cjk45ms8!19sChIJG6MB53VH0i0RFe48hAMss8Y?authuser=0&hl=en&rclk=1
Pantai Gumicik Ketewel,4.3,Beach,0.0,Gianyar,Jl. Pantai Gumicik,https://www.google.com/maps/place/Pantai+Gumicik+Ketewel/data=!4m7!3m6!1s0x2dd23fffc6dee81b:0x3a1eccf21f8cfd90!8m2!3d-8.6441418!4d115.2812222!16s%2Fg%2F11bv30j1np!19sChIJG-jexv8_0i0RkP2MH_LMHjo?authuser=0&hl=en&rclk=1
Cucukan Beach,4.3,Beach,0.0,Gianyar,"Br Cucuckan, Ds",https://www.google.com/maps/place/Cucukan+Beach/data=!4m7!3m6!1s0x2dd2144343e33b45:0xe8eef3f4a1c803dc!8m2!3d-8.5871953!4d115.3506361!16s%2Fg%2F11bx1qdsxy!19sChIJRTvjQ0MU0i0R3APIofTz7ug?authuser=0&hl=en&rclk=1
Pantai Lembeng,4.3,Beach,0.0,Gianyar,Jl. Prof. Dr. Ida Bagus Mantra No.52,https://www.google.com/maps/place/Pantai+Lembeng/data=!4m7!3m6!1s0x2dd2400730202987:0x4499df2d3d450c21!8m2!3d-8.6475883!4d115.277184!16s%2Fg%2F11bx1qmnks!19sChIJhykgMAdA0i0RIQxFPS3fmUQ?authuser=0&hl=en&rclk=1
Thomas Beach,4.3,Beach,0.0,Badung,,https://www.google.com/maps/place/Thomas+Beach/data=!4m7!3m6!1s0x2dd2455651a863d5:0xace756491f60ad7d!8m2!3d-8.8134521!4d115.0962459!16s%2Fg%2F11g8yhk_t5!19sChIJ1WOoUVZF0i0Rfa1gH0lW56w?authuser=0&hl=en&rclk=1
Padang Padang Beach,4.3,Beach,10000.0,Badung,,https://www.google.com/maps/place/Padang+Padang+Beach/data=!4m7!3m6!1s0x2dd245505d4ce257:0x64783bec584c4015!8m2!3d-8.8111377!4d115.1037658!16s%2Fg%2F11b6syl4fp!19sChIJV-JMXVBF0i0RFUBMWOw7eGQ?authuser=0&hl=en&rclk=1
Lebih Beach,4.3,Beach,34473.85620915033,Gianyar,Jl. By Pass Ida Bagus Mantra,https://www.google.com/maps/place/Lebih+Beach/data=!4m7!3m6!1s0x2dd2146a984be6c9:0xabf388c60108c661!8m2!3d-8.581006!4d115.355501!16s%2Fg%2F1pzsyx0xl!19sChIJyeZLmGoU0i0RYcYIAcaI86s?authuser=0&hl=en&rclk=1
Queen Beach,4.3,Beach,34473.85620915033,Badung,Jl. Pantai Jimbaran,https://www.google.com/maps/place/Queen+Beach/data=!4m7!3m6!1s0x2dd24466ce203cf5:0x9957ada59d9c976e!8m2!3d-8.7693389!4d115.1689133!16s%2Fg%2F11dftwm4_l!19sChIJ9TwgzmZE0i0RbpecnaWtV5k?authuser=0&hl=en&rclk=1
Pantai Purnama,4.3,Beach,34473.85620915033,Gianyar,,https://www.google.com/maps/place/Pantai+Purnama/data=!4m7!3m6!1s0x2dd215148c93693d:0x385d0c1b1fbff51b!8m2!3d-8.6192976!4d115.3099717!16s%2Fg%2F11bvt2s09y!19sChIJPWmTjBQV0i0RG_W_HxsMXTg?authuser=0&hl=en&rclk=1
Pantai Saba,4.3,Beach,34473.85620915033,Gianyar,,https://www.google.com/maps/place/Pantai+Saba/data=!4m7!3m6!1s0x2dd21510f732d5e1:0x160c85e1dc345c41!8m2!3d-8.6118639!4d115.3221684!16s%2Fg%2F11bvt0gln8!19sChIJ4dUy9xAV0i0RQVw03OGFDBY?authuser=0&hl=en&rclk=1
Pantai Tj. Benoa,4.3,Beach,34473.85620915033,Badung,,https://www.google.com/maps/place/Pantai+Tj.+Benoa/data=!4m7!3m6!1s0x2dd243baf160f227:0x43adf7ca69dd4cdc!8m2!3d-8.7605624!4d115.2233375!16s%2Fg%2F1q5bkq4pj!19sChIJJ_Jg8bpD0i0R3Ezdacr3rUM?authuser=0&hl=en&rclk=1
TOYA PAKEH BEACH,4.3,Beach,34473.85620915033,Klungkung,,https://www.google.com/maps/place/TOYA+PAKEH+BEACH/data=!4m7!3m6!1s0x2dd272647886b531:0xe9d43b1a75420683!8m2!3d-8.6762499!4d115.4887!16s%2Fg%2F11gd66xqgj!19sChIJMbWGeGRy0i0RgwZCdRo71Ok?authuser=0&hl=en&rclk=1
Sandy Bay Beach,4.3,Beach,34473.85620915033,Klungkung,"<U+5370><U+5C3C><U+502B><U+90A6><U+5CB8><U+5CF6>, Jungutbatu, Nusapenida",https://www.google.com/maps/place/Sandy+Bay+Beach/data=!4m7!3m6!1s0x2dd26db3bae722b3:0xd792ccdbd8ee11!8m2!3d-8.6889066!4d115.4293313!16s%2Fg%2F11cjhyk5qp!19sChIJsyLnurNt0i0REe7Y28yS1wA?authuser=0&hl=en&rclk=1
Pantai Lepang,4.4,Beach,20000.0,Klungkung,,https://www.google.com/maps/place/Pantai+Lepang/data=!4m7!3m6!1s0x2dd213f478877d9f:0x5f3f55037c3112eb!8m2!3d-8.5745833!4d115.3844642!16s%2Fg%2F11bx1qdcy0!19sChIJn32HePQT0i0R6xIxfANVP18?authuser=0&hl=en&rclk=1
Novotel Beach Club,4.4,Beach,34473.85620915033,Badung,,https://www.google.com/maps/place/Novotel+Beach+Club/data=!4m7!3m6!1s0x2dd2432b5a5a05d7:0x7054547e1dfa83d2!8m2!3d-8.8109523!4d115.2311691!16s%2Fg%2F11cn8s6300!19sChIJ1wVaWitD0i0R0oP6HX5UVHA?authuser=0&hl=en&rclk=1
Suwehan Beach,4.4,Beach,10000.0,Klungkung,,https://www.google.com/maps/place/Suwehan+Beach/data=!4m7!3m6!1s0x2dd279cfc7815793:0x2062f9f84602e8f5!8m2!3d-8.7953743!4d115.6056882!16s%2Fg%2F11cmq_zbd7!19sChIJk1eBx8950i0R9egCRvj5YiA?authuser=0&hl=en&rclk=1
Tuban Beach,4.4,Beach,34473.85620915033,Badung,,https://www.google.com/maps/place/Tuban+Beach/data=!4m7!3m6!1s0x2dd2443fc3dab125:0xb976e6ccfd28c807!8m2!3d-8.7510903!4d115.1616805!16s%2Fg%2F11bwfzll_8!19sChIJJbHawz9E0i0RB8go_czmdrk?authuser=0&hl=en&rclk=1
Pantai Segara,4.4,Beach,34473.85620915033,Badung,,https://www.google.com/maps/place/Pantai+Segara/data=!4m7!3m6!1s0x2dd246a337160fa7:0xd559a9f0e62efa1b!8m2!3d-8.7243214!4d115.1692808!16s%2Fg%2F11b708m0b0!19sChIJpw8WN6NG0i0RG_ou5vCpWdU?authuser=0&hl=en&rclk=1
Jerman Beach,4.4,Beach,34473.85620915033,Badung,,https://www.google.com/maps/place/Jerman+Beach/data=!4m7!3m6!1s0x2dd244206469dc8b:0x2bb10dfb9b18e426!8m2!3d-8.7355582!4d115.1626973!16s%2Fg%2F11f5d95v57!19sChIJi9xpZCBE0i0RJuQYm_sNsSs?authuser=0&hl=en&rclk=1
Bingin Beach,4.4,Beach,34473.85620915033,Badung,,https://www.google.com/maps/place/Bingin+Beach/data=!4m7!3m6!1s0x2dd24546940a36b9:0xdca26390e6f01d95!8m2!3d-8.8056919!4d115.1130376!16s%2Fg%2F12lvwc31k!19sChIJuTYKlEZF0i0RlR3w5pBjotw?authuser=0&hl=en&rclk=1
Keramas Beach,4.4,Beach,34473.85620915033,Gianyar,Pantai Keramas St No.80551,https://www.google.com/maps/place/Keramas+Beach/data=!4m7!3m6!1s0x2dd2145596a5731f:0x466655f1aff70aee!8m2!3d-8.600156!4d115.335084!16s%2Fg%2F1pzylcl75!19sChIJH3OlllUU0i0R7gr3r_FVZkY?authuser=0&hl=en&rclk=1
Pigstone Beach,4.4,Beach,34473.85620915033,Tabanan,,https://www.google.com/maps/place/Pigstone+Beach/data=!4m7!3m6!1s0x2dd237698ff5479d:0x92721e5f47ac46e5!8m2!3d-8.6009124!4d115.0765897!16s%2Fg%2F11c5sm6th6!19sChIJnUf1j2k30i0R5UasR18ecpI?authuser=0&hl=en&rclk=1
Pantai Kelating,4.4,Beach,34473.85620915033,Tabanan,Jl. Raya Kerambitan,https://www.google.com/maps/place/Pantai+Kelating/data=!4m7!3m6!1s0x2dd2372cd328b009:0xbdc6df53e5522a70!8m2!3d-8.5791106!4d115.0559311!16s%2Fg%2F1pzrbn125!19sChIJCbAo0yw30i0RcCpS5VPfxr0?authuser=0&hl=en&rclk=1
Mertasari Beach,4.4,Beach,34473.85620915033,Denpasar,,https://www.google.com/maps/place/Mertasari+Beach/data=!4m7!3m6!1s0x2dd24196daee874b:0x7baf80e112bad8ca!8m2!3d-8.7125026!4d115.2517831!16s%2Fg%2F1q62g5t4r!19sChIJS4fu2pZB0i0Ryti6EuGAr3s?authuser=0&hl=en&rclk=1
Jimbaran Beach,4.4,Beach,0.0,Jembrana,,https://www.google.com/maps/place/Jimbaran+Beach/data=!4m7!3m6!1s0x2dd244f35b8a5d05:0xd42d4da6a44aa938!8m2!3d-8.7765946!4d115.1663701!16s%2Fg%2F1ptz59dlb!19sChIJBV2KW_NE0i0ROKlKpKZNLdQ?authuser=0&hl=en&rclk=1
Sanur Beach,4.4,Beach,0.0,Denpasar,,https://www.google.com/maps/place/Sanur+Beach/data=!4m7!3m6!1s0x2dd2403905cb5bb3:0x71c81e3c44b1b241!8m2!3d-8.6746703!4d115.2640329!16s%2Fg%2F1q5ccc3nd!19sChIJs1vLBTlA0i0RQbKxRDweyHE?authuser=0&hl=en&rclk=1
Dreamland Beach,4.4,Beach,15000.0,Badung,,https://www.google.com/maps/place/Dreamland+Beach/data=!4m7!3m6!1s0x2dd245154d864c41:0xaac6f51b3bd20fcb!8m2!3d-8.7992774!4d115.1177233!16zL20vMDg3ZDQ4!19sChIJQUyGTRVF0i0Ryw_SOxv1xqo?authuser=0&hl=en&rclk=1
Canggu Beach,4.4,Beach,34473.85620915033,Badung,,https://www.google.com/maps/place/Canggu+Beach/data=!4m7!3m6!1s0x2dd2478626b7677d:0x5a838e3317a93564!8m2!3d-8.6609933!4d115.1321265!16s%2Fg%2F11b7q0b219!19sChIJfWe3JoZH0i0RZDWpFzOOg1o?authuser=0&hl=en&rclk=1
Pantai Semawang,4.4,Beach,34473.85620915033,Denpasar,Jl. Setapak,https://www.google.com/maps/place/Pantai+Semawang/data=!4m7!3m6!1s0x2dd241c02bf1d9c7:0x8ee3c09346d05b45!8m2!3d-8.7071293!4d115.2627048!16s%2Fg%2F11cm3tx5fw!19sChIJx9nxK8BB0i0RRVvQRpPA444?authuser=0&hl=en&rclk=1
Pantai Yeh Gangga,4.4,Beach,34473.85620915033,Tabanan,Desa Jl. Yeh Gangga I,https://www.google.com/maps/place/Pantai+Yeh+Gangga/data=!4m7!3m6!1s0x2dd23738397832e5:0x3825e71b720cf6f5!8m2!3d-8.5922388!4d115.0695354!16s%2Fg%2F11bv30mpff!19sChIJ5TJ4OTg30i0R9fYMchvnJTg?authuser=0&hl=en&rclk=1
Labuan Sait Beach,4.4,Beach,34473.85620915033,Badung,,https://www.google.com/maps/place/Labuan+Sait+Beach/data=!4m7!3m6!1s0x5046b67b485e445:0xe95eed19ee974f9e!8m2!3d-8.81162!4d115.103484!16s%2Fg%2F11b6wwz4rz!19sChIJReSFtGdrBAURnk-X7hntXuk?authuser=0&hl=en&rclk=1
Werdhapura Beach,4.4,Beach,34473.85620915033,Denpasar,Jl. Segara Ayu,https://www.google.com/maps/place/Werdhapura+Beach/data=!4m7!3m6!1s0x2dd241cc0577b451:0xbcbce3a92c8a4917!8m2!3d-8.6913754!4d115.26654!16s%2Fg%2F11c48bvln2!19sChIJUbR3BcxB0i0RF0mKLKnjvLw?authuser=0&hl=en&rclk=1
Candidasa Beach,4.4,Beach,10000.0,Karangasem,,https://www.google.com/maps/place/Candidasa+Beach/data=!4m7!3m6!1s0x2dd20ed413eea0ad:0xed321353af31cb5f!8m2!3d-8.5086293!4d115.5644784!16s%2Fg%2F11c1q9j4yd!19sChIJraDuE9QO0i0RX8sxr1MTMu0?authuser=0&hl=en&rclk=1
Grand Inna Bali Beach Heliport,4.4,Beach,34473.85620915033,Denpasar,Jl. Hang Tuah,https://www.google.com/maps/place/Grand+Inna+Bali+Beach+Heliport/data=!4m7!3m6!1s0x2dd24037584104d5:0x4bc40ea5737026f3!8m2!3d-8.6769438!4d115.2650688!16s%2Fg%2F11c2plwknq!19sChIJ1QRBWDdA0i0R8yZwc6UOxEs?authuser=0&hl=en&rclk=1
Dream Beach,4.4,Beach,34473.85620915033,Klungkung,Lembongan island,https://www.google.com/maps/place/Dream+Beach/data=!4m7!3m6!1s0x2dd26da7ddc8bf63:0xffd3726dbaf5e2fa!8m2!3d-8.6909512!4d115.4332219!16s%2Fg%2F11gphqk557!19sChIJY7_I3adt0i0R-uL1um1y0_8?authuser=0&hl=en&rclk=1
Pantai Nyanyi,4.4,Beach,0.0,Tabanan,,https://www.google.com/maps/place/Pantai+Nyanyi/data=!4m7!3m6!1s0x2dd2382115f7f5f9:0x929870a0c1008d3a!8m2!3d-8.6336624!4d115.0978348!16s%2Fg%2F11bv30gntw!19sChIJ-fX3FSE40i0ROo0AwaBwmJI?authuser=0&hl=en&rclk=1
Nusa Dua Beach,4.5,Beach,0.0,Badung,,https://www.google.com/maps/place/Nusa+Dua+Beach/data=!4m7!3m6!1s0x2dd243213c2ea8df:0xfe9b8fbae7a12e8f!8m2!3d-8.7957616!4d115.2328213!16s%2Fg%2F1ptyl7nz0!19sChIJ36guPCFD0i0Rjy6h57qPm_4?authuser=0&hl=en&rclk=1
Sanur,4.5,Beach,0.0,Denpasar,,https://www.google.com/maps/place/Sanur/data=!4m7!3m6!1s0x2dd241c1ce0912c1:0xf026af7177f0d541!8m2!3d-8.7071782!4d115.2626236!16s%2Fm%2F03wdl19!19sChIJwRIJzsFB0i0RQdXwd3GvJvA?authuser=0&hl=en&rclk=1
Balian Beach,4.5,Beach,127000.0,Tabanan,,https://www.google.com/maps/place/Balian+Beach/data=!4m7!3m6!1s0x2dd22d8858fd980d:0x310189376033ec92!8m2!3d-8.5031133!4d114.9655596!16s%2Fm%2F0k7hnm0!19sChIJDZj9WIgt0i0RkuwzYDeJATE?authuser=0&hl=en&rclk=1
Nelayan Beach,4.5,Beach,0.0,Badung,Jl. Nelayan No.31,https://www.google.com/maps/place/Nelayan+Beach/data=!4m7!3m6!1s0x2dd2478440974ee7:0x6bba90d306ec0b42!8m2!3d-8.6618096!4d115.132987!16s%2Fg%2F11bymxb52q!19sChIJ506XQIRH0i0RQgvsBtOQums?authuser=0&hl=en&rclk=1
Munggu Beach,4.5,Beach,0.0,Tabanan,Sea,https://www.google.com/maps/place/Munggu+Beach/data=!4m7!3m6!1s0x2dd2380d1a0ed96f:0x5c9c5bbe95a5ac65!8m2!3d-8.6487884!4d115.1158532!16s%2Fg%2F11c54bc09t!19sChIJb9kOGg040i0RZayllb5bnFw?authuser=0&hl=en&rclk=1
Bias Tugel Beach,4.5,Beach,2000.0,Karangasem,,https://www.google.com/maps/place/Bias+Tugel+Beach/data=!4m7!3m6!1s0x2dd20e657fe1b24b:0x39bfc47b60755279!8m2!3d-8.536223!4d115.5088618!16s%2Fg%2F11b6bgb_g5!19sChIJS7Lhf2UO0i0ReVJ1YHvEvzk?authuser=0&hl=en&rclk=1
Pantai Munggu,4.5,Beach,0.0,Badung,,https://www.google.com/maps/place/Pantai+Munggu/data=!4m7!3m6!1s0x2dd2380d3a2294d3:0xcb6813ea77a91d77!8m2!3d-8.6484082!4d115.1169257!16s%2Fg%2F11clr_wwq3!19sChIJ05QiOg040i0Rdx2pd-oTaMs?authuser=0&hl=en&rclk=1
Pantai Berawa,4.5,Beach,0.0,Badung,Jl. Pemelisan Agung,https://www.google.com/maps/place/Pantai+Berawa/data=!4m7!3m6!1s0x2dd247837b56907d:0xbc8add454efe2eb8!8m2!3d-8.6637779!4d115.1359348!16s%2Fg%2F11b6gkrm1c!19sChIJfZBWe4NH0i0RuC7-TkXdirw?authuser=0&hl=en&rclk=1
Pantai Segara Ayu,4.5,Beach,0.0,Denpasar,Jl. Segara Ayu No.8,https://www.google.com/maps/place/Pantai+Segara+Ayu/data=!4m7!3m6!1s0x2dd2403423ab0659:0xaf4e05330cf34456!8m2!3d-8.6824631!4d115.2643001!16s%2Fg%2F11cjj09j0w!19sChIJWQarIzRA0i0RVkTzDDMFTq8?authuser=0&hl=en&rclk=1
Balangan Beach,4.5,Beach,0.0,Badung,Â·,https://www.google.com/maps/place/Balangan+Beach/data=!4m7!3m6!1s0x2dd2458cd2f032fd:0x6d1803dc2417aa2a!8m2!3d-8.7910968!4d115.1243377!16s%2Fg%2F11grss175g!19sChIJ_TLw0oxF0i0RKqoXJNwDGG0?authuser=0&hl=en&rclk=1
Nyang Nyang Beach,4.5,Beach,5000.0,Badung,Jl. Raya Uluwatu Pecatu,https://www.google.com/maps/place/Nyang+Nyang+Beach/data=!4m7!3m6!1s0x2dd25aa78911975b:0xc4c366fba0c88757!8m2!3d-8.8391636!4d115.0934172!16s%2Fg%2F11b69fxw5t!19sChIJW5cRiada0i0RV4fIoPtmw8Q?authuser=0&hl=en&rclk=1
Pantai Samuh,4.5,Beach,0.0,Badung,,https://www.google.com/maps/place/Pantai+Samuh/data=!4m7!3m6!1s0x2dd243213c648795:0x6c4c8c1ba601a2b1!8m2!3d-8.7871671!4d115.2284909!16s%2Fg%2F11ckwbjgd5!19sChIJlYdkPCFD0i0RsaIBphuMTGw?authuser=0&hl=en&rclk=1
Petitenget Beach,4.5,Beach,0.0,Badung,,https://www.google.com/maps/place/Petitenget+Beach/data=!4m7!3m6!1s0x2dd2470fba33f4eb:0x77f7f6be668440c7!8m2!3d-8.6823579!4d115.150964!16s%2Fg%2F11cjj07gjc!19sChIJ6_Qzug9H0i0Rx0CEZr7293c?authuser=0&hl=en&rclk=1
Double Six Beach,4.5,Beach,0.0,Badung,"Legian, Jl. Double Six",https://www.google.com/maps/place/Double+Six+Beach/data=!4m7!3m6!1s0x2dd246e108062c6d:0x7737566399a0df2c!8m2!3d-8.6975074!4d115.1610332!16s%2Fg%2F11bv30lzl2!19sChIJbSwGCOFG0i0RLN-gmWNWN3c?authuser=0&hl=en&rclk=1
Pantai Batu Bolong,4.5,Beach,0.0,Badung,Jl. Pantai Batu Bolong,https://www.google.com/maps/place/Pantai+Batu+Bolong/data=!4m7!3m6!1s0x2dd2478621f5b693:0xa157bd1e893b4293!8m2!3d-8.6594824!4d115.1301361!16s%2Fg%2F1hc2cr7jt!19sChIJk7b1IYZH0i0Rk0I7iR69V6E?authuser=0&hl=en&rclk=1
Pantai Nusa Dua,4.5,Beach,0.0,Badung,Nusa Dua,https://www.google.com/maps/place/Pantai+Nusa+Dua/data=!4m7!3m6!1s0x2dd2432985d2b7d9:0x5e21cb0eb654ba09!8m2!3d-8.8051695!4d115.2339136!16s%2Fg%2F11bwflbrl4!19sChIJ2bfShSlD0i0RCbpUtg7LIV4?authuser=0&hl=en&rclk=1
Seminyak Beach,4.5,Beach,0.0,Badung,,https://www.google.com/maps/place/Seminyak+Beach/data=!4m7!3m6!1s0x2dd2471c804bfd05:0xdcc2b5ae63dc9082!8m2!3d-8.6920123!4d115.1578837!16s%2Fg%2F11cr_qt0g1!19sChIJBf1LgBxH0i0RgpDcY661wtw?authuser=0&hl=en&rclk=1
Legian Beach,4.5,Beach,0.0,Badung,,https://www.google.com/maps/place/Legian+Beach/data=!4m7!3m6!1s0x2dd246e7987b2117:0xeca4ea2fc43d3caf!8m2!3d-8.7039476!4d115.1647362!16s%2Fg%2F11c53240s9!19sChIJFyF7mOdG0i0Rrzw9xC_qpOw?authuser=0&hl=en&rclk=1
Pantai Batu Belig,4.5,Beach,0.0,Badung,Jl. Batu Belig,https://www.google.com/maps/place/Pantai+Batu+Belig/data=!4m7!3m6!1s0x2dd24774c0a631b1:0x9d16e84a9b99cabd!8m2!3d-8.6742449!4d115.1459553!16s%2Fg%2F11byfljfj1!19sChIJsTGmwHRH0i0RvcqZm0roFp0?authuser=0&hl=en&rclk=1
Kuta Beach,4.5,Beach,0.0,Badung,,https://www.google.com/maps/place/Kuta+Beach/data=!4m7!3m6!1s0x2dd246bc2ab70d43:0x82feaae12f4ab48e!8m2!3d-8.7184926!4d115.1686322!16s%2Fg%2F11c1p6r11n!19sChIJQw23KrxG0i0RjrRKL-Gq_oI?authuser=0&hl=en&rclk=1
Pantai Nyuh Gading Mendira,4.5,Beach,0.0,Karangasem,,https://www.google.com/maps/place/Pantai+Nyuh+Gading+Mendira/data=!4m7!3m6!1s0x2dd20f201ad64bb3:0xe2c722ea89346b4a!8m2!3d-8.5052061!4d115.5449848!16s%2Fg%2F11g875925b!19sChIJs0vWGiAP0i0RSms0ieoix-I?authuser=0&hl=en&rclk=1
Amed Beach,4.5,Beach,0.0,Karangasem,,https://www.google.com/maps/place/Amed+Beach/data=!4m7!3m6!1s0x2dd2007d2b57f8e1:0x9178b79de46df737!8m2!3d-8.3354249!4d115.6576354!16s%2Fg%2F11b7q50d_2!19sChIJ4fhXK30A0i0RN_dt5J23eJE?authuser=0&hl=en&rclk=1
Tanjung Benoa Beach,4.5,Beach,34473.85620915033,Badung,Â·,https://www.google.com/maps/place/Tanjung+Benoa+Beach/data=!4m7!3m6!1s0x2dd243baf5ddb4a7:0x3617f534f05b65b9!8m2!3d-8.7564753!4d115.2221797!16s%2Fg%2F11cjhyz0sn!19sChIJp7Td9bpD0i0RuWVb8DT1FzY?authuser=0&hl=en&rclk=1
Jungutbatu Beach,4.5,Beach,34473.85620915033,Klungkung,Gg. Nusa Indah,https://www.google.com/maps/place/Jungutbatu+Beach/data=!4m7!3m6!1s0x2dd26d0b1a77be8b:0x34a9205ccc2e8b81!8m2!3d-8.6709423!4d115.447679!16s%2Fg%2F11fyxb_hv6!19sChIJi753Ggtt0i0RgYsuzFwgqTQ?authuser=0&hl=en&rclk=1
Pantai Pasut,4.5,Beach,15000.0,Tabanan,Jalan Raya Pasut,https://www.google.com/maps/place/Pantai+Pasut/data=!4m7!3m6!1s0x2dd23122e42d049b:0xb8644744b2f08ac3!8m2!3d-8.563438!4d115.0367423!16s%2Fg%2F11cmsv_ydb!19sChIJmwQt5CIx0i0Rw4rwskRHZLg?authuser=0&hl=en&rclk=1
TIMBIS BEACH,4.5,Beach,34473.85620915033,Badung,,https://www.google.com/maps/place/TIMBIS+BEACH/data=!4m7!3m6!1s0x2dd25c9c97ba2f09:0x57528e822ace6831!8m2!3d-8.8422342!4d115.1939732!16s%2Fg%2F11ddxwqt_z!19sChIJCS-6l5xc0i0RMWjOKoKOUlc?authuser=0&hl=en&rclk=1
Tulamben Beach Viewpoint,4.5,Beach,0.0,Karangasem,Karangasem,https://www.google.com/maps/place/Tulamben+Beach+Viewpoint/data=!4m7!3m6!1s0x2dd201faaaaaaaab:0xfa32a224a0d8b994!8m2!3d-8.2756674!4d115.593045!16s%2Fg%2F11bttj0_pv!19sChIJq6qqqvoB0i0RlLnYoCSiMvo?authuser=0&hl=en&rclk=1
Pantai Medewi,4.5,Beach,34473.85620915033,Jembrana,Jl. Pantai Medewi,https://www.google.com/maps/place/Pantai+Medewi/data=!4m7!3m6!1s0x2dd3d6a1371926d5:0xe11f43878799c44e!8m2!3d-8.4198265!4d114.8052097!16s%2Fg%2F11cjhy27vx!19sChIJ1SYZN6HW0y0RTsSZh4dDH-E?authuser=0&hl=en&rclk=1
Blue Point Beach,4.5,Beach,34473.85620915033,Badung,Jl. Mamo No.201,https://www.google.com/maps/place/Blue+Point+Beach/data=!4m7!3m6!1s0x2dd24ff93652ff71:0x661646d508357f30!8m2!3d-8.815445!4d115.089747!16s%2Fg%2F11g72g2gf6!19sChIJcf9SNvlP0i0RMH81CNVGFmY?authuser=0&hl=en&rclk=1
Kedungu beach Bali,4.5,Beach,34473.85620915033,Tabanan,"Jl. Pantai Kedungu, Desa Belalang",https://www.google.com/maps/place/Kedungu+beach+Bali/data=!4m7!3m6!1s0x2dd2377ae58eba1b:0x8665f5f539b81682!8m2!3d-8.6088824!4d115.083265!16s%2Fg%2F11b6hlpmbp!19sChIJG7qO5Xo30i0Rgha4OfX1ZYY?authuser=0&hl=en&rclk=1
Hidden Beach,4.6,Beach,34473.85620915033,Klungkung,,https://www.google.com/maps/place/Hidden+Beach/data=!4m7!3m6!1s0x2dd2443e51f71143:0x6cc3d771e2468d2c!8m2!3d-8.7520974!4d115.1629237!16s%2Fg%2F11g6j71fbb!19sChIJQxH3UT5E0i0RLI1G4nHXw2w?authuser=0&hl=en&rclk=1
Suluban Beach,4.6,Beach,34473.85620915033,Badung,,https://www.google.com/maps/place/Suluban+Beach/data=!4m7!3m6!1s0x2dd24ffeaa305bf9:0x6b7922fbf1aea067!8m2!3d-8.8160171!4d115.0882875!16s%2Fg%2F11cr_vvn_h!19sChIJ-Vswqv5P0i0RZ6Cu8fsieWs?authuser=0&hl=en&rclk=1
Green Bowl Beach,4.6,Beach,34473.85620915033,Badung,,https://www.google.com/maps/place/Green+Bowl+Beach/data=!4m7!3m6!1s0x2dd25b73d7aa2a3f:0x715aafb7e76c4e!8m2!3d-8.8486708!4d115.1710301!16s%2Fg%2F1ydpn2ql6!19sChIJPyqq13Nb0i0RTmznt69acQA?authuser=0&hl=en&rclk=1
Atuh Beach,4.6,Beach,34473.85620915033,Klungkung,,https://www.google.com/maps/place/Atuh+Beach/data=!4m7!3m6!1s0x2dd2779b403c8185:0x25d68418b583cab3!8m2!3d-8.7734116!4d115.6218187!16s%2Fg%2F11b7q0v0f6!19sChIJhYE8QJt30i0Rs8qDtRiE1iU?authuser=0&hl=en&rclk=1
Srilanka Beach,4.6,Beach,34473.85620915033,Denpasar,,https://www.google.com/maps/place/Srilanka+Beach/data=!4m7!3m6!1s0x2dd2431916164c67:0x9a06b9d3762c3eb2!8m2!3d-8.7874067!4d115.2288724!16s%2Fg%2F11d_yt0ygw!19sChIJZ0wWFhlD0i0Rsj4sdtO5Bpo?authuser=0&hl=en&rclk=1
Kubu Beach,4.6,Beach,34473.85620915033,Badung,Â·,https://www.google.com/maps/place/Kubu+Beach/data=!4m7!3m6!1s0x2dd2451ae10e788b:0x52e96ced92865d33!8m2!3d-8.7893911!4d115.1318546!16s%2Fg%2F11gd1vq5v9!19sChIJi3gO4RpF0i0RM12Gku1s6VI?authuser=0&hl=en&rclk=1
Pantai Gunung Payung,4.6,Beach,105000.0,Badung,,https://www.google.com/maps/place/Pantai+Gunung+Payung/data=!4m7!3m6!1s0x2dd25cc4411888dd:0xe7f1f150a237b7e!8m2!3d-8.8407765!4d115.1998363!16s%2Fg%2F11b6tywgdr!19sChIJ3YgYQcRc0i0RfnsjChUffw4?authuser=0&hl=en&rclk=1
Pasir Putih,4.6,Beach,34473.85620915033,Karangasem,,https://www.google.com/maps/place/Pasir+Putih/data=!4m7!3m6!1s0x2dd208fefa5f9947:0xa1ab243c9c68d710!8m2!3d-8.4981978!4d115.6118754!16s%2Fg%2F11c3tzt9w4!19sChIJR5lf-v4I0i0RENdonDwkq6E?authuser=0&hl=en&rclk=1
Pandawa Beach,4.6,Beach,8000.0,Badung,,https://www.google.com/maps/place/Pandawa+Beach/data=!4m7!3m6!1s0x2dd25b7cd8ba1f31:0x41b8785dd055b2a4!8m2!3d-8.8452802!4d115.1870679!16s%2Fg%2F1ygbcghrt!19sChIJMR-62Hxb0i0RpLJV0F14uEE?authuser=0&hl=en&rclk=1
Gadon Beach,4.6,Beach,34473.85620915033,Badung,Gg. Elang Laut,https://www.google.com/maps/place/Gadon+Beach/data=!4m7!3m6!1s0x2dd23779aa27feb5:0x99ebc2d9d221bbf7!8m2!3d-8.6158077!4d115.0850118!16s%2Fg%2F11b_2pgdgn!19sChIJtf4nqnk30i0R97sh0tnC65k?authuser=0&hl=en&rclk=1
Nunggalan Beach,4.6,Beach,34473.85620915033,Badung,,https://www.google.com/maps/place/Nunggalan+Beach/data=!4m7!3m6!1s0x2dd25a96afc51129:0x8c377f5be0343059!8m2!3d-8.8453597!4d115.1110346!16s%2Fg%2F11b7q59sh8!19sChIJKRHFr5Za0i0RWTA04Ft_N4w?authuser=0&hl=en&rclk=1
Seseh Beach,4.6,Beach,34473.85620915033,Badung,,https://www.google.com/maps/place/Seseh+Beach/data=!4m7!3m6!1s0x2dd2380d3f89597b:0x8f2c901d493d2c81!8m2!3d-8.6470456!4d115.1139662!16s%2Fg%2F11b6ynm0cv!19sChIJe1mJPw040i0RgSw9SR2QLI8?authuser=0&hl=en&rclk=1
"Virgin Beach, Karangasem, Bali",4.6,Beach,34473.85620915033,Karangasem,Jl. Raya Bukit Asah No.Desa,"https://www.google.com/maps/place/Virgin+Beach,+Karangasem,+Bali/data=!4m7!3m6!1s0x2dd2087bd100001d:0xa3128aa9273f7d3e!8m2!3d-8.5014083!4d115.6105404!16s%2Fg%2F11dxl069km!19sChIJHQAA0XsI0i0RPn0_J6mKEqM?authuser=0&hl=en&rclk=1"
Virgin Beach Karangasem Bali,4.6,Beach,34473.85620915033,Karangasem,"Jalan Pantai Perasi, Sengkidu, Manggis",https://www.google.com/maps/place/Virgin+Beach+Karangasem+Bali/data=!4m7!3m6!1s0x2dd208fee4e3dced:0x87903842638d8615!8m2!3d-8.4979293!4d115.6119744!16s%2Fg%2F11fx8_hmfz!19sChIJ7dzj5P4I0i0RFYaNY0I4kIc?authuser=0&hl=en&rclk=1
Karang Beach,4.6,Beach,34473.85620915033,Denpasar,"8748+HJC, Jl. Pantai Karang",https://www.google.com/maps/place/Karang+Beach/data=!4m7!3m6!1s0x2dd214573b2294d5:0x33316987ae56a9ce!8m2!3d-8.693729!4d115.266016!16s%2Fg%2F11f5dft94s!19sChIJ1ZQiO1cU0i0RzqlWrodpMTM?authuser=0&hl=en&rclk=1
Pantai Legian Bali,4.6,Tourist attraction,34473.85620915033,Badung,Jl. Melasti,https://www.google.com/maps/place/Pantai+Legian+Bali/data=!4m7!3m6!1s0x2dd246c1f5547797:0x5449b186be53f213!8m2!3d-8.7091325!4d115.1666683!16s%2Fm%2F0k7hnnl!19sChIJl3dU9cFG0i0RE_JTvoaxSVQ?authuser=0&hl=en&rclk=1
Uluwatu Beach,4.7,Beach,34473.85620915033,Badung,,https://www.google.com/maps/place/Uluwatu+Beach/data=!4m7!3m6!1s0x2dd24ff8f20d45e5:0x722da54fecf59904!8m2!3d-8.8149106!4d115.088389!16s%2Fg%2F11g9t3lb7t!19sChIJ5UUN8vhP0i0RBJn17E-lLXI?authuser=0&hl=en&rclk=1
Pantai Nunggalan,4.7,Beach,34473.85620915033,Badung,Jl. Batu Nunggalan,https://www.google.com/maps/place/Pantai+Nunggalan/data=!4m7!3m6!1s0x2dd25a914ff1dc61:0xcc343fbccba7e24a!8m2!3d-8.8454398!4d115.1110316!16s%2Fg%2F11bccgrsys!19sChIJYdzxT5Fa0i0RSuKny7w_NMw?authuser=0&hl=en&rclk=1
Padma Beach,4.7,Beach,34473.85620915033,Badung,Sea,https://www.google.com/maps/place/Padma+Beach/data=!4m7!3m6!1s0x2dd246c27dee1367:0x400958dab5031d1e!8m2!3d-8.7066983!4d115.1656367!16s%2Fg%2F11f1s3rqgt!19sChIJZxPufcJG0i0RHh0DtdpYCUA?authuser=0&hl=en&rclk=1
Pandan Beach,4.7,Beach,34473.85620915033,Karangasem,Sakti Nusapenida,https://www.google.com/maps/place/Pandan+Beach/data=!4m7!3m6!1s0x2dd26e0ea638d9f1:0xfe685bd842e74af3!8m2!3d-8.7193196!4d115.4560035!16s%2Fg%2F11by_d80jx!19sChIJ8dk4pg5u0i0R80rnQthbaP4?authuser=0&hl=en&rclk=1
Geger Beach,4.7,Beach,34473.85620915033,Badung,56MG+RFQ,https://www.google.com/maps/place/Geger+Beach/data=!4m7!3m6!1s0x2dd25d7da0820c85:0x38e8cbe3998b5d4b!8m2!3d-8.8154871!4d115.2262344!16s%2Fg%2F11sgdw6zbv!19sChIJhQyCoH1d0i0RS12LmePL6Dg?authuser=0&hl=en&rclk=1
Melasti Beach,4.7,Beach,10000.0,Badung,Jl. Melasti Ungasan,https://www.google.com/maps/place/Melasti+Beach/data=!4m7!3m6!1s0x2dd25be3c65bc987:0xfadb552ebfa90802!8m2!3d-8.8482935!4d115.1631697!16s%2Fg%2F11g2xt94hl!19sChIJh8lbxuNb0i0RAgipvy5V2_o?authuser=0&hl=en&rclk=1
Ungasan Beach Club,4.7,Beach,34473.85620915033,Badung,,https://www.google.com/maps/place/Ungasan+Beach+Club/data=!4m7!3m6!1s0x2dd25b7c5b3a27ef:0xa0b3d079f9bf8b1c!8m2!3d-8.8482423!4d115.1600187!16s%2Fg%2F11fhykyfrb!19sChIJ7yc6W3xb0i0RHIu_-XnQs6A?authuser=0&hl=en&rclk=1
Cemongkak Beach,4.7,Beach,34473.85620915033,Badung,Â·,https://www.google.com/maps/place/Cemongkak+Beach/data=!4m7!3m6!1s0x2dd24577270d3b97:0x7df4b4f10210c188!8m2!3d-8.8030668!4d115.116224!16s%2Fg%2F11q8r_74jz!19sChIJlzsNJ3dF0i0RiMEQAvG09H0?authuser=0&hl=en&rclk=1
Pura Geger Beach,4.7,Beach,50000.0,Badung,,https://www.google.com/maps/place/Pura+Geger+Beach/data=!4m7!3m6!1s0x2dd25ccfdf2bbe1f:0x27ad3d7e47072359!8m2!3d-8.819863!4d115.223829!16s%2Fg%2F11cm_pt96n!19sChIJH74r389c0i0RWSMHR349rSc?authuser=0&hl=en&rclk=1
Museum of Art Jero Bang Pinatih,1.0,Museum,34473.85620915033,Denpasar,Jl. Tampaksiring,https://www.google.com/maps/place/Museum+of+Art+Jero+Bang+Pinatih/data=!4m7!3m6!1s0x2dd218c347224641:0xcd5a2ec03b637762!8m2!3d-8.4169279!4d115.3182902!16s%2Fg%2F11c6mdhs58!19sChIJQUYiR8MY0i0RYndjO8AuWs0?authuser=0&hl=en&rclk=1
Ikat Gallery,3.8,Museum,34473.85620915033,Badung,JL. Raya Kerobokan No. 40 Br. Taman Seminyak,https://www.google.com/maps/place/Ikat+Gallery/data=!4m7!3m6!1s0x2dd2475faf947059:0xdece548217cc3282!8m2!3d-8.675455!4d115.164639!16s%2Fg%2F1pzsfhvjb!19sChIJWXCUr19H0i0RgjLMF4JUzt4?authuser=0&hl=en&rclk=1
Museum Becak Indonesia,4.1,Museum,34473.85620915033,Denpasar,Jl. Mertanadi Kompleks Pertokoan Sunset Paradise no 169 Kuta,https://www.google.com/maps/place/Museum+Becak+Indonesia/data=!4m7!3m6!1s0x2dd246cbc24dc51f:0xa54d46f3faf861de!8m2!3d-8.7093059!4d115.1838321!16s%2Fg%2F12hq4wzmp!19sChIJH8VNwstG0i0R3mH4-vNGTaU?authuser=0&hl=en&rclk=1
Museum Le Mayeur,4.2,Museum,34473.85620915033,Denpasar,"87G7+2FV, Jl. Hang Tuah",https://www.google.com/maps/place/Museum+Le+Mayeur/data=!4m7!3m6!1s0x2dd24039af93edab:0xbc2308b38e03f5c2!8m2!3d-8.6748773!4d115.2636777!16s%2Fm%2F05b4vt2!19sChIJq-2TrzlA0i0RwvUDjrMII7w?authuser=0&hl=en&rclk=1
Subak Museum,4.2,Museum,34473.85620915033,Tabanan,Jl. Gatot Subroto No.5b,https://www.google.com/maps/place/Subak+Museum/data=!4m7!3m6!1s0x2dd23a52875eff3f:0x85e1a14c34a27a3b!8m2!3d-8.5454359!4d115.1378728!16s%2Fg%2F11c52rkgb8!19sChIJP_9eh1I60i0RO3qiNEyh4YU?authuser=0&hl=en&rclk=1
Museum Puri Lukisan,4.3,Museum,34473.85620915033,Gianyar,,https://www.google.com/maps/place/Museum+Puri+Lukisan/data=!4m7!3m6!1s0x2dd23d6aac844e31:0x1cf8abb996ec8402!8m2!3d-8.5052428!4d115.2603706!16s%2Fm%2F053p5q2!19sChIJMU6ErGo90i0RAoTslrmr-Bw?authuser=0&hl=en&rclk=1
The Blanco Renaissance Museum,4.3,Museum,34473.85620915033,Gianyar,Jl. Raya Campuhan,https://www.google.com/maps/place/The+Blanco+Renaissance+Museum/data=!4m7!3m6!1s0x2dd23d3de1f0053d:0x3c7b62c135ac609!8m2!3d-8.5049558!4d115.2541995!16s%2Fm%2F05b4lcd!19sChIJPQXw4T090i0RCcZaEyy2xwM?authuser=0&hl=en&rclk=1
Museum Mandala Mathika Subak,4.3,Museum,34473.85620915033,Tabanan,"F43Q+R4F, Jl. Kenyeri",https://www.google.com/maps/place/Museum+Mandala+Mathika+Subak/data=!4m7!3m6!1s0x2dd23bc4ed07a779:0x373498042ac5a9bb!8m2!3d-8.5454272!4d115.137797!16s%2Fg%2F11cn9dg78x!19sChIJeacH7cQ70i0Ru6nFKgSYNDc?authuser=0&hl=en&rclk=1
Museum Seni Batuan,4.3,Museum,25000.0,Gianyar,C77J+Q45,https://www.google.com/maps/place/Museum+Seni+Batuan/data=!4m7!3m6!1s0x2dd23e21cf9a31b9:0x67193033bcca53b5!8m2!3d-8.5856173!4d115.2803634!16s%2Fg%2F11bwhb56hk!19sChIJuTGazyE-0i0RtVPKvDMwGWc?authuser=0&hl=en&rclk=1
Museum bali,4.3,Museum,50000.0,Denpasar,Jl. Pepaya I No.99X,https://www.google.com/maps/place/Museum+bali/data=!4m7!3m6!1s0x2dd2172925fe6773:0x357565ae2cff0c2!8m2!3d-8.5508655!4d115.3739643!16s%2Fg%2F11pdf5r5jt!19sChIJc2f-JSkX0i0RwvDP4lpWVwM?authuser=0&hl=en&rclk=1
Semar Kuning 1,4.4,Tourist attraction,34473.85620915033,Gianyar,Jl. A.A. Gede Rai No.8,https://www.google.com/maps/place/Semar+Kuning+1/data=!4m7!3m6!1s0x2dd23d95a2f28a61:0xbe5e14db423c86ed!8m2!3d-8.5431834!4d115.2619125!16s%2Fg%2F11b6gdyw8f!19sChIJYYryopU90i0R7YY8QtsUXr4?authuser=0&hl=en&rclk=1
Museum Soenda Ketjil,4.4,Museum,34473.85620915033,Buleleng,Jl. Pelabuhan Buleleng,https://www.google.com/maps/place/Museum+Soenda+Ketjil/data=!4m7!3m6!1s0x2dd19bdfe673526f:0xd88472b16132a351!8m2!3d-8.1035262!4d115.0892856!16s%2Fg%2F11gjs2g0sb!19sChIJb1Jz5t-b0S0RUaMyYbFyhNg?authuser=0&hl=en&rclk=1
Fingerprint Painting Museum,4.4,Museum,34473.85620915033,Denpasar,Jl. Hayam Wuruk No.201,https://www.google.com/maps/place/Fingerprint+Painting+Museum/data=!4m7!3m6!1s0x2dd24063d9282477:0x214dece4de3faa13!8m2!3d-8.6634067!4d115.2404409!16s%2Fg%2F1vmq6c_q!19sChIJdyQo2WNA0i0RE6o_3uTsTSE?authuser=0&hl=en&rclk=1
Museum of Space Available,4.4,Museum,34473.85620915033,Badung,Jalan Pantai Batu Mejan No: 33a,https://www.google.com/maps/place/Museum+of+Space+Available/data=!4m7!3m6!1s0x2dd2396f067a3e8f:0x72e0c2fd3c64f6e8!8m2!3d-8.6433848!4d115.1378909!16s%2Fg%2F11s3cd60dl!19sChIJjz56Bm850i0R6PZkPP3C4HI?authuser=0&hl=en&rclk=1
Gonzo Gallery,4.5,Museum,34473.85620915033,Gianyar,Jl. Pangkung Sari No.2,https://www.google.com/maps/place/Gonzo+Gallery/data=!4m7!3m6!1s0x2dd2474a4834f637:0xf047758cd4728f5b!8m2!3d-8.6811818!4d115.1603242!16s%2Fg%2F11s8_4xwy8!19sChIJN_Y0SEpH0i0RW49y1Ix1R_A?authuser=0&hl=en&rclk=1
Museum Pasifika Bali,4.5,Museum,34473.85620915033,Badung,Complex Bali Tourism Development Corporation (BTDC) Area Block P,https://www.google.com/maps/place/Museum+Pasifika+Bali/data=!4m7!3m6!1s0x2dd241bee15fb345:0x36c6dce41ae717e7!8m2!3d-8.8001117!4d115.2307077!16s%2Fm%2F0gk_1dh!19sChIJRbNf4b5B0i0R5xfnGuTcxjY?authuser=0&hl=en&rclk=1
SAKA Museum,4.5,Museum,34473.85620915033,Gianyar,Jl. Karang Mas Sejahtera,https://www.google.com/maps/place/SAKA+Museum/data=!4m7!3m6!1s0x2dd245a2f287e0f9:0x3c71736960a57f48!8m2!3d-8.7895889!4d115.1431983!16s%2Fg%2F11vclqxpf7!19sChIJ-eCH8qJF0i0RSH-lYGlzcTw?authuser=0&hl=en&rclk=1
Neka Art Museum,4.5,Museum,34473.85620915033,Gianyar,Jalan Raya Sanggingan Campuhan,https://www.google.com/maps/place/Neka+Art+Museum/data=!4m7!3m6!1s0x2dd23d1288aeedfb:0xf2a74dcfe819a3a!8m2!3d-8.4924592!4d115.2535174!16s%2Fm%2F05b5rhh!19sChIJ--2uiBI90i0ROpqB_tx0Kg8?authuser=0&hl=en&rclk=1
Agung Rai Museum of Art,4.5,Museum,34473.85620915033,Gianyar,Jl. Raya Pengosekan Ubud,https://www.google.com/maps/place/Agung+Rai+Museum+of+Art/data=!4m7!3m6!1s0x2dd23d744d46d9c3:0x17defd93d73ad638!8m2!3d-8.5228143!4d115.2637566!16s%2Fm%2F05b4w_7!19sChIJw9lGTXQ90i0RONY615P93hc?authuser=0&hl=en&rclk=1
Interactive Art Museum Bali,4.5,Museum,34473.85620915033,Badung,"Bajra Sandhi Monument, Jl. Raya Puputan Ground Floor",https://www.google.com/maps/place/Interactive+Art+Museum+Bali/data=!4m7!3m6!1s0x2dd240f5ae5ba827:0x63087d9db3e72ea2!8m2!3d-8.6720564!4d115.2340756!16s%2Fg%2F11byxfssfk!19sChIJJ6hbrvVA0i0Roi7ns519CGM?authuser=0&hl=en&rclk=1
Museum Tjok Agung Tresna Ayunan,4.5,Museum,34473.85620915033,Badung,F6Q2+X83,https://www.google.com/maps/place/Museum+Tjok+Agung+Tresna+Ayunan/data=!4m7!3m6!1s0x2dd23c97f8710df3:0x578a53a468d88ad0!8m2!3d-8.5101171!4d115.2008046!16s%2Fg%2F11gclvk1p0!19sChIJ8w1x-Jc80i0R0IrYaKRTilc?authuser=0&hl=en&rclk=1
Museum Nyoman Gunarsa,4.5,Museum,34473.85620915033,Klungkung,"Jl. Pertigaan Banda No. 1, Takmung, Banjarangkan",https://www.google.com/maps/place/Museum+Nyoman+Gunarsa/data=!4m7!3m6!1s0x2dd21159ee41c69f:0xbbc3b1b722000d04!8m2!3d-8.5522136!4d115.3867765!16s%2Fg%2F1pzv_ys39!19sChIJn8ZB7lkR0i0RBA0AIrexw7s?authuser=0&hl=en&rclk=1
Museum Rudana & Rudana Fine Art Gallery,4.5,Museum,34473.85620915033,Gianyar,Jl. Cok Rai Pudak No.44,https://www.google.com/maps/place/Museum+Rudana+%26+Rudana+Fine+Art+Gallery/data=!4m7!3m6!1s0x2dd23d467fac939b:0x39c45167c5d33c5f!8m2!3d-8.5296746!4d115.2712369!16s%2Fm%2F03cjgwr!19sChIJm5Osf0Y90i0RXzzTxWdRxDk?authuser=0&hl=en&rclk=1
Museum Geopark Batur,4.6,Museum,0.0,Bangli,Penelokan Main Rd,https://www.google.com/maps/place/Museum+Geopark+Batur/data=!4m7!3m6!1s0x2e7a60b2e206e1f5:0x64a356000c1f085c!8m2!3d-8.2845832!4d115.3649358!16s%2Fg%2F1ptxk35t2!19sChIJ9eEG4rJgei4RXAgfDABWo2Q?authuser=0&hl=en&rclk=1
Museum Pendet,4.6,Museum,34473.85620915033,Karangasem,Jl. Nyuh Bojog No.6,https://www.google.com/maps/place/Museum+Pendet/data=!4m7!3m6!1s0x2dd23d0ba6772b79:0xa861991dce4df669!8m2!3d-8.5228395!4d115.2568906!16s%2Fg%2F11f0wp7cpr!19sChIJeSt3pgs90i0RafZNzh2ZYag?authuser=0&hl=en&rclk=1
Gedong Kirtya,4.6,Museum,34473.85620915033,Buleleng,Jl. Veteran,https://www.google.com/maps/place/Gedong+Kirtya/data=!4m7!3m6!1s0x2dd19082db52408f:0x32c58443e0833f36!8m2!3d-8.1248663!4d115.096286!16zL20vMDkwOWxi!19sChIJj0BS24KQ0S0RNj-D4EOExTI?authuser=0&hl=en&rclk=1
Sang Natha SPICE MUSEUM,4.6,Museum,34473.85620915033,Gianyar,Jl. Gn. Batur No.28,https://www.google.com/maps/place/Sang+Natha+SPICE+MUSEUM/data=!4m7!3m6!1s0x2dd18d4227574de9:0xf8ef291279f2712c!8m2!3d-8.1669655!4d115.2522432!16s%2Fg%2F11mhnrxhfk!19sChIJ6U1XJ0KN0S0RLHHyeRIp7_g?authuser=0&hl=en&rclk=1
Putrawan Museum of Art (PUMA),4.6,Museum,34473.85620915033,Gianyar,Jl. Trenggana No.108,https://www.google.com/maps/place/Putrawan+Museum+of+Art+%28PUMA%29/data=!4m7!3m6!1s0x2dd23fa14b752175:0x1d4de902730e1234!8m2!3d-8.6085851!4d115.2380845!16s%2Fg%2F11b6dplkm2!19sChIJdSF1S6E_0i0RNBIOcwLpTR0?authuser=0&hl=en&rclk=1
Museum of Marketing 3.0,4.6,Museum,34473.85620915033,Gianyar,Jl. Raya Ubud No.23,https://www.google.com/maps/place/Museum+of+Marketing+3.0/data=!4m7!3m6!1s0x2dd23d4000d7b42d:0xe4804357b23300a9!8m2!3d-8.5052286!4d115.2603838!16s%2Fg%2F11bzywq92h!19sChIJLbTXAEA90i0RqQAzsldDgOQ?authuser=0&hl=en&rclk=1
Museum Subak Masceti,4.6,Museum,34473.85620915033,Tabanan,"C84W+P57, Jl. Pantai Masceti",https://www.google.com/maps/place/Museum+Subak+Masceti/data=!4m7!3m6!1s0x2dd2145a56d7e5b3:0xfcee29de006fe5bc!8m2!3d-8.5932081!4d115.3454298!16s%2Fg%2F11fz9zwpwt!19sChIJs-XXVloU0i0RvOVvAN4p7vw?authuser=0&hl=en&rclk=1
Museum Arkeologi,4.6,Museum,34473.85620915033,Gianyar,F7JV+563,https://www.google.com/maps/place/Museum+Arkeologi/data=!4m7!3m6!1s0x2dd217b79a68ef29:0xa1f88478dc7e45eb!8m2!3d-8.5196063!4d115.2930516!16s%2Fg%2F11rw9d29m1!19sChIJKe9omrcX0i0R60V-3HiE-KE?authuser=0&hl=en&rclk=1
Semarajaya Museum,4.6,Museum,34473.85620915033,Klungkung,"FC73+Q28, Jl. Untung Suropati",https://www.google.com/maps/place/Semarajaya+Museum/data=!4m7!3m6!1s0x2dd21115513239c5:0xf9872a3c68a0adeb!8m2!3d-8.5355856!4d115.4025775!16s%2Fm%2F05b412b!19sChIJxTkyURUR0i0R662gaDwqh_k?authuser=0&hl=en&rclk=1
"Puri Agung Pemecutan, Badung Palace",4.7,Museum,0.0,Denpasar,86R6+X28,"https://www.google.com/maps/place/Puri+Agung+Pemecutan,+Badung+Palace/data=!4m7!3m6!1s0x2dd240a2f9b9d105:0x9b7d2621d3d95ea2!8m2!3d-8.6575949!4d115.210092!16s%2Fg%2F11f_c083qz!19sChIJBdG5-aJA0i0Rol7Z0yEmfZs?authuser=0&hl=en&rclk=1"
Puri Agung Kesiman,4.7,Museum,34473.85620915033,Denpasar,Jl. Surabi No.2,https://www.google.com/maps/place/Puri+Agung+Kesiman/data=!4m7!3m6!1s0x2dd23f808311effd:0x80639406264b9f1d!8m2!3d-8.6480144!4d115.239942!16s%2Fg%2F11h5rj5v8r!19sChIJ_e8Rg4A_0i0RHZ9LJgaUY4A?authuser=0&hl=en&rclk=1
Bali Pavilion,4.7,Museum,34473.85620915033,Denpasar,"TMII, Jl. Kartika Raya",https://www.google.com/maps/place/Bali+Pavilion/data=!4m7!3m6!1s0x2e69ed5a33438c73:0x9ec8af1e114505cf!8m2!3d-6.3035583!4d106.8973532!16s%2Fg%2F1pty54nvh!19sChIJc4xDM1rtaS4RzwVFER6vyJ4?authuser=0&hl=en&rclk=1
Museum Runa,4.7,Museum,34473.85620915033,Denpasar,"F765+4JG, Br Abiansemal Lodtunduh Ubud",https://www.google.com/maps/place/Museum+Runa/data=!4m7!3m6!1s0x2dd23dbdec7d5c2b:0xec06e76f6a025259!8m2!3d-8.5396897!4d115.2590761!16s%2Fg%2F1wgfmfm2!19sChIJK1x97L090i0RWVICam_nBuw?authuser=0&hl=en&rclk=1
AirCrew Sensation Bali - Be an Airline Captain for A Day - Flight Experience,4.7,Museum,34473.85620915033,Denpasar,Jl. Bypass Ngurah Rai No.63,https://www.google.com/maps/place/AirCrew+Sensation+Bali+-+Be+an+Airline+Captain+for+A+Day+-+Flight+Experience/data=!4m7!3m6!1s0x2dd2455062918a9b:0xaecc97ea7b1aa0e6!8m2!3d-8.7650979!4d115.1786822!16s%2Fg%2F11ng12l28l!19sChIJm4qRYlBF0i0R5qAae-qXzK4?authuser=0&hl=en&rclk=1
Griya Basangbe,4.7,Museum,34473.85620915033,Tabanan,"H676+5HG, Banjar, Jl. Seribupati",https://www.google.com/maps/place/Griya+Basangbe/data=!4m7!3m6!1s0x2dd2237bc08f658d:0x8d57a624c3528bb4!8m2!3d-8.4370595!4d115.2114547!16s%2Fg%2F11fsjz3yhs!19sChIJjWWPwHsj0i0RtItSwySmV40?authuser=0&hl=en&rclk=1
Griya Tegal Denpasar,4.7,Museum,34473.85620915033,Denpasar,Jl. Imam Bonjol No.75,https://www.google.com/maps/place/Griya+Tegal+Denpasar/data=!4m7!3m6!1s0x2dd240bc6b0ddbc7:0xf58907ee30886a8c!8m2!3d-8.6640984!4d115.2082401!16s%2Fg%2F11fx7tn5_2!19sChIJx9sNa7xA0i0RjGqIMO4HifU?authuser=0&hl=en&rclk=1
Njana Tilem Museum,4.7,Museum,34473.85620915033,Gianyar,Jl. Raya Mas No.162,https://www.google.com/maps/place/Njana+Tilem+Museum/data=!4m7!3m6!1s0x2dd23d8df3ddf6c9:0x6451f1f9175b156f!8m2!3d-8.536064!4d115.2716107!16s%2Fg%2F11g7z57lkp!19sChIJyfbd84090i0RbxVbF_nxUWQ?authuser=0&hl=en&rclk=1
BALI DOLL HOUSE - MUSEUM BONEKA,4.7,Museum,34473.85620915033,Gianyar,Jl. Prof. Dr. Ida Bagus Mantra No.99,https://www.google.com/maps/place/BALI+DOLL+HOUSE+-+MUSEUM+BONEKA/data=!4m7!3m6!1s0x2dd215eac0b27757:0xe6307d443e891f54!8m2!3d-8.6344144!4d115.2897238!16s%2Fg%2F11ls5wsddj!19sChIJV3eywOoV0i0RVB-JPkR9MOY?authuser=0&hl=en&rclk=1
Museum Kertagosa,4.7,Museum,35000.0,Klungkung,Jl. Anggrek No.20,https://www.google.com/maps/place/Museum+Kertagosa/data=!4m7!3m6!1s0x2dd2116a78ca6e9b:0x3e4169a547741af9!8m2!3d-8.5356217!4d115.402931!16s%2Fg%2F11c60hj1k4!19sChIJm27KeGoR0i0R-Rp0R6VpQT4?authuser=0&hl=en&rclk=1
The Ogoh Ogoh Bali Museum,4.7,Museum,34473.85620915033,Denpasar,"JI.Ayodya No.1 Taman Ayun., Desa Mengwi",https://www.google.com/maps/place/The+Ogoh+Ogoh+Bali+Museum/data=!4m7!3m6!1s0x2dd23b972556956b:0xe0763d08982f66fb!8m2!3d-8.5438008!4d115.1706226!16s%2Fg%2F11bzx3d1x5!19sChIJa5VWJZc70i0R-2YvmAg9duA?authuser=0&hl=en&rclk=1
Kebon Vintage Cars,4.7,Museum,34473.85620915033,Badung,Jl. Tegal Harum No.13,https://www.google.com/maps/place/Kebon+Vintage+Cars/data=!4m7!3m6!1s0x2dd240081a2979d9:0xfc2148b9ddc6f623!8m2!3d-8.6468576!4d115.2709051!16s%2Fg%2F11f158lj7r!19sChIJ2XkpGghA0i0RI_bG3blIIfw?authuser=0&hl=en&rclk=1
Cos't cupang,4.8,Museum,34473.85620915033,Denpasar,Gg. Kubupadi No.29,https://www.google.com/maps/place/Cos%27t+cupang/data=!4m7!3m6!1s0x2dd241058d989f8d:0xb2231e40e5439d18!8m2!3d-8.6666974!4d115.2023013!16s%2Fg%2F11j7dsc3h3!19sChIJjZ-YjQVB0i0RGJ1D5UAeI7I?authuser=0&hl=en&rclk=1
Museum Pustaka Lontar Desa Wisata Dukuh Penaban,4.8,Museum,0.0,Karangasem,Desa Adat Dukuh Penaban,https://www.google.com/maps/place/Museum+Pustaka+Lontar+Desa+Wisata+Dukuh+Penaban/data=!4m7!3m6!1s0x2dd20655856b1a3f:0xedbc75e4d0e2117b!8m2!3d-8.4212491!4d115.611858!16s%2Fg%2F11f06nq5h5!19sChIJPxprhVUG0i0RexHi0OR1vO0?authuser=0&hl=en&rclk=1
Setia Darma House of Mask and Puppets,4.8,Museum,50000.0,Gianyar,"Jalan Tegal Bingin, Banjar Tengkulak Tengah",https://www.google.com/maps/place/Setia+Darma+House+of+Mask+and+Puppets/data=!4m7!3m6!1s0x2dd23d8620e3b60d:0xc82bdc98533e47f!8m2!3d-8.5340219!4d115.2797902!16s%2Fg%2F1tggl1kg!19sChIJDbbjIIY90i0Rf-Qzhcm9ggw?authuser=0&hl=en&rclk=1
I Made ada Garuda,4.8,Museum,34473.85620915033,Gianyar,"Tegallalang, 80561 Jl. Pakudui No.Br",https://www.google.com/maps/place/I+Made+ada+Garuda/data=!4m7!3m6!1s0x2dd222809ac5bb2b:0xc541ad5c405ef1d1!8m2!3d-8.4141714!4d115.2831767!16s%2Fg%2F11bc7rnk_2!19sChIJK7vFmoAi0i0R0fFeQFytQcU?authuser=0&hl=en&rclk=1
Museum Yadnya,4.8,Museum,34473.85620915033,Badung,Jl. Ayodya,https://www.google.com/maps/place/Museum+Yadnya/data=!4m7!3m6!1s0x2dd23b90d2c829db:0xb97e13d1279fc9bd!8m2!3d-8.5433168!4d115.171294!16s%2Fg%2F11c5syt0v7!19sChIJ2ynI0pA70i0RvcmfJ9ETfrk?authuser=0&hl=en&rclk=1
Museum Bung Karno,4.8,Museum,34473.85620915033,Buleleng,Jl. Raya Puputan No.80,https://www.google.com/maps/place/Museum+Bung+Karno/data=!4m7!3m6!1s0x2dd240f41316aba9:0xee0444b04514883f!8m2!3d-8.6723877!4d115.2254766!16s%2Fg%2F11cky1grkq!19sChIJqasWE_RA0i0RP4gURbBEBO4?authuser=0&hl=en&rclk=1
Museum Penanggulangan Terorisme Polda Bali,4.8,Museum,34473.85620915033,Denpasar,964W+3VQ,https://www.google.com/maps/place/Museum+Penanggulangan+Terorisme+Polda+Bali/data=!4m7!3m6!1s0x2dd23f9ea0e13a77:0x2c8663e0d1694d3a!8m2!3d-8.6447966!4d115.2472485!16s%2Fg%2F11j3ry3j6b!19sChIJdzrhoJ4_0i0ROk1p0eBjhiw?authuser=0&hl=en&rclk=1
Museum Subak,4.8,Museum,34473.85620915033,Tabanan,"967W+Q57, Jalan Gatot Subroto",https://www.google.com/maps/place/Museum+Subak/data=!4m7!3m6!1s0x2dd23f9afe8655cf:0xff8edbb0fdd262f5!8m2!3d-8.6355755!4d115.2454302!16s%2Fg%2F11b6xkr_dd!19sChIJz1WG_po_0i0R9WLS_bDbjv8?authuser=0&hl=en&rclk=1
Samsara Living Museum Bali,4.9,Museum,34473.85620915033,Karangasem,Jl. Telaga Tista,https://www.google.com/maps/place/Samsara+Living+Museum+Bali/data=!4m7!3m6!1s0x2dd2059e799f256b:0x7be1eb91bf893d6e!8m2!3d-8.4296298!4d115.5341449!16s%2Fg%2F11h6q_rj0z!19sChIJayWfeZ4F0i0Rbj2Jv5Hr4Xs?authuser=0&hl=en&rclk=1
Pemulan Bali Village Experience,4.9,Tourist attraction,34473.85620915033,Gianyar,"J7MW+474, Jl. Raya Patas",https://www.google.com/maps/place/Pemulan+Bali+Village+Experience/data=!4m7!3m6!1s0x2dd21f022ca10d69:0xdfb92be641be26fd!8m2!3d-8.3675505!4d115.2962049!16s%2Fg%2F11vk_k6fdg!19sChIJaQ2hLAIf0i0R_Sa-QeYrud8?authuser=0&hl=en&rclk=1
MUSEUM AGUNG PANCASILA,5.0,Museum,34473.85620915033,Denpasar,Jl. Pegangsaan Tim. 56 No.710,https://www.google.com/maps/place/MUSEUM+AGUNG+PANCASILA/data=!4m7!3m6!1s0x2dd241a98f1b89a7:0x25e4e8df3205a697!8m2!3d-8.6715013!4d115.2255689!16s%2Fg%2F11pcmh7yxr!19sChIJp4kbj6lB0i0Rl6YFMt_o5CU?authuser=0&hl=en&rclk=1
The Aryan's,5.0,Museum,34473.85620915033,Badung,Jl. Pulau Saelus No.2,https://www.google.com/maps/place/The+Aryan%27s/data=!4m7!3m6!1s0x2dd240e7217b079b:0x6b5d7bba14ec4614!8m2!3d-8.6843744!4d115.2152552!16s%2Fg%2F11d_w5rxcn!19sChIJmwd7IedA0i0RFEbsFLp7XWs?authuser=0&hl=en&rclk=1
Boga Bali Living Museum,5.0,Museum,34473.85620915033,Gianyar,Bend. Telaga Tunjung,https://www.google.com/maps/place/Boga+Bali+Living+Museum/data=!4m7!3m6!1s0x2dd225003bbcf6db:0x8bb77fb750f0d6!8m2!3d-8.4787074!4d115.0987021!16s%2Fg%2F11vxx_01zm!19sChIJ2_a8OwAl0i0R1vBQt3-3iwA?authuser=0&hl=en&rclk=1
ART WOOD NIKINI,5.0,Museum,34473.85620915033,Badung,Jl. Cok Rai Pudak,https://www.google.com/maps/place/ART+WOOD+NIKINI/data=!4m7!3m6!1s0x2dd23d3c8a82448b:0xb15d696eb19906e1!8m2!3d-8.5282745!4d115.2715621!16s%2Fg%2F11hghzl7g1!19sChIJi0SCijw90i0R4QaZsW5pXbE?authuser=0&hl=en&rclk=1
Bali Oka Monumen,5.0,Museum,34473.85620915033,Denpasar,Cokroaminoto St No.330,https://www.google.com/maps/place/Bali+Oka+Monumen/data=!4m7!3m6!1s0x2dd23f30aa9d2f79:0xd0411eecdcf97a9d!8m2!3d-8.625626!4d115.200848!16s%2Fg%2F11h9xszm25!19sChIJeS-dqjA_0i0RnXr53OweQdA?authuser=0&hl=en&rclk=1
"Jero Warih Kyai Lanang Ukiran Pemecutan - Temacun, Kuta",5.0,Museum,34473.85620915033,Badung,Jl. Majapahit No.1,"https://www.google.com/maps/place/Jero+Warih+Kyai+Lanang+Ukiran+Pemecutan+-+Temacun,+Kuta/data=!4m7!3m6!1s0x2dd24782133bf2ad:0x44a332abc4215d62!8m2!3d-8.7220437!4d115.1781175!16s%2Fg%2F11fj31rxvm!19sChIJrfI7E4JH0i0RYl0hxKsyo0Q?authuser=0&hl=en&rclk=1"
Soleil at Mulia Bali,4.6,Tourist attraction,34473.85620915033,Badung,"Mulia Resort, Kawasan Sawangan, Jl. Raya Nusa Dua Selatan",https://www.google.com/maps/place/Soleil+at+Mulia+Bali/data=!4m7!3m6!1s0x2dd25ccdfffda869:0x7c4cf8e344f9021a!8m2!3d-8.816539!4d115.2244987!16s%2Fg%2F1ptzds1c6!19sChIJaaj9_81c0i0RGgL5ROP4THw?authuser=0&hl=en&rclk=1
Sorrento Mediterranean Restaurant,4.7,Tourist attraction,34473.85620915033,Badung,"ITDC Lot 1, Jl. Nusa Dua",https://www.google.com/maps/place/Sorrento+Mediterranean+Restaurant/data=!4m7!3m6!1s0x2dd243265b668a97:0x332ebb01b181e8d7!8m2!3d-8.798784!4d115.2323604!16s%2Fg%2F1pyqhr0q6!19sChIJl4pmWyZD0i0R1-iBsQG7LjM?authuser=0&hl=en&rclk=1
Buah Gangga Waterfall,3.3,Tourist attraction,34473.85620915033,Buleleng,GC4W+X87,https://www.google.com/maps/place/Buah+Gangga+Waterfall/data=!4m7!3m6!1s0x2dd211467397cf87:0xb5ff34d903723703!8m2!3d-8.4925812!4d115.4458068!16s%2Fg%2F11n0s4k3wx!19sChIJh8-Xc0YR0i0RAzdyA9k0_7U?authuser=0&hl=en&rclk=1
Secret Waterfall,3.4,Tourist attraction,34473.85620915033,Buleleng,Jl. Raya Laplapan No.7,https://www.google.com/maps/place/Secret+Waterfall/data=!4m7!3m6!1s0x2dd23dc2ab5e17eb:0xc6d017de99dc9087!8m2!3d-8.5060227!4d115.2778881!16s%2Fg%2F11t8b4f83y!19sChIJ6xdeq8I90i0Rh5Dcmd4X0MY?authuser=0&hl=en&rclk=1
Sekumpul Waterfalls Official Parking,3.6,Park,20000.0,Buleleng,,https://www.google.com/maps/place/Sekumpul+Waterfalls+Official+Parking/data=!4m7!3m6!1s0x2dd18f244a9a3b37:0x4679f5487dbe534c!8m2!3d-8.1774263!4d115.1825979!16s%2Fg%2F11n13bdc1z!19sChIJNzuaSiSP0S0RTFO-fUj1eUY?authuser=0&hl=en&rclk=1
HIDDEN WATERFALL SEKUMPUL,3.6,Tourist attraction,34473.85620915033,Buleleng,R5CM+M4F,https://www.google.com/maps/place/HIDDEN+WATERFALL+SEKUMPUL/data=!4m7!3m6!1s0x2dd18f7ab1309e6b:0x3d23319c1ad2e98e!8m2!3d-8.1783125!4d115.1827969!16s%2Fg%2F11t6fzvwrn!19sChIJa54wsXqP0S0RjunSGpwxIz0?authuser=0&hl=en&rclk=1
Air Terjun Muntig,3.6,Tourist attraction,34473.85620915033,Gianyar,Banjar Pengembungan,https://www.google.com/maps/place/Air+Terjun+Muntig/data=!4m7!3m6!1s0x2dd21921b442e3bf:0x78bf757833fc846c!8m2!3d-8.47508!4d115.2977752!16s%2Fg%2F11jcv0zwkd!19sChIJv-NCtCEZ0i0RbIT8M3h1v3g?authuser=0&hl=en&rclk=1
Singsing Waterfall,3.7,Tourist attraction,34473.85620915033,Buleleng,R282+38Q,https://www.google.com/maps/place/Singsing+Waterfall/data=!4m7!3m6!1s0x2dd184aa3ccde729:0xbafdfad872da2ce5!8m2!3d-8.1847867!4d115.0008662!16s%2Fg%2F11cjh_q1_h!19sChIJKefNPKqE0S0R5Szactj6_bo?authuser=0&hl=en&rclk=1
Melayang Waterfall,3.7,Tourist attraction,34473.85620915033,Gianyar,"G77M+8M6, Jl. Raya Pejeng Kawan",https://www.google.com/maps/place/Melayang+Waterfall/data=!4m7!3m6!1s0x2dd217e78769f325:0x74b1fd87ac74bad7!8m2!3d-8.4867113!4d115.2841474!16s%2Fg%2F11fr0d7cbh!19sChIJJfNph-cX0i0R17p0rIf9sXQ?authuser=0&hl=en&rclk=1
Grojogan Twin Waterfall,3.8,Tourist attraction,34473.85620915033,Tabanan,,https://www.google.com/maps/place/Grojogan+Twin+Waterfall/data=!4m7!3m6!1s0x2dd239271e4890d5:0xefce28fb4dc7fe82!8m2!3d-8.5782454!4d115.0980068!16s%2Fg%2F11h1jbx7t7!19sChIJ1ZBIHic50i0Rgv7HTfsozu8?authuser=0&hl=en&rclk=1
Water Slide Lemukih,4.0,Tourist attraction,34473.85620915033,Buleleng,,https://www.google.com/maps/place/Water+Slide+Lemukih/data=!4m7!3m6!1s0x2dd18e0e5fdd529d:0x3fa2226a47e83f7d!8m2!3d-8.1821639!4d115.179434!16s%2Fg%2F11f2j6gwn8!19sChIJnVLdXw6O0S0RfT_oR2oioj8?authuser=0&hl=en&rclk=1
Seganing spring,4.0,Tourist attraction,34473.85620915033,Klungkung,6FQP+JP9,https://www.google.com/maps/place/Seganing+spring/data=!4m7!3m6!1s0x2dd270303d5b12c9:0xfe229ece3f737458!8m2!3d-8.760954!4d115.4868511!16s%2Fg%2F11c5s84x2v!19sChIJyRJbPTBw0i0RWHRzP86eIv4?authuser=0&hl=en&rclk=1
Fiji Waterfall Lemukih,4.0,Tourist attraction,34473.85620915033,Buleleng,R59J+RJ,https://www.google.com/maps/place/Fiji+Waterfall+Lemukih/data=!4m7!3m6!1s0x2dd18f921139190b:0xddf0c37a51e73ad8!8m2!3d-8.1804559!4d115.1815599!16s%2Fg%2F11t5y2g24g!19sChIJCxk5EZKP0S0R2DrnUXrD8N0?authuser=0&hl=en&rclk=1
Sekumpul Waterfall,4.1,Tourist attraction,20000.0,Buleleng,,https://www.google.com/maps/place/Sekumpul+Waterfall/data=!4m7!3m6!1s0x2dd18f2016762a37:0x18e8b8bb069da935!8m2!3d-8.1775308!4d115.1825825!16s%2Fg%2F11pclg13f6!19sChIJNyp2FiCP0S0RNamdBru46Bg?authuser=0&hl=en&rclk=1
Grubugan Waterfall Sading,4.1,Tourist attraction,34473.85620915033,Badung,C53X+JQP,https://www.google.com/maps/place/Grubugan+Waterfall+Sading/data=!4m7!3m6!1s0x2dd23f2524ea1711:0xae7abc31a6b3c2df!8m2!3d-8.5959166!4d115.1994533!16s%2Fg%2F11hzj24f3k!19sChIJERfqJCU_0i0R38KzpjG8eq4?authuser=0&hl=en&rclk=1
Besikalung Waterfall,4.1,Tourist attraction,34473.85620915033,Tabanan,,https://www.google.com/maps/place/Besikalung+Waterfall/data=!4m7!3m6!1s0x2dd226870055db0d:0x843a8aca86c58152!8m2!3d-8.369276!4d115.140891!16s%2Fg%2F1hg4vkqyj!19sChIJDdtVAIcm0i0RUoHFhsqKOoQ?authuser=0&hl=en&rclk=1
Bidadari Ayung Petang Waterfall,4.1,Tourist attraction,34473.85620915033,Badung,J68F+HQ4,https://www.google.com/maps/place/Bidadari+Ayung+Petang+Waterfall/data=!4m7!3m6!1s0x2dd221127636d3a9:0xc5016b56bb279961!8m2!3d-8.3836143!4d115.2244471!16s%2Fg%2F11dxqk66k9!19sChIJqdM2dhIh0i0RYZknu1ZrAcU?authuser=0&hl=en&rclk=1
Bandung Waterfall,4.2,Tourist attraction,25000.0,Gianyar,,https://www.google.com/maps/place/Bandung+Waterfall/data=!4m7!3m6!1s0x2dd217da5f22daef:0x7aa55984b1bcd12e!8m2!3d-8.5193752!4d115.3079492!16s%2Fg%2F11fhxxdk1y!19sChIJ79oiX9oX0i0RLtG8sYRZpXo?authuser=0&hl=en&rclk=1
Pengempu Waterfall,4.2,Tourist attraction,0.0,Tabanan,"G6J3+798, Jl. Seribupati",https://www.google.com/maps/place/Pengempu+Waterfall/data=!4m7!3m6!1s0x2dd223428135bb67:0xbc9889d658b497a4!8m2!3d-8.469335!4d115.2034665!16s%2Fg%2F11b7yyb9sf!19sChIJZ7s1gUIj0i0RpJe0WNaJmLw?authuser=0&hl=en&rclk=1
Air Terjun Cinta,4.2,Tourist attraction,20000.0,Buleleng,Jl. Raya Wanagiri,https://www.google.com/maps/place/Air+Terjun+Cinta/data=!4m7!3m6!1s0x2dd18f406940a557:0x2bf61af2587afdce!8m2!3d-8.2270041!4d115.112775!16s%2Fg%2F11dxdlt46g!19sChIJV6VAaUCP0S0Rzv16WPIa9is?authuser=0&hl=en&rclk=1
Layana waterfall,4.2,Tourist attraction,0.0,Gianyar,"F7HM+3QP, Jl. Raya Goa Gajah",https://www.google.com/maps/place/Layana+waterfall/data=!4m7!3m6!1s0x2dd21779b6820d5f:0x58ffe060da0e009a!8m2!3d-8.5222897!4d115.2844582!16s%2Fg%2F11j4cvsz_y!19sChIJXw2CtnkX0i0RmgAO2mDg_1g?authuser=0&hl=en&rclk=1
Air Terjun Bertingkat,4.2,Tourist attraction,20000.0,Buleleng,Jl. Raya Bedugul - Singaraja No.KM.11,https://www.google.com/maps/place/Air+Terjun+Bertingkat/data=!4m7!3m6!1s0x2dd18fc91a32233f:0xcf36648b8dda77dc!8m2!3d-8.1981764!4d115.1394801!16s%2Fg%2F11bx8gwxmt!19sChIJPyMyGsmP0S0R3HfajYtkNs8?authuser=0&hl=en&rclk=1
Gulung Tikeh Natural Pool and Waterfall,4.2,Tourist attraction,34473.85620915033,Gianyar,"F8W8+C67, Unnamed Road",https://www.google.com/maps/place/Gulung+Tikeh+Natural+Pool+and+Waterfall/data=!4m7!3m6!1s0x2dd217f55936f7d1:0x83dd57621b8ffcb3!8m2!3d-8.5039522!4d115.315551!16s%2Fg%2F11r9q4sjxn!19sChIJ0fc2WfUX0i0Rs_yPG2JX3YM?authuser=0&hl=en&rclk=1
Gitgit Waterfall,4.3,Tourist attraction,20000.0,Buleleng,Jl. Raya Bedugul - Singaraja,https://www.google.com/maps/place/Gitgit+Waterfall/data=!4m7!3m6!1s0x2dd18fcebffbb9d9:0x95e881c23c44d940!8m2!3d-8.1883986!4d115.1366883!16s%2Fm%2F0cnyl2j!19sChIJ2bn7v86P0S0RQNlEPMKB6JU?authuser=0&hl=en&rclk=1
Air Terjun Yeh Labuh Waterfall,4.3,Tourist attraction,25000.0,Karangasem,"GGPM+G99, Unnamed Road",https://www.google.com/maps/place/Air+Terjun+Yeh+Labuh+Waterfall/data=!4m7!3m6!1s0x2dd205888855f2b7:0x2b12e006df0868c6!8m2!3d-8.4637236!4d115.5334875!16s%2Fg%2F11g6qjb_m1!19sChIJt_JViIgF0i0RxmgI3wbgEis?authuser=0&hl=en&rclk=1
Air Terjun Padangbulia,4.3,Tourist attraction,34473.85620915033,Tabanan,R4V8+PPH,https://www.google.com/maps/place/Air+Terjun+Padangbulia/data=!4m7!3m6!1s0x2dd190159af758df:0xe858dffdafad330e!8m2!3d-8.1556937!4d115.116858!16s%2Fg%2F11cn10c3_1!19sChIJ31j3mhWQ0S0RDjOtr_3fWOg?authuser=0&hl=en&rclk=1
Santhipala Spring Waterfall,4.3,Tourist attraction,50000.0,Buleleng,P27F+HHH,https://www.google.com/maps/place/Santhipala+Spring+Waterfall/data=!4m7!3m6!1s0x2dd186e9c1605627:0x8e46a9cd1bed9e11!8m2!3d-8.2860612!4d115.0239973!16s%2Fg%2F11b8c2y3gn!19sChIJJ1ZgwemG0S0REZ7tG82pRo4?authuser=0&hl=en&rclk=1
Waterfall Park,4.3,Park,34473.85620915033,Gianyar,,https://www.google.com/maps/place/Waterfall+Park/data=!4m7!3m6!1s0x2dd23d744e403ec9:0x1afd9c30349a6d41!8m2!3d-8.5751191!4d115.2904578!16s%2Fg%2F11c1vkcnrw!19sChIJyT5ATnQ90i0RQW2aNDCc_Ro?authuser=0&hl=en&rclk=1
Tegehan waterfall,4.3,Tourist attraction,34473.85620915033,Gianyar,Jl. Watu Renggong No.26,https://www.google.com/maps/place/Tegehan+waterfall/data=!4m7!3m6!1s0x2dd2115021c4e815:0xc1d9e83d21c36aaf!8m2!3d-8.530948!4d115.389061!16s%2Fg%2F11p01jfz1w!19sChIJFejEIVAR0i0Rr2rDIT3o2cE?authuser=0&hl=en&rclk=1
YMC Waterfall,4.3,Tourist attraction,34473.85620915033,Jembrana,JPXC+473,https://www.google.com/maps/place/YMC+Waterfall/data=!4m7!3m6!1s0x2dd17da5cd83a519:0x686ba995aabdbe66!8m2!3d-8.3522498!4d114.7206699!16s%2Fg%2F11fd69l02x!19sChIJGaWDzaV90S0RZr69qpWpa2g?authuser=0&hl=en&rclk=1
Tegenungan Waterfall,4.4,Tourist attraction,20000.0,Gianyar,,https://www.google.com/maps/place/Tegenungan+Waterfall/data=!4m7!3m6!1s0x2dd2161beebd0c61:0xc1ae79ddb8410c5e!8m2!3d-8.5753621!4d115.2889599!16s%2Fg%2F11bvx3j8m8!19sChIJYQy97hsW0i0RXgxBuN15rsE?authuser=0&hl=en&rclk=1
Kanto Lampo Waterfall,4.4,Tourist attraction,15000.0,Gianyar,Jl. Kaliasem lingk.kelod kangin,https://www.google.com/maps/place/Kanto+Lampo+Waterfall/data=!4m7!3m6!1s0x2dd217ff9adc01a1:0xea08b2e84ad7ab23!8m2!3d-8.5321802!4d115.3312408!16s%2Fg%2F11lrkjx_fc!19sChIJoQHcmv8X0i0RI6vXSuiyCOo?authuser=0&hl=en&rclk=1
Leke Leke Waterfall,4.4,Tourist attraction,30000.0,Tabanan,"Kerobokan, Jl. Swadaya",https://www.google.com/maps/place/Leke+Leke+Waterfall/data=!4m7!3m6!1s0x2dd220d6da4ff65d:0x7b898588ca3ea351!8m2!3d-8.3666011!4d115.1978215!16s%2Fg%2F11g8xgmsnk!19sChIJXfZP2tYg0i0RUaM-yoiFiXs?authuser=0&hl=en&rclk=1
SEKUMPUL WATERFALL OFFICIAL (POST 1),4.4,Tourist attraction,34473.85620915033,Buleleng,Jalan Air Terjun Desa Sekumpul Kecamatan Sawan Kabupaten Buleleng,https://www.google.com/maps/place/SEKUMPUL+WATERFALL+OFFICIAL+%28POST+1%29/data=!4m7!3m6!1s0x2dd18f7de2ce27ef:0x28a7555c231ea588!8m2!3d-8.1718807!4d115.1862116!16s%2Fg%2F11qbcxb2_m!19sChIJ7yfO4n2P0S0RiKUeI1xVpyg?authuser=0&hl=en&rclk=1
Air Terjun. Twin waterfall Lipah Petang,4.4,Tourist attraction,25000.0,Gianyar,"J6C5+CX4, Jl. Lipah",https://www.google.com/maps/place/Air+Terjun.+Twin+waterfall+Lipah+Petang/data=!4m7!3m6!1s0x2dd2214e862c8239:0xb1b7021e067dd971!8m2!3d-8.378979!4d115.209964!16s%2Fg%2F11kv2_b8sz!19sChIJOYIshk4h0i0Rcdl9Bh4Ct7E?authuser=0&hl=en&rclk=1
Lemukih Waterfalls,4.4,Tourist attraction,34473.85620915033,Buleleng,"dinas buah banjah, Lemukih banjar",https://www.google.com/maps/place/Lemukih+Waterfalls/data=!4m7!3m6!1s0x2dd18e7440cd2f0b:0x65ee83bfddeb4bd!8m2!3d-8.2094724!4d115.1718078!16s%2Fg%2F11b_244bkl!19sChIJCy_NQHSO0S0RvbTe_TvoXgY?authuser=0&hl=en&rclk=1
Sing Sing Angin Waterfall,4.4,Tourist attraction,34473.85620915033,Tabanan,"H322+JJ2, Unnamed Road",https://www.google.com/maps/place/Sing+Sing+Angin+Waterfall/data=!4m7!3m6!1s0x2dd22f04b349ee1b:0x837b19a63d9e8bb8!8m2!3d-8.4484918!4d115.0515311!16s%2Fg%2F11c2kc4c5n!19sChIJG-5JswQv0i0RuIuePaYZe4M?authuser=0&hl=en&rclk=1
Red Coral Munduk Waterfall,4.4,Tourist attraction,34473.85620915033,Buleleng,,https://www.google.com/maps/place/Red+Coral+Munduk+Waterfall/data=!4m7!3m6!1s0x2dd18675b70256c1:0x2dce87559ab23089!8m2!3d-8.2580905!4d115.0698271!16s%2Fg%2F11g9l_wh_3!19sChIJwVYCt3WG0S0RiTCymlWHzi0?authuser=0&hl=en&rclk=1
Mesusun waterfall,4.4,Tourist attraction,34473.85620915033,Gianyar,Jln,https://www.google.com/maps/place/Mesusun+waterfall/data=!4m7!3m6!1s0x2dd185b6a6d8210b:0x6bf8c71ff05a0eda!8m2!3d-8.2036217!4d115.007511!16s%2Fg%2F11tcygsmh3!19sChIJCyHYpraF0S0R2g5a8B_H-Gs?authuser=0&hl=en&rclk=1
Guyangan Waterfall Nusa Penida,4.4,Tourist attraction,200000.0,Klungkung,6G99+FRR,https://www.google.com/maps/place/Guyangan+Waterfall+Nusa+Penida/data=!4m7!3m6!1s0x2dd27a7f26d02f55:0x4ad0e821647ffbdc!8m2!3d-8.7812546!4d115.5195018!16s%2Fg%2F11cs5v6plt!19sChIJVS_QJn960i0R3Pt_ZCHo0Eo?authuser=0&hl=en&rclk=1
Air Terjun Juwuk Manis,4.4,Tourist attraction,0.0,Jembrana,,https://www.google.com/maps/place/Air+Terjun+Juwuk+Manis/data=!4m7!3m6!1s0x2dd22b2bae26411b:0xced499fc9fbb8c83!8m2!3d-8.3910903!4d114.9079129!16s%2Fg%2F11cr_0bv1w!19sChIJG0Emrisr0i0Rg4y7n_yZ1M4?authuser=0&hl=en&rclk=1\
Munduk Waterfall Trekking Point,4.4,Tourist attraction,20000.0,Buleleng,,https://www.google.com/maps/place/Munduk+Waterfall+Trekking+Point/data=!4m7!3m6!1s0x2dd18568668fba15:0x813e9e645759183!8m2!3d-8.2544186!4d115.0793258!16s%2Fg%2F11v112bxjx!19sChIJFbqPZmiF0S0Rg5F1RebpEwg?authuser=0&hl=en&rclk=1
Batu Engsel Waterfall,4.4,Tourist attraction,5000.0,Karangasem,GFMJ+67,https://www.google.com/maps/place/Batu+Engsel+Waterfall/data=!4m7!3m6!1s0x2dd205dca49a7f25:0x5fd1b971ac36c9ac!8m2!3d-8.4669294!4d115.4806326!16s%2Fg%2F11k9nx8c64!19sChIJJX-apNwF0i0RrMk2rHG50V8?authuser=0&hl=en&rclk=1
Sumampan Waterfall,4.5,Tourist attraction,20000.0,Gianyar,,https://www.google.com/maps/place/Sumampan+Waterfall/data=!4m7!3m6!1s0x2dd217dd0de27bf7:0x3a80d39fe18240a2!8m2!3d-8.5514923!4d115.2903976!16s%2Fg%2F11g4jfwgt9!19sChIJ93viDd0X0i0RokCC4Z_TgDo?authuser=0&hl=en&rclk=1
"Jembong Waterfall, Ambengan",4.5,Tourist attraction,10000.0,Badung,,"https://www.google.com/maps/place/Jembong+Waterfall,+Ambengan/data=!4m7!3m6!1s0x2dd18fdae0062ec5:0x8bc1fb7ab392d0d7!8m2!3d-8.188461!4d115.1171296!16s%2Fg%2F11bv3mm_8_!19sChIJxS4G4NqP0S0R19CSs3r7wYs?authuser=0&hl=en&rclk=1"
Air Terjun Munduk,4.5,Tourist attraction,20000.0,Buleleng,Jl Raya No.Desa,https://www.google.com/maps/place/Air+Terjun+Munduk/data=!4m7!3m6!1s0x2dd1860ab3946be1:0xd786b7d9107bf1d3!8m2!3d-8.2537779!4d115.0792068!16s%2Fg%2F11b6_prx07!19sChIJ4WuUswqG0S0R0_F7ENm3htc?authuser=0&hl=en&rclk=1
Suwat Waterfall,4.5,Tourist attraction,15000.0,Gianyar,Jl. Pura Dalem No.Desa,https://www.google.com/maps/place/Suwat+Waterfall/data=!4m7!3m6!1s0x2dd217a1866f1383:0xe9ff0904a23da5fb!8m2!3d-8.4876645!4d115.3178644!16s%2Fg%2F11hzxfrm3v!19sChIJgxNvhqEX0i0R-6U9ogQJ_-k?authuser=0&hl=en&rclk=1
Skcript Waterfalls,4.5,Tourist attraction,34473.85620915033,Gianyar,F7HM+4WP,https://www.google.com/maps/place/Skcript+Waterfalls/data=!4m7!3m6!1s0x2dd2170ac53ccf03:0x3ec6705ce178765f!8m2!3d-8.5221723!4d115.2848166!16s%2Fg%2F11g1ksssp3!19sChIJA888xQoX0i0RX3Z44Vxwxj4?authuser=0&hl=en&rclk=1
Gitgit dukuh waterfall(ceburan Dukuh waterfall),4.5,Tourist attraction,34473.85620915033,Buleleng,,https://www.google.com/maps/place/Gitgit+dukuh+waterfall%28ceburan+Dukuh+waterfall%29/data=!4m7!3m6!1s0x2dd18f5285e95511:0xa704a7544a793d46!8m2!3d-8.1880074!4d115.1353612!16s%2Fg%2F11fp3rnp9z!19sChIJEVXphVKP0S0RRj15SlSnBKc?authuser=0&hl=en&rclk=1
Sekumpul waterfall view point,4.5,Tourist attraction,30000.0,Buleleng,,https://www.google.com/maps/place/Sekumpul+waterfall+view+point/data=!4m7!3m6!1s0x2dd18f8d959a5ccf:0xd95761a21f68959d!8m2!3d-8.177107!4d115.1820038!16s%2Fg%2F11r_q5vnf4!19sChIJz1yalY2P0S0RnZVoH6JhV9k?authuser=0&hl=en&rclk=1
Munduk Waterfalls Trekking Point,4.5,Tourist attraction,10000.0,Buleleng,"P3Q9+PC2, Jl. Raya Pancasari",https://www.google.com/maps/place/Munduk+Waterfalls+Trekking+Point/data=!4m7!3m6!1s0x2dd18f566d905e3d:0x90ba1890a33bef1a!8m2!3d-8.2607417!4d115.0685229!16s%2Fg%2F11c57s5988!19sChIJPV6QbVaP0S0RGu87o5AYupA?authuser=0&hl=en&rclk=1
Air Terjun Colek Pamor,4.5,Tourist attraction,0.0,Gianyar,R43P+RH7,https://www.google.com/maps/place/Air+Terjun+Colek+Pamor/data=!4m7!3m6!1s0x2dd18fb417a54087:0x46341da80963b1aa!8m2!3d-8.19547!4d115.136429!16s%2Fg%2F11c20d5nhw!19sChIJh0ClF7SP0S0RqrFjCagdNEY?authuser=0&hl=en&rclk=1
Yeh Aya Waterfall,4.5,Tourist attraction,20000.0,Tabanan,JW6X+JQ6,https://www.google.com/maps/place/Yeh+Aya+Waterfall/data=!4m7!3m6!1s0x2dd22b1ecb35b38b:0xa821f6d80d3e9f2c!8m2!3d-8.3884557!4d114.9493802!16s%2Fg%2F11llsvchpl!19sChIJi7M1yx4r0i0RLJ8-Ddj2Iag?authuser=0&hl=en&rclk=1
Air Terjun Tembok Barak,4.5,Tourist attraction,10000.0,Tabanan,Gg. Cengkeh,https://www.google.com/maps/place/Air+Terjun+Tembok+Barak/data=!4m7!3m6!1s0x2dd19078316e4789:0xda3df7ec85364520!8m2!3d-8.1445093!4d115.1003946!16s%2Fg%2F11bzt91hnf!19sChIJiUduMXiQ0S0RIEU2hez3Pdo?authuser=0&hl=en&rclk=1
Campuhan Antapan Waterfall,4.5,Tourist attraction,20000.0,Gianyar,Jalan,https://www.google.com/maps/place/Campuhan+Antapan+Waterfall/data=!4m7!3m6!1s0x2dd221a72e8e04f1:0xfed20c777a123471!8m2!3d-8.3593389!4d115.1947135!16s%2Fg%2F11ghfppwml!19sChIJ8QSOLqch0i0RcTQSencM0v4?authuser=0&hl=en&rclk=1
Telaga Waja Waterfall,4.5,Tourist attraction,15000.0,Karangasem,HC3M+HQM,https://www.google.com/maps/place/Telaga+Waja+Waterfall/data=!4m7!3m6!1s0x2dd21af1043331df:0x984045c0d887ca61!8m2!3d-8.4460484!4d115.4344223!16s%2Fg%2F11ckw28n1w!19sChIJ3zEzBPEa0i0RYcqH2MBFQJg?authuser=0&hl=en&rclk=1
Sade Waterfall,4.5,Tourist attraction,0.0,Tabanan,,https://www.google.com/maps/place/Sade+Waterfall/data=!4m7!3m6!1s0x2dd2293eadab354f:0xf1b18a294e99ba0d!8m2!3d-8.4051065!4d115.0282489!16s%2Fg%2F11bzs1lpp7!19sChIJTzWrrT4p0i0RDbqZTimKsfE?authuser=0&hl=en&rclk=1
Jasan Waterfall,4.5,Tourist attraction,30000.0,Buleleng,"J8F5+R4G, Jl. Br Jasan",https://www.google.com/maps/place/Jasan+Waterfall/data=!4m7!3m6!1s0x2dd21fba52de5b41:0x278b7ecdda08951d!8m2!3d-8.3754304!4d115.3078249!16s%2Fg%2F11k7kxht_d!19sChIJQVveUrof0i0RHZUI2s1-iyc?authuser=0&hl=en&rclk=1
Yeh Pikat Waterfall,4.5,Tourist attraction,75000.0,Karangasem,,https://www.google.com/maps/place/Yeh+Pikat+Waterfall/data=!4m7!3m6!1s0x2dd221d5cc0a21e7:0x79ab8779e13308b5!8m2!3d-8.3811047!4d115.2792108!16s%2Fg%2F11h3mvl09g!19sChIJ5yEKzNUh0i0RtQgz4XmHq3k?authuser=0&hl=en&rclk=1
Central parkir waterfall tukad cepung,4.5,Tourist attraction,15000.0,Bangli,Jl. Tembuku,https://www.google.com/maps/place/Central+parkir+waterfall+tukad+cepung/data=!4m7!3m6!1s0x2dd21b843a41b427:0x40108e294df3f004!8m2!3d-8.4409632!4d115.3869279!16s%2Fg%2F11h109nbjs!19sChIJJ7RBOoQb0i0RBPDzTSmOEEA?authuser=0&hl=en&rclk=1
Tibu Kentenan Waterfall,4.5,Tourist attraction,20000.0,Bangli,HX5W+55W,https://www.google.com/maps/place/Tibu+Kentenan+Waterfall/data=!4m7!3m6!1s0x2dd22c1f71d65d03:0x10d27c658fa3afc4!8m2!3d-8.4420155!4d114.9954481!16s%2Fg%2F11fx9nx1mc!19sChIJA13WcR8s0i0RxK-jj2V80hA?authuser=0&hl=en&rclk=1
Tukad Cepung Waterfall,4.6,Tourist attraction,0.0,Bangli,Jl. Tembuku,https://www.google.com/maps/place/Tukad+Cepung+Waterfall/data=!4m7!3m6!1s0x2dd21ba0481caa43:0xbd3a446ae88503f!8m2!3d-8.4410173!4d115.3868079!16s%2Fg%2F11qnkky0r9!19sChIJQ6ocSKAb0i0RP1CIrkak0ws?authuser=0&hl=en&rclk=1
Aling-Aling Waterfall,4.6,Tourist attraction,20000.0,Buleleng,Sambangan,https://www.google.com/maps/place/Aling-Aling+Waterfall/data=!4m7!3m6!1s0x2dd18ffd404fcff1:0x24f2242eea029334!8m2!3d-8.1747311!4d115.1043022!16s%2Fg%2F11by_djwx5!19sChIJ8c9PQP2P0S0RNJMC6i4k8iQ?authuser=0&hl=en&rclk=1
Tibumana Waterfall,4.6,Tourist attraction,25000.0,Bangli,Jl. Setra Agung,https://www.google.com/maps/place/Tibumana+Waterfall/data=!4m7!3m6!1s0x2dd21759769b0ddd:0xfd21df629720e6fd!8m2!3d-8.5068384!4d115.3330831!16s%2Fg%2F11qt462xfp!19sChIJ3Q2bdlkX0i0R_eYgl2LfIf0?authuser=0&hl=en&rclk=1
Blangsinga Waterfall,4.6,Tourist attraction,10000.0,Gianyar,"Banjar Blangsinga, Jl. Raya Blangsinga",https://www.google.com/maps/place/Blangsinga+Waterfall/data=!4m7!3m6!1s0x2dd21586116361a3:0x5549696b8cdca6e2!8m2!3d-8.5755432!4d115.2914253!16s%2Fg%2F11nnlfsxd2!19sChIJo2FjEYYV0i0R4qbcjGtpSVU?authuser=0&hl=en&rclk=1
waterfall bayumala,4.6,Tourist attraction,50000.0,Buleleng,"Q465+78G, Jl. Munduk - Wanagiri",https://www.google.com/maps/place/waterfall+bayumala/data=!4m7!3m6!1s0x2dd18f3eaeeca24f:0xed9d50752a12200e!8m2!3d-8.2393034!4d115.1083185!16s%2Fg%2F11ckvf1d5_!19sChIJT6Lsrj6P0S0RDiASKnVQne0?authuser=0&hl=en&rclk=1
Batu Lantang Waterfall,4.6,Tourist attraction,15000.0,Bangli,J6X9+JP2,https://www.google.com/maps/place/Batu+Lantang+Waterfall/data=!4m7!3m6!1s0x2dd220ec0d857a95:0x43b1fcd3726f2f7c!8m2!3d-8.3509786!4d115.2192611!16s%2Fg%2F11f12650pp!19sChIJlXqFDewg0i0RfC9vctP8sUM?authuser=0&hl=en&rclk=1
Golden Valley Waterfalls,4.6,Tourist attraction,20000.0,Buleleng,,https://www.google.com/maps/place/Golden+Valley+Waterfalls/data=!4m7!3m6!1s0x2dd185e1b2983903:0x81c3824e0980094a!8m2!3d-8.2543204!4d115.0735839!16s%2Fg%2F11b86xhqqz!19sChIJAzmYsuGF0S0RSgmACU6Cw4E?authuser=0&hl=en&rclk=1
Batulantang Waterfall,4.6,Tourist attraction,15000.0,Bangli,Jl. Pura Kancing Gumi,https://www.google.com/maps/place/Batulantang+Waterfall/data=!4m7!3m6!1s0x2dd220eae50b9b55:0xcc52215353cabb1f!8m2!3d-8.3439598!4d115.2146722!16s%2Fg%2F11c2j2zzk0!19sChIJVZsL5eog0i0RH7vKU1MhUsw?authuser=0&hl=en&rclk=1
Kroya Waterfall,4.6,Tourist attraction,70000.0,Buleleng,,https://www.google.com/maps/place/Kroya+Waterfall/data=!4m7!3m6!1s0x2dd19002ae53abff:0x1f6b21231afa7e3a!8m2!3d-8.1727788!4d115.1046053!16s%2Fg%2F11ddwxkcdt!19sChIJ_6tTrgKQ0S0ROn76GiMhax8?authuser=0&hl=en&rclk=1
Bayad Waterfall,4.6,Tourist attraction,10000.0,Gianyar,"H8P2+6F8, manik sawang, bayad",https://www.google.com/maps/place/Bayad+Waterfall/data=!4m7!3m6!1s0x2dd2190d16a69a7b:0x7c8f7145914935b0!8m2!3d-8.4144729!4d115.3012186!16s%2Fg%2F11h7dbm6h3!19sChIJe5qmFg0Z0i0RsDVJkUVxj3w?authuser=0&hl=en&rclk=1
Waterfall Pupuan,4.6,Tourist attraction,15000.0,Tabanan,"M2JV+6QG, Unnamed Road,",https://www.google.com/maps/place/Waterfall+Pupuan/data=!4m7!3m6!1s0x2dd187753ca6994b:0xe542a8b81a8ea0ec!8m2!3d-8.3194375!4d115.0444375!16s%2Fg%2F11c5bhfhqs!19sChIJS5mmPHWH0S0R7KCOGrioQuU?authuser=0&hl=en&rclk=1
Wanagiri Pucak Manik Waterfall,4.6,Tourist attraction,20000.0,Buleleng,Jl. Pucak Manik,https://www.google.com/maps/place/Wanagiri+Pucak+Manik+Waterfall/data=!4m7!3m6!1s0x2dd18f9d9557064d:0x8adb6cda7e05678e!8m2!3d-8.2119871!4d115.1103701!16s%2Fg%2F11b8_f0z1g!19sChIJTQZXlZ2P0S0RjmcFftps24o?authuser=0&hl=en&rclk=1
Batu Belah Waterfall,4.6,Tourist attraction,0.0,Tabanan,,https://www.google.com/maps/place/Batu+Belah+Waterfall/data=!4m7!3m6!1s0x2dd21f2d1b327209:0x3781a410e29e2663!8m2!3d-8.3893499!4d115.3003764!16s%2Fg%2F11fw9qkv16!19sChIJCXIyGy0f0i0RYyae4hCkgTc?authuser=0&hl=en&rclk=1
"Blue Lagoon (Secret Garden of Sambangan & Sliding, Jumping Attraction)",4.6,Tourist attraction,30000.0,Buleleng,,"https://www.google.com/maps/place/Blue+Lagoon+%28Secret+Garden+of+Sambangan+%26+Sliding,+Jumping+Attraction%29/data=!4m7!3m6!1s0x2dd18fe3497a75bf:0xcc8d61ba1a7ab01b!8m2!3d-8.177354!4d115.106228!16s%2Fg%2F11cn0r2297!19sChIJv3V6SeOP0S0RG7B6Grphjcw?authuser=0&hl=en&rclk=1"
Dedari Waterfall,4.6,Tourist attraction,0.0,Gianyar,Q4W4+3MX,https://www.google.com/maps/place/Dedari+Waterfall/data=!4m7!3m6!1s0x2dd18f9ab83895ab:0x60433f60f3bb02c6!8m2!3d-8.2047506!4d115.1067343!16s%2Fg%2F11h9xm206c!19sChIJq5U4uJqP0S0RxgK782A_Q2A?authuser=0&hl=en&rclk=1
Titi waterfall,4.6,Tourist attraction,5000.0,Buleleng,,https://www.google.com/maps/place/Titi+waterfall/data=!4m7!3m6!1s0x2dd2170070c861cf:0x809a9cc4ddba870d!8m2!3d-8.5181052!4d115.3297402!16s%2Fg%2F11w3l232rw!19sChIJz2HIcAAX0i0RDYe63cScmoA?authuser=0&hl=en&rclk=1
Kutuh waterfall,4.6,Tourist attraction,30000.0,Badung,R8P9+9Q3,https://www.google.com/maps/place/Kutuh+waterfall/data=!4m7!3m6!1s0x2dd1f32237d22a75:0x5509cea3ff03eec2!8m2!3d-8.1641155!4d115.3194184!16s%2Fg%2F11st7z242m!19sChIJdSrSNyLz0S0Rwu4D_6POCVU?authuser=0&hl=en&rclk=1
Nungnung Waterfall,4.7,Tourist attraction,20000.0,Badung,,https://www.google.com/maps/place/Nungnung+Waterfall/data=!4m7!3m6!1s0x2dd22083c3c810e3:0x8ad87885a422e318!8m2!3d-8.3297697!4d115.2293907!16s%2Fg%2F12lvp0n8h!19sChIJ4xDIw4Mg0i0RGOMipIV42Io?authuser=0&hl=en&rclk=1
Blahmantung Waterfall,4.7,Tourist attraction,15000.0,Tabanan,PX2X+6H3,https://www.google.com/maps/place/Blahmantung+Waterfall/data=!4m7!3m6!1s0x2dd1870b4829a109:0xbf56289dc03d26b7!8m2!3d-8.2994915!4d114.9989323!16s%2Fg%2F11bt_h2w1j!19sChIJCaEpSAuH0S0RtyY9wJ0oVr8?authuser=0&hl=en&rclk=1
Goa Rang Reng Waterfall,4.7,Tourist attraction,50000.0,Gianyar,Jl. Goa Jl. Rang Reng,https://www.google.com/maps/place/Goa+Rang+Reng+Waterfall/data=!4m7!3m6!1s0x2dd217120858fbbf:0x972abf684b06f39f!8m2!3d-8.5155934!4d115.3313441!16s%2Fg%2F11qqyd88y2!19sChIJv_tYCBIX0i0Rn_MGS2i_Kpc?authuser=0&hl=en&rclk=1
Nungnung Waterfall Carpark,4.7,Tourist attraction,34473.85620915033,Badung,,https://www.google.com/maps/place/Nungnung+Waterfall+Carpark/data=!4m7!3m6!1s0x2dd220848716890d:0x8700caa34c08c48f!8m2!3d-8.3317643!4d115.2273295!16s%2Fg%2F11c1tf4vy0!19sChIJDYkWh4Qg0i0Rj8QITKPKAIc?authuser=0&hl=en&rclk=1
Tangkup Waterfall,4.7,Tourist attraction,34473.85620915033,Karangasem,,https://www.google.com/maps/place/Tangkup+Waterfall/data=!4m7!3m6!1s0x2dd21f130953e7a7:0x5cf4b88124a937d3!8m2!3d-8.374484!4d115.3100783!16s%2Fg%2F11f_2cfmfd!19sChIJp-dTCRMf0i0R0zepJIG49Fw?authuser=0&hl=en&rclk=1
Goa Giri Campuhan Waterfall ( GGC Waterfall ),4.7,Tourist attraction,0.0,Bangli,Jl. Uluwatu,https://www.google.com/maps/place/Goa+Giri+Campuhan+Waterfall+%28+GGC+Waterfall+%29/data=!4m7!3m6!1s0x2dd21b1c9fca0721:0x1d489da714eec674!8m2!3d-8.4585551!4d115.3830738!16s%2Fg%2F11fj8qc0ql!19sChIJIQfKnxwb0i0RdMbuFKedSB0?authuser=0&hl=en&rclk=1
Gembleng Waterfall,4.7,Tourist attraction,34473.85620915033,Karangasem,Unnamed Road,https://www.google.com/maps/place/Gembleng+Waterfall/data=!4m7!3m6!1s0x2dd21161dd087d7f:0xe13bbcf799ce7421!8m2!3d-8.4926826!4d115.460857!16s%2Fg%2F11jwslcrmh!19sChIJf30I3WER0i0RIXTOmfe8O-E?authuser=0&hl=en&rclk=1
Manuaba Waterfall,4.7,Tourist attraction,34473.85620915033,Gianyar,,https://www.google.com/maps/place/Manuaba+Waterfall/data=!4m7!3m6!1s0x2dd219d7cf82781f:0xed846f0c37ad10db!8m2!3d-8.4466884!4d115.2900263!16s%2Fg%2F11g0mgrrtm!19sChIJH3iCz9cZ0i0R2xCtNwxvhO0?authuser=0&hl=en&rclk=1
Taman Sari Waterfall & Natural pool,4.7,Tourist attraction,50000.0,Buleleng,Jl. Ngenjung Sari,https://www.google.com/maps/place/Taman+Sari+Waterfall+%26+Natural+pool/data=!4m7!3m6!1s0x2dd217356ee10a41:0xba30329b382d3779!8m2!3d-8.5023087!4d115.328281!16s%2Fg%2F11h59ywnpd!19sChIJQQrhbjUX0i0ReTctOJsyMLo?authuser=0&hl=en&rclk=1
Tirta Buana Waterfall,4.7,Tourist attraction,60000.0,Buleleng,Q5V6+PM7,https://www.google.com/maps/place/Tirta+Buana+Waterfall/data=!4m7!3m6!1s0x2dd18f9d7f162b2d:0xc19aba3cf006822!8m2!3d-8.205714!4d115.161662!16s%2Fg%2F11fjp_v_39!19sChIJLSsWf52P0S0RImgAz6OrGQw?authuser=0&hl=en&rclk=1
Waterfall Bangkiang Djaran,4.7,Tourist attraction,10000.0,Bangli,Br Jelekungkang,https://www.google.com/maps/place/Waterfall+Bangkiang+Djaran/data=!4m7!3m6!1s0x2dd2173f8c829575:0xed8bf31f555c0ec7!8m2!3d-8.5006065!4d115.3567017!16s%2Fg%2F11df0q_ggh!19sChIJdZWCjD8X0i0Rxw5cVR_zi-0?authuser=0&hl=en&rclk=1
Melanting waterfall,4.7,Tourist attraction,20000.0,Buleleng,"P3W7+55F, Jl. Air Terjun Melanting No.Desa",https://www.google.com/maps/place/Melanting+waterfall/data=!4m7!3m6!1s0x2dd18676eca4cc9f:0x47c8266929e46d1c!8m2!3d-8.2608842!4d115.0627329!16s%2Fg%2F11cs3cgknb!19sChIJn8yk7HaG0S0RHG3kKWkmyEc?authuser=0&hl=en&rclk=1
Yeh Mampeh Waterfall,4.7,Tourist attraction,20000.0,Buleleng,Buleleng,https://www.google.com/maps/place/Yeh+Mampeh+Waterfall/data=!4m7!3m6!1s0x2dd1edf0177e49f5:0x64c4c57409eaf678!8m2!3d-8.1532932!4d115.3604458!16s%2Fg%2F11bcf2mn8j!19sChIJ9Ul-F_Dt0S0RePbqCXTFxGQ?authuser=0&hl=en&rclk=1
Munduk Tutub Waterfall,4.7,Tourist attraction,20000.0,Denpasar,,https://www.google.com/maps/place/Munduk+Tutub+Waterfall/data=!4m7!3m6!1s0x2dd1854a31271435:0xf655543d8a0e194c!8m2!3d-8.2539637!4d115.0791685!16s%2Fg%2F11svdm0p8j!19sChIJNRQnMUqF0S0RTBkOij1UVfY?authuser=0&hl=en&rclk=1
Air Terjun Jagasatru,4.7,Tourist attraction,0.0,Karangasem,,https://www.google.com/maps/place/Air+Terjun+Jagasatru/data=!4m7!3m6!1s0x2dd2057ac05b6f73:0x782d1dc9b59984c2!8m2!3d-8.4593053!4d115.5102254!16s%2Fg%2F11g8kstlg_!19sChIJc29bwHoF0i0RwoSZtckdLXg?authuser=0&hl=en&rclk=1
Ulu Petanu Waterfall,4.7,Tourist attraction,20000.0,Gianyar,"manik sawang, Jl. Raya Bayad",https://www.google.com/maps/place/Ulu+Petanu+Waterfall/data=!4m7!3m6!1s0x2dd2194571a08845:0x72f6ecf5c07600fc!8m2!3d-8.4149259!4d115.3017433!16s%2Fg%2F11j4y3wf3m!19sChIJRYigcUUZ0i0R_AB2wPXs9nI?authuser=0&hl=en&rclk=1
Candikuning Waterfall Sukasada,4.7,Tourist attraction,0.0,Buleleng,,https://www.google.com/maps/place/Candikuning+Waterfall+Sukasada/data=!4m7!3m6!1s0x2dd18e3056fd8f0b:0x8c7819a5ca731658!8m2!3d-8.1819323!4d115.1504989!16s%2Fg%2F11clscg8y4!19sChIJC4_9VjCO0S0RWBZzyqUZeIw?authuser=0&hl=en&rclk=1
Twin Waterfall Wanagiri,4.7,Tourist attraction,100000.0,Buleleng,Jl. Mungsu,https://www.google.com/maps/place/Twin+Waterfall+Wanagiri/data=!4m7!3m6!1s0x2dd18fdbc7de7023:0xcbb60b2562dce565!8m2!3d-8.2150951!4d115.1169408!16s%2Fg%2F11krs44vjs!19sChIJI3Dex9uP0S0RZeXcYiULtss?authuser=0&hl=en&rclk=1
Langgahan Waterfalls,4.7,Tourist attraction,34473.85620915033,Bangli,M7MC+2XF Banjar Langgahan Kangin Langgahan,https://www.google.com/maps/place/Langgahan+Waterfalls/data=!4m7!3m6!1s0x2dd18ba67c4ac271:0xf6c5c46aff60c0b1!8m2!3d-8.3174372!4d115.2724345!16s%2Fg%2F11fmfx2yj5!19sChIJccJKfKaL0S0RscBg_2rExfY?authuser=0&hl=en&rclk=1
Pangkung Bengkel Waterfall,4.7,Tourist attraction,34473.85620915033,Tabanan,"Hutan Kemasyarakatan, KTH AMERTA SARI Desa",https://www.google.com/maps/place/Pangkung+Bengkel+Waterfall/data=!4m7!3m6!1s0x2dd22daae85042ed:0xcc407cf6c2a3b4eb!8m2!3d-8.4556454!4d114.9440871!16s%2Fg%2F11lh4pblny!19sChIJ7UJQ6Kot0i0R67SjwvZ8QMw?authuser=0&hl=en&rclk=1
Banyumala twin waterfalls,4.8,Tourist attraction,50000.0,Buleleng,,https://www.google.com/maps/place/Banyumala+twin+waterfalls/data=!4m7!3m6!1s0x2dd18f9d7a04e875:0x4eccd9e08e4d2397!8m2!3d-8.2171873!4d115.1016811!16s%2Fg%2F11f3jy7mcg!19sChIJdegEep2P0S0RlyNNjuDZzE4?authuser=0&hl=en&rclk=1
Banyu Wana Amertha Waterfall,4.8,Tourist attraction,34473.85620915033,Buleleng,Q4RG+229,https://www.google.com/maps/place/Banyu+Wana+Amertha+Waterfall/data=!4m7!3m6!1s0x2dd18f0a0b36a42f:0xf64c6ae42a96c645!8m2!3d-8.212829!4d115.1222271!16s%2Fg%2F11f4l9lwtf!19sChIJL6Q2CwqP0S0RRcaWKuRqTPY?authuser=0&hl=en&rclk=1
Krisik Waterfall,4.8,Tourist attraction,34473.85620915033,Bangli,Jl. Watukaru,https://www.google.com/maps/place/Krisik+Waterfall/data=!4m7!3m6!1s0x2dd21bffe5cc5ff7:0x930aeaadded6579e!8m2!3d-8.4548963!4d115.3848328!16s%2Fg%2F11h8fzphwt!19sChIJ91_M5f8b0i0RnlfW3q3qCpM?authuser=0&hl=en&rclk=1
Aan Secret Waterfall,4.8,Tourist attraction,34473.85620915033,Klungkung,,https://www.google.com/maps/place/Aan+Secret+Waterfall/data=!4m7!3m6!1s0x2dd2114c46b60c1b:0xd250c9f5f34e9512!8m2!3d-8.5139213!4d115.3842689!16s%2Fg%2F11gxrxr7kc!19sChIJGwy2RkwR0i0REpVO8_XJUNI?authuser=0&hl=en&rclk=1
Uma Anyar Waterfall,4.8,Tourist attraction,34473.85620915033,Gianyar,,https://www.google.com/maps/place/Uma+Anyar+Waterfall/data=!4m7!3m6!1s0x2dd21709be2393bd:0x837fe781712e2ab2!8m2!3d-8.559213!4d115.2900449!16s%2Fg%2F11j83kt_x_!19sChIJvZMjvgkX0i0RsioucYHnf4M?authuser=0&hl=en&rclk=1
Goa Raja Waterfall,4.8,Tourist attraction,34473.85620915033,Bangli,,https://www.google.com/maps/place/Goa+Raja+Waterfall/data=!4m7!3m6!1s0x2dd219b155035919:0x793ef7c858f7f4c6!8m2!3d-8.4384324!4d115.3722653!16s%2Fg%2F11j078j_v5!19sChIJGVkDVbEZ0i0RxvT3WMj3Pnk?authuser=0&hl=en&rclk=1
Goa Gong Waterfall,4.8,Tourist attraction,34473.85620915033,Badung,"Br, Batulantang",https://www.google.com/maps/place/Goa+Gong+Waterfall/data=!4m7!3m6!1s0x2dd2210de3119b03:0x848dcb4f7a6f4f8c!8m2!3d-8.3488091!4d115.2155894!16s%2Fg%2F11l9lwyqbr!19sChIJA5sR4w0h0i0RjE9vek_LjYQ?authuser=0&hl=en&rclk=1
Toya Selaka Waterfall,4.8,Tourist attraction,34473.85620915033,Gianyar,Jl. Raya Suwat,https://www.google.com/maps/place/Toya+Selaka+Waterfall/data=!4m7!3m6!1s0x2dd219b1e849d967:0x4e7977b3ffeb71c1!8m2!3d-8.4734805!4d115.3132654!16s%2Fg%2F11j22t5_b1!19sChIJZ9lJ6LEZ0i0RwXHr_7N3eU4?authuser=0&hl=en&rclk=1
Tirta Mampeh Waterfall,4.8,Tourist attraction,50000.0,Tabanan,P5WH+8X4,https://www.google.com/maps/place/Tirta+Mampeh+Waterfall/data=!4m7!3m6!1s0x2dd1895181cf21c7:0x4fe45121b652317!8m2!3d-8.2542302!4d115.179959!16s%2Fg%2F11f4phr64f!19sChIJxyHPgVGJ0S0RFyNlGxJF_gQ?authuser=0&hl=en&rclk=1
Auman Waterfall,4.8,Tourist attraction,34473.85620915033,Badung,,https://www.google.com/maps/place/Auman+Waterfall/data=!4m7!3m6!1s0x2dd221e5e6aca60d:0x945e442e2369fd74!8m2!3d-8.3464401!4d115.2182528!16s%2Fg%2F11kg9r3fsr!19sChIJDaas5uUh0i0RdP1pIy5EXpQ?authuser=0&hl=en&rclk=1
Canging Waterfall,4.8,Tourist attraction,34473.85620915033,Buleleng,"Q4W4+9MR, Gg. Banjar Anyar",https://www.google.com/maps/place/Canging+Waterfall/data=!4m7!3m6!1s0x2dd18f0f6cd5a5f5:0xb6ebae6aead34386!8m2!3d-8.2040072!4d115.1066544!16s%2Fg%2F11nnqc20wz!19sChIJ9aXVbA-P0S0RhkPT6mqu67Y?authuser=0&hl=en&rclk=1
Yeh Bulan Waterfall,4.9,Tourist attraction,34473.85620915033,Bangli,,https://www.google.com/maps/place/Yeh+Bulan+Waterfall/data=!4m7!3m6!1s0x2dd2190f657ffa19:0x13de51ec4989a0e7!8m2!3d-8.4495401!4d115.3744919!16s%2Fg%2F11j86x4rbv!19sChIJGfp_ZQ8Z0i0R56CJSexR3hM?authuser=0&hl=en&rclk=1
Green canyon and three waterfall,4.9,Tourist attraction,34473.85620915033,Gianyar,,https://www.google.com/maps/place/Green+canyon+and+three+waterfall/data=!4m7!3m6!1s0x2dd2177663ad0689:0x716fd04bffee604f!8m2!3d-8.5152264!4d115.3302926!16s%2Fg%2F11kk7d70gg!19sChIJiQatY3YX0i0RT2Du_0vQb3E?authuser=0&hl=en&rclk=1
Goa Giri Campuhan waterfall,4.9,Tourist attraction,34473.85620915033,Bangli,G9PQ+CFF,https://www.google.com/maps/place/Goa+Giri+Campuhan+waterfall/data=!4m7!3m6!1s0x2dd21b3425a1bd79:0x4b1deb35f827c1f1!8m2!3d-8.4639252!4d115.3886583!16s%2Fg%2F11sv7w8_f9!19sChIJeb2hJTQb0i0R8cEn-DXrHUs?authuser=0&hl=en&rclk=1
Pelisan waterfall,4.9,Tourist attraction,34473.85620915033,Bangli,,https://www.google.com/maps/place/Pelisan+waterfall/data=!4m7!3m6!1s0x2dd18b0353595631:0xcc2ad6dd1a4bd5e7!8m2!3d-8.3205768!4d115.2724369!16s%2Fg%2F11j1xg_xs7!19sChIJMVZZUwOL0S0R59VLGt3WKsw?authuser=0&hl=en&rclk=1
Bali Jungle Trekking Sambangan Waterfall Point,4.9,Tourist attraction,34473.85620915033,Buleleng,,https://www.google.com/maps/place/Bali+Jungle+Trekking+Sambangan+Waterfall+Point/data=!4m7!3m6!1s0x2dd19002bd1d8931:0x8f3bcfbb9a09723d!8m2!3d-8.172844!4d115.1046069!16s%2Fg%2F11c1tf55j8!19sChIJMYkdvQKQ0S0RPXIJmrvPO48?authuser=0&hl=en&rclk=1
Grudugan waterfall,5.0,Tourist attraction,34473.85620915033,Bangli,H98G+CJ,https://www.google.com/maps/place/Grudugan+waterfall/data=!4m7!3m6!1s0x2dd219f8c97a65f1:0xdee1d7a5b7a5d72c!8m2!3d-8.4332746!4d115.3767099!16s%2Fg%2F11vb4v3ytw!19sChIJ8WV6yfgZ0i0RLNelt6XX4d4?authuser=0&hl=en&rclk=1
Temesi Waterfall,5.0,Tourist attraction,34473.85620915033,Gianyar,Jalan subak pengliklikan,https://www.google.com/maps/place/Temesi+Waterfall/data=!4m7!3m6!1s0x2dd217f2c2c1a7a7:0x1b2268fda8b723b9!8m2!3d-8.5527697!4d115.3477449!16s%2Fg%2F11v0jfnzbp!19sChIJp6fBwvIX0i0RuSO3qP1oIhs?authuser=0&hl=en&rclk=1
Bali Waterfall Trekking,5.0,Tourist attraction,34473.85620915033,Buleleng,Panji Ecotourism Village Banjar Mandul,https://www.google.com/maps/place/Bali+Waterfall+Trekking/data=!4m7!3m6!1s0x2dd191fbf7bbc5bf:0xed5475fda64197db!8m2!3d-8.1726922!4d115.1034797!16s%2Fg%2F11gyc0twwb!19sChIJv8W79_uR0S0R25dBpv11VO0?authuser=0&hl=en&rclk=1
CASCATA BALI (BALI WATERFALL)GGC WATERFALL ENTRANCE,5.0,Tourist attraction,34473.85620915033,Bangli,,https://www.google.com/maps/place/CASCATA+BALI+%28BALI+WATERFALL%29GGC+WATERFALL+ENTRANCE/data=!4m7!3m6!1s0x2dd21ba5110fbb65:0xc8096564e4f7d0d4!8m2!3d-8.4585137!4d115.3831155!16s%2Fg%2F11vbvrc82n!19sChIJZbsPEaUb0i0R1ND35GRlCcg?authuser=0&hl=en&rclk=1
Alpha Gesing Waterfall,5.0,Tourist attraction,34473.85620915033,Buleleng,,https://www.google.com/maps/place/Alpha+Gesing+Waterfall/data=!4m7!3m6!1s0x2dd187cd8b54b6b7:0xb2be76ac477fe2ed!8m2!3d-8.2921475!4d115.0601246!16s%2Fg%2F11fsz8k784!19sChIJt7ZUi82H0S0R7eJ_R6x2vrI?authuser=0&hl=en&rclk=1
