hotel_name,original_price,price_after_discount,tax,rating,location
The Anvaya Beach Resort Bali,5022000,4017600,Inclusive of taxes,8.9,Badung
The Apurva Kempinski Bali,14520640,10890480,Inclusive of taxes,8.9,Nusa Dua Beach
"The Westin Resort Nusa Dua, Bali",4001067,3000800,Inclusive of taxes,8.8,The Westin Resort Nusa Dua
The Sakala Resort Bali - All Suites,2400000,1392000,Inclusive of taxes,8.5,Tanjung Benoa
Discovery Kartika Plaza Bali,1733333,1300000,Inclusive of taxes,8.6,Badung
Urban Styles Inata Bisma Ubud,810000,405000,Inclusive of taxes,8.5,Monkey Forest
Hilton Bali Resort,3872000,2904000,Inclusive of taxes,8.7,Nusa Dua Beach
The ONE Legian,1440000,1137600,Inclusive of taxes,8.5,Legian
Prama Sanur Beach Bali,2268000,771120,Inclusive of taxes,8.5,Sanur
Ramada Encore by Wyndham Bali Seminyak,1642500,903375,Inclusive of taxes,8.6,Seminyak
ASTON Kuta Hotel & Residence,1989000,1690650,Inclusive of taxes,8.6,Badung
Merusaka Nusa Dua,3199500,2079675,Inclusive of taxes,8.9,Nusa Dua Beach
Kanishka Villas,1435745,1162954,Inclusive of taxes,8.2,Seminyak
Kanvaz Village Resort Seminyak,3211884,2408913,Inclusive of taxes,8.9,Seminyak
RIMBA by AYANA Bali,3908300,2931225,Inclusive of taxes,9.0,Jimbaran
Grand Inna Kuta,1920000,1036800,Inclusive of taxes,8.5,Badung
"Nusa Dua Beach Hotel & Spa, Bali",3825858,2104222,Inclusive of taxes,8.7,Nusa Dua Beach Hotel & Spa
Mercure Bali Nusa Dua,1012044,759033,Inclusive of taxes,8.2,Nusa Dua
Padma Resort Ubud,5806729,4064710,Inclusive of taxes,9.1,Payangan
Conrad Bali,4154334,3115751,Inclusive of taxes,8.7,Tanjung Benoa
Grand Hyatt Bali,3325031,2493773,Inclusive of taxes,8.5,Nusa Dua Beach
Horison Seminyak,2000000,1000000,Inclusive of taxes,8.4,Seminyak
Aryaduta Bali,1380000,1035000,Inclusive of taxes,8.7,Badung
Swiss Belhotel Tuban,990667,743000,Inclusive of taxes,8.6,Badung
Hotel Dafam Savvoya Seminyak,1099156,754540,Inclusive of taxes,8.4,Seminyak
The Lerina Hotel Nusa Dua,945000,472500,Inclusive of taxes,8.5,Nusa Dua
Four Star by Trans Hotel,760000,524400,Inclusive of taxes,8.4,Denpasar
Bali Dynasty Resort,2097144,1321201,Inclusive of taxes,8.6,Badung
Wyndham Garden Kuta Beach Bali,1032000,774000,Inclusive of taxes,8.1,Badung
Hotel Santika Siligita Nusa Dua,1166667,875000,Inclusive of taxes,8.5,Nusa Dua
Sheraton Bali Kuta Resort,3468667,2601500,Inclusive of taxes,8.8,Badung
Tribe Bali Kuta Beach,1637857,1228393,Inclusive of taxes,9.1,Badung
Kaisa Villas Seminyak,2450000,1715000,Inclusive of taxes,8.8,Seminyak
Novotel Bali Nusa Dua - Hotel & Residences,1902120,1426590,Inclusive of taxes,8.5,Nusa Dua Beach
Danoya Villa Seminyak,3663000,2380950,Inclusive of taxes,8.7,Seminyak
Grand Palace Hotel Sanur - Bali,1035000,621000,Inclusive of taxes,8.7,Sanur
HARRIS Hotel and Conventions Denpasar Bali,568000,397600,Inclusive of taxes,8.5,North Denpasar
THE 1O1 Bali Oasis Sanur,1492000,1119000,Inclusive of taxes,8.5,Sanur
HARRIS Hotel Kuta Tuban Bali,973333,730000,Inclusive of taxes,8.4,Tuban
MÃ¶venpick Resort and Spa Bali,3285734,2464300,Inclusive of taxes,8.8,Jimbaran
Kuta Paradiso Hotel,2240000,907200,Inclusive of taxes,8.4,Badung
Diamond Hotel Kuta Bali,783000,626400,Inclusive of taxes,8.2,Badung
Hotel Santika Seminyak,985000,492500,Inclusive of taxes,8.7,Seminyak
Hyatt Regency Bali,3201881,2401411,Inclusive of taxes,8.7,Sanur
Villa Kayu Raja,4130995,1528468,Inclusive of taxes,8.6,Seminyak
Pullman Bali Legian Beach,2420000,1815000,Inclusive of taxes,8.3,Legian
Bintang Bali Resort,2124000,1146960,Inclusive of taxes,8.6,Badung
Amaris Hotel Pratama Nusa Dua,500000,375000,Inclusive of taxes,8.0,Nusa Dua
The Ritz-Carlton Bali,6292000,4719000,Inclusive of taxes,8.8,Nusa Dua Beach
The Patra Bali Resort & Villas,1782000,1069200,Inclusive of taxes,8.8,Badung
favehotel Sunset Seminyak,816480,612360,Inclusive of taxes,8.5,Seminyak
Melia Bali,2607669,2346902,Inclusive of taxes,8.9,Nusa Dua Beach
THE 1O1 Bali Fontana Seminyak,1733333,1300000,Inclusive of taxes,8.6,Legian
Hotel Indigo BALI SEMINYAK BEACH,5096637,3822516,Inclusive of taxes,9.0,Seminyak
Mamaka by Ovolo,1911714,1312243,Inclusive of taxes,8.9,Badung
The Trans Resort Bali,3450000,2587500,Inclusive of taxes,9.0,Seminyak
The Nest Hotel Nusa Dua,1080000,777600,Inclusive of taxes,8.8,Tanjung Benoa
Plataran Canggu Resort and Spa,5717250,3201660,Inclusive of taxes,8.8,Canggu
Grand Whiz Hotel Nusa Dua,1164500,675410,Inclusive of taxes,8.5,Nusa Dua Beach
Swiss-Belresort Watu Jimbar,1180000,843700,Inclusive of taxes,8.6,Sanur
Hilton Garden Inn Bali Ngurah Rai Airport,1116250,893000,Inclusive of taxes,8.5,Tuban
VOUK Hotel & Suites,1570000,1161800,Inclusive of taxes,8.2,Nusa Dua Beach
Lloyd's Inn Bali,1959404,1345049,Inclusive of taxes,8.6,Seminyak
Courtyard by Marriott Bali Seminyak Resort,2662000,1996500,Inclusive of taxes,9.0,Seminyak
Ramada by Wyndham Bali Sunset Road Kuta,852163,639122,Inclusive of taxes,8.2,Badung
Grand Istana Rama Hotel,1242487,741260,Inclusive of taxes,8.3,Badung
Hotel Nikko Bali Benoa Beach,1807937,1217160,Inclusive of taxes,8.6,Tanjung Benoa
Boss Legian Hotel,491323,450001,Inclusive of taxes,8.2,Legian
Courtyard by Marriott Bali Nusa Dua Resort,2581333,1936000,Inclusive of taxes,8.6,Nusa Dua Beach
Aksari Resort Ubud,7480000,4862000,Inclusive of taxes,8.9,Tegallalang
Tijili Benoa Hotel,1890000,1228500,Inclusive of taxes,8.8,Tanjung Benoa
The St. Regis Bali Resort - CHSE Certified,10164000,7623000,Inclusive of taxes,9.0,Nusa Dua Beach
Swiss Belhotel Rainforest,1113333,835000,Inclusive of taxes,8.3,Badung
Bedrock Hotel Kuta Bali,1530000,703800,Inclusive of taxes,8.6,Badung
Four Seasons Resort Bali at Jimbaran Bay - CHSE Certified,24377467,18283100,Inclusive of taxes,8.8,Jimbaran
HARRIS Hotel Seminyak,1005000,904500,Inclusive of taxes,8.5,Seminyak
Benoa Sea Suites and Villas,2880000,1180800,Inclusive of taxes,8.6,Tanjung Benoa
Grand Zuri Kuta Bali,1136591,750150,Inclusive of taxes,8.6,Badung
Prime Plaza Hotel Sanur â Bali,1307992,837115,Inclusive of taxes,8.5,Sanur
Bali Paragon Resort Hotel,1313641,518888,Inclusive of taxes,8.5,Jimbaran
Samabe Bali Suites & Villas,7185914,6108027,Inclusive of taxes,9.0,Nusa Dua Beach
Fairfield by Marriott Bali Kuta Sunset Road,1581067,1185800,Inclusive of taxes,8.7,Badung
"Four Points by Sheraton Bali, Kuta",1613333,1210000,Inclusive of taxes,8.5,Legian
Alila Seminyak,7381485,5536114,Inclusive of taxes,8.9,Seminyak
Mercure Bali Legian,1176120,882090,Inclusive of taxes,8.4,Legian
Grand Kuta Hotel & Residence,1260000,592200,Inclusive of taxes,8.4,Legian
Pandawa Hill Resort,864800,475640,Inclusive of taxes,8.7,Nusa Dua Beach
Artotel Sanur - Bali,1182600,946080,Inclusive of taxes,8.8,Sanur
Bulgari Resort Bali - CHSE Certified,37348667,28011500,Inclusive of taxes,9.2,Pecatu
Holiday Inn Resort Bali Benoa,2572999,1929787,Inclusive of taxes,9.0,Tanjung Benoa
Bhanuswari Resort & Spa,9176472,2294118,Inclusive of taxes,8.5,Kemenuh
Buana Bali Villas & Spa,5580000,3906000,Inclusive of taxes,8.9,Jimbaran
Le Meridien Bali Jimbaran - CHSE Certified,2339333,1754500,Inclusive of taxes,8.6,Jimbaran
Anantara Bali Uluwatu Resort,10742548,8594038,Inclusive of taxes,8.8,Pecatu
Hadi Poetra Hotel,1034000,351560,Inclusive of taxes,8.2,Badung
SIX SENSES ULUWATU BALI,23934017,17950513,Inclusive of taxes,8.4,Pecatu
"Mandapa, A Ritz-Carlton Reserve",21175001,15881251,Inclusive of taxes,8.7,Kedewatan
The Wakanda Resort A Pramana Experience,2357059,1532088,Inclusive of taxes,9.0,Kemenuh
BEST WESTERN Kuta Villa,540000,432000,Inclusive of taxes,8.1,Badung
ibis Styles Bali Benoa,978360,733770,Inclusive of taxes,8.3,Tanjung Benoa
The Mulia - Nusa Dua,11777533,8833150,Inclusive of taxes,9.2,Nusa Dua Beach
Amaris Teuku Umar Denpasar,460825,373269,Inclusive of taxes,8.2,West Denpasar
Stark Boutique Hotel and Spa Bali,1086869,597778,Inclusive of taxes,8.2,Badung
b Hotel Bali & Spa,1596942,630000,Inclusive of taxes,8.5,West Denpasar
Lovina Beach Club & Resort,1521000,1140750,Inclusive of taxes,8.5,Lovina
"Marriott's Autograph Collection, The Stones Hotel, Bali",2920133,2190100,Inclusive of taxes,8.8,"Marriott's Autograph Collection, The Stones Hotel"
Ohana Hotel Kuta,1350000,580500,Inclusive of taxes,8.6,Badung
Seminyak Icon by Karaniya Experience,7362500,2282375,Inclusive of taxes,8.7,Seminyak
SOL by Melia Benoa Bali-All Inclusive,1599624,1396023,Inclusive of taxes,8.4,Tanjung Benoa
HOTEL & RESIDENCES Riverview Kuta - Bali (Associated HARRIS),925200,832680,Inclusive of taxes,8.4,Badung
Hotel Santika Kuta,945000,614250,Inclusive of taxes,8.6,Badung
Wyndham Tamansari Jivva Resort,1018125,814500,Inclusive of taxes,8.7,Klungkung
Nunamkhalu Private Villas & Spa,6818181,5522727,Inclusive of taxes,9.2,Kutuh
Kaamala Resort Ubud,5073821,4109795,Inclusive of taxes,9.1,Ubud
Abian Harmony Hotel & Spa,1307968,584001,Inclusive of taxes,8.4,Sanur
ibis Styles Bali Denpasar,570274,427706,Inclusive of taxes,8.3,West Denpasar
"Four Points by Sheraton Bali, Ungasan",1290667,968000,Inclusive of taxes,8.7,Jimbaran
Vinila Villas Nusa Dua by Nakula,5568750,3898125,Inclusive of taxes,8.8,Nusa Dua
Kamandalu Ubud,5083724,3202746,Inclusive of taxes,9.1,Ubud
The Light Exclusive Villa and Spa,1788600,1341450,Inclusive of taxes,8.3,Seminyak
Zizz Convention Hotel,800001,600001,Inclusive of taxes,8.3,West Denpasar
The Akmani Legian,1144243,800970,Inclusive of taxes,8.6,Legian
The Vira Bali Boutique Hotel & Suite,2821500,1269675,Inclusive of taxes,8.7,Badung
Famous Hotel Kuta,5760000,2476800,Inclusive of taxes,8.4,Tuban
Element by Westin Bali Ubud,1936000,1452000,Inclusive of taxes,9.0,Ubud
Four Seasons Resort Bali at Sayan - CHSE Certified,22102667,16577000,Inclusive of taxes,9.2,Sayan
POP! Hotel Denpasar - Bali,380000,342000,Inclusive of taxes,8.0,North Denpasar
Fairfield by Marriott Bali Legian,1903733,1427800,Inclusive of taxes,8.7,Legian
"The Westin Resort & Spa Ubud, Bali",4356000,3267000,Inclusive of taxes,9.0,The Westin Resort & Spa Ubud
Kuta Seaview Boutique Hotel & Spa,3330000,1831500,Inclusive of taxes,8.6,Badung
Aloft Bali Seminyak- CHSE Certified,2065067,1548800,Inclusive of taxes,8.8,Seminyak
Jumeirah Bali,15477028,10624158,Inclusive of taxes,,Pecatu
Jumeirah Bali,15477028,10624158,Inclusive of taxes,,Pecatu
Hotel Zia Bali - Kuta,1303935,1056187,Inclusive of taxes,8.3,Badung
Bali Elephant,540000,270000,Inclusive of taxes,7.9,Jimbaran
Alam Kawi Ubud Resort & Spa,900000,135000,Inclusive of taxes,8.7,Tampaksiring
Grand Mirage Resort & Thalasso Bali,1881187,1722971,Inclusive of taxes,8.5,Tanjung Benoa
CLIO APARTMENTS,900000,810000,Inclusive of taxes,8.7,Seminyak
"Sthala, a Tribute Portfolio Hotel, Ubud Bali",2097333,1573000,Inclusive of taxes,9.0,Ubud
SereS Springs Resort & Spa,2766060,1797939,Inclusive of taxes,9.0,Ubud
Sithala Villa Seminyak,4320000,3240000,Inclusive of taxes,8.8,Seminyak
The Ritz-Carlton Bali Villas,14600667,10950500,Inclusive of taxes,8.7,Nusa Dua Beach
ZURI Express Jimbaran,511875,409500,Inclusive of taxes,8.6,Jimbaran
The Grand Bali Nusa Dua,1567500,1175625,Inclusive of taxes,8.6,Nusa Dua Beach
Padma Resort  Legian,10664100,3305871,Inclusive of taxes,9.1,Legian
Mars City Hotel,592200,248724,Inclusive of taxes,7.8,Denpasar
Klapa Resort,2160000,1836000,Inclusive of taxes,8.5,Pecatu
Amaroossa Suite Bali,826500,528960,Inclusive of taxes,7.9,Nusa Dua
The Vasini Hotel,585000,257400,Inclusive of taxes,8.3,East Denpasar
Puri Padma Hotel,1890000,945000,Inclusive of taxes,8.7,Ubud
Karma Kandara,9040330,8279999,Inclusive of taxes,8.5,Ungasan
Kutus Kutus Saba Beach Villa,3781819,3063273,Inclusive of taxes,,Saba
Royal Regantris Kuta,465483,377041,Inclusive of taxes,8.6,Badung
The Jas Villas,4095000,1269450,Inclusive of taxes,8.2,Seminyak
Watermark Hotel and Spa Bali,1099156,754540,Inclusive of taxes,8.7,Jimbaran
The Kana Kuta Hotel,1284904,703499,Inclusive of taxes,8.7,Badung
Ashoka Tree Resort at Tanggayuda,1260000,604800,Inclusive of taxes,8.6,Kedewatan
Solia Legian Bali,810000,583200,Inclusive of taxes,8.8,Legian
Jumana Bali Ungasan Resort Managed by Hilton,12906667,9680000,Inclusive of taxes,8.8,Ungasan
Taksu Sanur Hotel,1600200,800100,Inclusive of taxes,8.7,Sanur
Bali Garden Beach Resort,2160000,1620000,Inclusive of taxes,8.4,Badung
J4 Hotels Legian,6966000,2786400,Inclusive of taxes,8.6,Legian
The Wangsa Hotel and Villas Benoa,807600,605700,Inclusive of taxes,8.5,Tanjung Benoa
ibis Bali Kuta,634799,476099,Inclusive of taxes,8.2,Tuban
Best Western Premier Agung Resort Ubud,1314000,1051200,Inclusive of taxes,8.8,Ubud
Kayangan Villa Ubud,1372750,892288,Inclusive of taxes,8.9,Tegallalang
Villa Seminyak Estate & Spa By Astadala,1368000,957600,Inclusive of taxes,8.7,Seminyak
Ulu Segara Luxury Suites and Villas,2195389,1778265,Inclusive of taxes,8.8,Nusa Dua Beach
Marriott Bali Nusa Dua Gardens - CHSE Certified,3630000,2722500,Inclusive of taxes,8.8,Nusa Dua Beach
Bali Tropic Resort & Spa,2137500,1389375,Inclusive of taxes,8.5,Tanjung Benoa
Mercure Resort Sanur,998760,914760,Inclusive of taxes,8.4,Sanur
Bali Relaxing Resort & Spa,1479600,739800,Inclusive of taxes,8.5,Tanjung Benoa
Padmasari Resort,2700000,1620000,Inclusive of taxes,8.7,Lovina
Sanur Agung Hotel,332500,266000,Inclusive of taxes,7.9,Sanur
Grandmas Plus Hotel - Legian,2666666,1173333,Inclusive of taxes,8.8,Legian
Tijili Seminyak,1409902,967779,Inclusive of taxes,8.9,Seminyak
Best Western Resort Kuta,639000,511200,Inclusive of taxes,8.1,Badung
Om Ham Retreat and Resort,990000,495000,Inclusive of taxes,9.0,Tegallalang
ION Bali Benoa Hotel,720000,331200,Inclusive of taxes,8.1,Tanjung Benoa
Titik Dua,2392000,2272400,Inclusive of taxes,9.1,Ubud
Sujiwa Ubud Retreat Villa,674100,370755,Inclusive of taxes,8.6,Kemenuh
The Bene - By Astadala,685886,628200,Inclusive of taxes,8.3,Badung
Holiday Inn Express BARUNA BALI,1421141,1065894,Inclusive of taxes,8.4,Badung
New Sunari Lovina Beach Resort,702000,442260,Inclusive of taxes,7.7,Lovina
Kastara Resort,4995000,2597400,Inclusive of taxes,8.9,Payangan
"The Laguna, a Luxury Collection Resort & Spa, Nusa Dua, Bali",5646667,4235000,Inclusive of taxes,9.0,"The Laguna, a Luxury Collection Resort & Spa, Nusa Dua"
Paisa Seminyak Living,1989833,1611765,Inclusive of taxes,8.4,Seminyak
Renaissance Bali Uluwatu Resort & Spa,52191333,39143500,Inclusive of taxes,9.0,Ungasan
Cara Cara Inn,390600,300762,Inclusive of taxes,8.8,Badung
Negara Hotel,405000,202500,Inclusive of taxes,8.0,Negara
bvilla+spa,3915723,3752500,Inclusive of taxes,8.3,Seminyak
Arena Living,1260000,554400,Inclusive of taxes,8.9,Sanur
Mara River Safari Lodge,8702479,6526859,Inclusive of taxes,8.6,Keramas
Bali Nusa Dua Hotel,1890000,1096200,Inclusive of taxes,8.9,Nusa Dua
Praja Hotel,302921,245366,Inclusive of taxes,8.5,Denpasar
S18 Bali Villas,3811500,2429831,Inclusive of taxes,8.9,Legian
Ayola Bali Jimbaran,384000,288000,Inclusive of taxes,8.4,Jimbaran
The Lovina Bali,3366250,1851438,Inclusive of taxes,8.9,Lovina
The Samaya Seminyak,11979000,8145720,Inclusive of taxes,8.5,Seminyak
Bumi Linggah Villas Bali,1845375,830419,Inclusive of taxes,8.8,Sukawati
Bumi Linggah Villas Bali,1845375,830419,Inclusive of taxes,8.8,Sukawati
Hotel Puri Ayu,725000,326250,Inclusive of taxes,8.2,West Denpasar
Plataran Ubud Hotel and Spa,2286900,1715175,Inclusive of taxes,8.9,Monkey Forest
Maison Aurelia Sanur - by PrÃ©fÃ©rence,2840000,2130000,Inclusive of taxes,8.8,Sanur
Grand Barong Resort Bali,855000,684000,Inclusive of taxes,8.6,Poppies
Signature Seminyak Smart Hotel,558000,418500,Inclusive of taxes,8.3,Seminyak
Prana Villa Jimbaran,534843,374390,Inclusive of taxes,8.5,Jimbaran
The Crystal Luxury Bay Resort Nusa Dua - Bali,1940125,873056,Inclusive of taxes,8.1,Nusa Dua
The Sintesa Jimbaran Bali,764716,524897,Inclusive of taxes,8.3,Jimbaran
The Garcia Ubud Hotel and Resort,4418582,1972873,Inclusive of taxes,9.0,Ubud
Amnaya Resort Nusa Dua,9339574,4296204,Inclusive of taxes,9.1,Tanjung Benoa
Jas Green Villas And Spa,4005000,1241550,Inclusive of taxes,8.1,Seminyak
SOL by MeliÃ¡ Kuta Bali,1150569,917610,Inclusive of taxes,8.3,Badung
One Eleven,10800000,8100000,Inclusive of taxes,9.2,Seminyak
18 Suite Villa Loft,1133334,850000,Inclusive of taxes,9.0,Badung
dâprimahotel Seminyak,972000,826200,Inclusive of taxes,8.3,Seminyak
OYO Flagship 2688 Guntur Hotel,313000,244140,Inclusive of taxes,7.7,East Denpasar
Asoka City Bali,390000,292500,Inclusive of taxes,8.0,Badung
OYO 3261 Hotel Ratu,165471,129067,Inclusive of taxes,7.5,West Denpasar
Amnaya Resort Kuta,2871489,1320885,Inclusive of taxes,9.0,Badung
Prime Plaza Suites Sanur â Bali,1741300,1305975,Inclusive of taxes,8.6,Sanur
Yan's House Hotel,2975000,952000,Inclusive of taxes,9.0,Badung
Candi Beach Resort and Spa,3970800,2382480,Inclusive of taxes,8.7,Candidasa
OYO 2225 Catur Adi Putra,179318,139868,Inclusive of taxes,7.9,West Denpasar
Artotel Haniman Ubud,1887717,1295840,Inclusive of taxes,9.0,Ubud
InterContinental Hotels BALI RESORT,5145998,3859423,Inclusive of taxes,8.9,Jimbaran
Segara Village Hotel,1839165,1524239,Inclusive of taxes,8.7,Sanur
Link Costel,333335,250001,Inclusive of taxes,8.1,West Denpasar
Sari Villa Ubud,999999,609999,Inclusive of taxes,8.7,Kedewatan
Dee Mansion,358938,183058,Inclusive of taxes,8.1,West Denpasar
Dee Mansion,358938,183058,Inclusive of taxes,8.1,West Denpasar
Villa Ambara Bali,6496875,5197500,Inclusive of taxes,,Canggu
Puri Saron Seminyak,2880000,1497600,Inclusive of taxes,8.3,Seminyak
KajaNe Yangloni at Ubud Bali,1784500,1338375,Inclusive of taxes,9.1,Ubud
The Leaf Jimbaran Luxury Villas,4725000,2835000,Inclusive of taxes,8.3,Jimbaran
Aria Exclusive Villa & Spa,3600000,2700000,Inclusive of taxes,8.8,Seminyak
Black Penny Villas Ubud,7978667,5984000,Inclusive of taxes,8.8,Kedewatan
Komaneka at Monkey Forest,5400000,3780000,Inclusive of taxes,9.2,Monkey Forest
Maya Ubud Resort & Spa,15622149,9841954,Inclusive of taxes,8.9,Ubud
The Ayu Kintamani Villa at Toya Devasya,2905000,1888250,Inclusive of taxes,8.3,Kintamani
Radisson Blu Bali Uluwatu,3375900,2869515,Inclusive of taxes,8.5,Pecatu
The Sawah Villa,588000,441000,Inclusive of taxes,8.6,Kemenuh
Hotel Mandari,380000,285000,Inclusive of taxes,8.6,Singaraja
Graha Socio  Hotel Nusa Dua,1641751,816751,Inclusive of taxes,,Nusa Dua
Senetan Villas and Spa Resort,2430000,1701000,Inclusive of taxes,8.7,Payangan
Legian Beach Hotel,3082556,2115992,Inclusive of taxes,8.4,Legian
Bali Golden Elephant,540000,270000,Inclusive of taxes,7.9,Jimbaran
BALQUISSE Heritage Hotel,1620000,1296000,Inclusive of taxes,9.0,Jimbaran
Adhi Jaya Hotel,1854000,778680,Inclusive of taxes,8.7,Badung
ibis Bali Legian Street,696960,522720,Inclusive of taxes,8.6,Legian
Kampi Villas by Premier Hospitality Asia,6120000,3060000,Inclusive of taxes,7.6,Nusa Dua Beach
Inna Sindhu Beach Hotel & Resort,1197000,897750,Inclusive of taxes,8.6,Sanur
Bintang Kuta Hotel,1530000,765000,Inclusive of taxes,8.7,Badung
Odika Lovina House and Villas,1472500,515375,Inclusive of taxes,8.6,Lovina
Kampung Cenik,728333,546250,Inclusive of taxes,8.9,Legian
Ananta Legian Hotel,625050,562545,Inclusive of taxes,8.0,Legian
Bali Mandira Beach Resort & Spa,5890000,4417500,Inclusive of taxes,8.3,Legian
Komaneka at Rasa Sayang,2700000,1890000,Inclusive of taxes,9.1,Monkey Forest
Hotel Grand Santhi,900000,315000,Inclusive of taxes,8.0,West Denpasar
Grand Mirah Boutique Hotel,607500,388800,Inclusive of taxes,8.5,East Denpasar
Ramayana Suites & Resort,1710000,1248300,Inclusive of taxes,8.6,Badung
Keraton Jimbaran Resort,780079,631864,Inclusive of taxes,8.3,Jimbaran
Inna Bali Heritage Hotel,693000,381150,Inclusive of taxes,8.3,North Denpasar
Alam Sembuwuk Resort Ubud,765000,367200,Inclusive of taxes,8.5,Tampaksiring
The Rinaya Canggu by ecommerceloka,1544013,783693,Inclusive of taxes,8.0,Canggu
Hideaway Villas Bali Uluwatu by Kanaan Hospitality,3438000,2750400,Inclusive of taxes,8.8,Pecatu
Melasti Kuta Bungalows and Spa,850000,280500,Inclusive of taxes,7.9,Badung
Serela Legian by KAGUM Hotels,454500,386325,Inclusive of taxes,8.4,Legian
Villa Harmony Residence,2940000,2205000,Inclusive of taxes,8.0,Seminyak
Bali Sandy Resort,1109822,680400,Inclusive of taxes,8.0,Poppies
Wirton Seminyak Boutique Hotel,468000,351000,Inclusive of taxes,8.3,Seminyak
Adi Assri Beach Resort & Spa,799077,647253,Inclusive of taxes,8.4,Pemuteran
Goya Boutique Resort,6850994,5001226,Inclusive of taxes,8.8,Ubud
OYO 1654 Maha Bharata Kuta Inn,357452,178726,Inclusive of taxes,7.8,Legian
Mahagiri Resort Nusa Lembongan,1099156,754540,Inclusive of taxes,8.8,Nusa Lembongan
Yucca Villas,5750000,2875000,Inclusive of taxes,9.2,Canggu
Grand La Walon Hotel,630000,504000,Inclusive of taxes,8.7,Legian
Beautiful Bali Villas,3120300,2496240,Inclusive of taxes,8.6,Legian
Bali Rani Hotel,2250000,945000,Inclusive of taxes,8.6,Badung
Lasanti Villas and Spa Seminyak,2936000,1556080,Inclusive of taxes,8.9,Seminyak
Kuta Central Park Hotel,1794000,717600,Inclusive of taxes,8.3,Badung
Ubud Hills Villa and Resort,4440000,1514928,Inclusive of taxes,8.7,Tegallalang
Nusa Majesty,625500,375300,Inclusive of taxes,8.4,Nusa Penida
Jas Boutique Villas,4095000,1269450,Inclusive of taxes,8.5,Seminyak
Coco De Heaven,450000,202500,Inclusive of taxes,8.1,Jimbaran
Adiwana Dara Ayu Villas,3820431,3094549,Inclusive of taxes,8.6,Payangan
The Magani Hotel and Spa,1455345,1353471,Inclusive of taxes,8.5,Legian
Bayad Ubud Bali Villa,1773334,1330001,Inclusive of taxes,8.0,Payangan
Kubu GWK Resort,1755000,614250,Inclusive of taxes,8.8,Jimbaran
"The Lokha Ubud Resort, Villas & Spa",1681569,870400,Inclusive of taxes,8.8,Payangan
Wina Holiday Villa Kuta Bali,917563,743226,Inclusive of taxes,8.3,Badung
Gending Kedis Luxury Villas & Spa Estate,11340000,6463800,Inclusive of taxes,8.7,Jimbaran
Plagoo Holiday Hotel,669031,459285,Inclusive of taxes,8.3,Nusa Dua
Nesa Sanur,710285,484877,Inclusive of taxes,8.3,Sanur
Hotel Sorga Cottages Kuta,238621,208249,Inclusive of taxes,8.0,Poppies
Argya Santi Resort,660000,495000,Inclusive of taxes,8.7,Jimbaran
The Diana Suite Hotel,710775,355388,Inclusive of taxes,8.7,Tuban
Rantun's Place,836104,568551,Inclusive of taxes,8.0,Nusa Dua Beach
Tropico Jimbaran Bali,323760,226632,Inclusive of taxes,8.8,Jimbaran
Gana Hotel & Restaurant,1260000,630000,Inclusive of taxes,8.9,Monkey Forest
Peppers Seminyak,15246000,11434500,Inclusive of taxes,8.3,Seminyak
Taman Harum Cottages,1759500,1055700,Inclusive of taxes,8.2,Ubud
Mutiara Bali Boutique Resort Villas and Spa,1811350,905675,Inclusive of taxes,8.8,Seminyak
OYO 1200 Kencana Residence,257643,200962,Inclusive of taxes,8.3,Jimbaran
The Hill Ungasan Bukit Jimbaran,630000,214200,Inclusive of taxes,8.3,Jimbaran
Karang Lila Bhuana Ubud,682521,511891,Inclusive of taxes,9.3,Ubud
The Alantara Sanur,1362060,934973,Inclusive of taxes,8.8,Sanur
Destiny Boutique Hotel,1449459,565289,Inclusive of taxes,8.4,Seminyak
Kuwarasan A Pramana Experience,2439000,1829250,Inclusive of taxes,9.0,Tegallalang
OYO 2184 Nan Berlian Inn,228042,143666,Inclusive of taxes,7.0,Legian
Tanadewa Resort & Spa Ubud,3972152,1866911,Inclusive of taxes,8.7,Ubud
Dinara Ubud,2923044,1153153,Inclusive of taxes,8.8,Ubud
Samuh Ocean Sunset Hotel by WizZeLa,1099687,769781,Inclusive of taxes,8.1,Nusa Penida
Omatha Village,612000,336600,Inclusive of taxes,8.7,East Denpasar
The Awan Villas,4652458,1628360,Inclusive of taxes,8.6,Seminyak
Alam Kulkul Boutique Resort,1783710,981041,Inclusive of taxes,8.4,Legian
"Abian Srama Hotel, Massage And Spa",173333,130000,Inclusive of taxes,7.5,Sanur
Astagina Resort Villa and Spa,3402936,1692918,Inclusive of taxes,8.4,Legian
Pondok Anyar Hotel,517500,258750,Inclusive of taxes,8.0,Badung
"FuramaXclusive Resort & Villas, Ubud",1350000,796500,Inclusive of taxes,8.5,Abiansemal
Nata Ubud,1440000,921600,Inclusive of taxes,8.4,Ubud
The Bandha Hotel & Suites,5687147,3903924,Inclusive of taxes,8.9,Legian
Hotel Terrace at Kuta,757052,459000,Inclusive of taxes,8.7,Legian
Dedary Resort Ubud,2400000,1560000,Inclusive of taxes,8.7,Tegallalang
Adelia Residence,121021,90766,Inclusive of taxes,8.1,West Denpasar
La Berceuse Resort and Villa Nusa Dua by Taritiya Collection,2153844,1184614,Inclusive of taxes,8.5,Nusa Dua
Collection O 91300 Sunny Side Villa,304486,237499,Inclusive of taxes,,Seminyak
Kutus Kutus Mas Ubud Villa,1098000,549000,Inclusive of taxes,9.1,Ubud
Aniniraka Resort And Spa,835248,765000,Inclusive of taxes,8.5,Sayan
Vico Hotel,178860,134145,Inclusive of taxes,7.7,Tanjung Benoa
Segara Sadhu Inn Kuta,270000,118800,Inclusive of taxes,8.0,Poppies
SenS Hotel and Spa,1913151,1412763,Inclusive of taxes,8.9,Ubud
Atta Mesari Ubud,3285799,1642900,Inclusive of taxes,8.5,Ubud
Anja Jimbaran,1850980,1499294,Inclusive of taxes,8.6,Jimbaran
The Pari Sudha,1554798,932879,Inclusive of taxes,8.7,Ubud
Natya Tanah Lot,1826532,1187246,Inclusive of taxes,8.9,Tanah Lot
Manta Cottage Sea View Plus,1000000,750000,Inclusive of taxes,8.4,Nusa Penida
Tira Vilagna Suites & Spa,7830000,5872500,Inclusive of taxes,9.4,Kintamani
The Niche Bali,440000,330000,Inclusive of taxes,8.3,Legian
Samana Residence Denpasar,390000,292500,Inclusive of taxes,8.3,Denpasar
The Akasha Boutique Hotel,3291861,3015001,Inclusive of taxes,,Seminyak
Fourteen Roses Boutique Hotel Kuta,810000,518400,Inclusive of taxes,8.1,Legian
Fourteen Roses Boutique Hotel Kuta,810000,518400,Inclusive of taxes,8.1,Legian
The Tiing Tejakula Villas,1951200,1463400,Inclusive of taxes,8.7,Tejakula
Sunrise Hotel Sanur,378000,189000,Inclusive of taxes,7.5,Sanur
M BOX SEMINYAK,133333,100000,Inclusive of taxes,8.6,Seminyak
OYO 1670 Likko Inn,282831,220608,Inclusive of taxes,7.9,North Denpasar
Avani Seminyak Bali Resort,2747959,2335765,Inclusive of taxes,,Seminyak
Yulia Beach Inn Kuta,994500,358020,Inclusive of taxes,8.6,Badung
Chillin Kuta Homestay,215552,191841,Inclusive of taxes,8.3,Tuban
Villa Puri Ayu,983367,577089,Inclusive of taxes,8.5,Sanur
The Nani,1668000,1251000,Inclusive of taxes,8.4,Ubud
Nirmala Hotel Jimbaran,554400,230076,Inclusive of taxes,7.5,Jimbaran
Eden The Residence,11262627,7899468,Inclusive of taxes,8.8,Seminyak
Zest Legian by Swiss-Belhotel International,606667,455000,Inclusive of taxes,9.0,Legian
Airis Luxury Villas & Spa,2600000,1716000,Inclusive of taxes,8.4,Ungasan
Alindra Villa,2610000,1539900,Inclusive of taxes,8.4,Jimbaran
Hotel Sentral Bali,196267,147200,Inclusive of taxes,7.8,Singaraja
La Cabane Bali,3510000,2632500,Inclusive of taxes,9.2,Jimbaran
Adi Dharma Hotel Kuta,1020000,663000,Inclusive of taxes,8.5,Badung
MATHIS Retreat,2842609,2131957,Inclusive of taxes,,Kedewatan
Cicada Luxury Townhouses,4207536,3671999,Inclusive of taxes,8.6,Seminyak
OYO 90291 Vin Stay Petanu,499255,389419,Inclusive of taxes,7.4,Denpasar
Amadea Resort & Villas Seminyak Bali,5272307,3427000,Inclusive of taxes,8.6,Seminyak
Adikara Renon,371565,182067,Inclusive of taxes,8.4,Denpasar
Kedin's Inn,330000,247500,Inclusive of taxes,8.3,Poppies
The Bali Dream Villa Seminyak,3793724,2835002,Inclusive of taxes,8.8,Seminyak
Home 21 Bali,1091426,545713,Inclusive of taxes,8.5,Sanur
The Salila Beach Resort Seminyak Bali,3150000,2520000,Inclusive of taxes,9.0,Seminyak
Ramayana Candidasa,3893750,1199275,Inclusive of taxes,8.7,Candidasa
Ossotel Legian,2045188,934184,Inclusive of taxes,8.9,Legian
Easton Kuta,583334,175000,Inclusive of taxes,7.9,Tuban
Kak Garden Inn,340000,187000,Inclusive of taxes,8.7,Badung
Visual Inn,220313,165235,Inclusive of taxes,9.3,Nusa Penida
The Kanjeng Hotel Kuta,269304,218136,Inclusive of taxes,5.6,Badung
Restu Bali Hotel,141067,105800,Inclusive of taxes,8.4,Legian
The Alley City Hotel,320000,240000,Inclusive of taxes,8.3,Sanur
Dhyana Pura City Hotel,315000,163800,Inclusive of taxes,8.3,Mengwi
The Bale Villas Nusa Dua,8419500,5893650,Inclusive of taxes,8.5,Nusa Dua Beach
Wide Sands Beach Retreat,1340000,710200,Inclusive of taxes,8.6,Mendoyo
Avisara Villa And Guesthouse,965988,434695,Inclusive of taxes,8.8,Nusa Dua
Awatara Boutique Resort,985765,542171,Inclusive of taxes,,Kedewatan
Matahari House,450000,202500,Inclusive of taxes,8.2,Badung
Sebrang Hill Bungalow,300000,225000,Inclusive of taxes,9.3,Nusa Penida
OYO 91204 Napura Homestay,216310,168722,Inclusive of taxes,8.2,West Denpasar
Hidden Hills Villas,11052903,8289677,Inclusive of taxes,9.0,Pecatu
Hotel Gran Surya,549019,411764,Inclusive of taxes,8.3,Seririt
The Carik Bisma Ubud,810000,437400,Inclusive of taxes,,Monkey Forest
The Haere â By Astadala,2700000,1890000,Inclusive of taxes,8.2,Seminyak
Rama Residence Padma,3057933,1333801,Inclusive of taxes,8.9,Legian
Batukaru Garden 5 Bali Sevilla Residence,253200,189900,Inclusive of taxes,8.9,Canggu
Grandmas Plus Hotel Airport,3555555,1564444,Inclusive of taxes,8.8,Tuban
Nirwana Beach & Resort,2208960,1656720,Inclusive of taxes,8.7,Candidasa
Villa Essence Seminyak,5066667,3800000,Inclusive of taxes,,Seminyak
Ila Villa Ubud,696667,522500,Inclusive of taxes,8.6,Ubud
Cozy Residence Wedasari Bali,202400,101200,Inclusive of taxes,8.0,West Denpasar
OYO 2280 Wisma Guntur Ii,139949,109160,Inclusive of taxes,8.2,East Denpasar
Febri's Hotel & Spa,795340,596505,Inclusive of taxes,8.8,Badung
OYO 1489 Simona Hotel,222756,140336,Inclusive of taxes,6.9,Canggu
Hotel Vila Lumbung,1170000,924300,Inclusive of taxes,8.1,Seminyak
Villa Mandi Ubud,1745000,325093,Inclusive of taxes,8.3,Ubud
Grand Asahan House,202667,152000,Inclusive of taxes,8.3,West Denpasar
Taman Surgawi Resort & Spa,780000,585000,Inclusive of taxes,8.8,Amlapura
Hotel Gianyar,190000,142500,Inclusive of taxes,8.0,Gianyar Kota
Swahita Ubud,1339255,1049999,Inclusive of taxes,8.8,Ubud
Bali Summer Hotel,560461,253126,Inclusive of taxes,7.7,Badung
Amalfi Hotel Seminyak,824367,667737,Inclusive of taxes,8.6,Seminyak
OYO 1433 Homestay Rumahku,353844,222922,Inclusive of taxes,7.8,Badung
Taman Ayu 212,411667,308750,Inclusive of taxes,8.6,Denpasar
Cattleya Pool Suite - Seminyak by Marbella,1235000,926250,Inclusive of taxes,8.4,Seminyak
Sea Terras Suite And Luxury,1305000,717750,Inclusive of taxes,8.7,Nusa Penida
Legian Paradiso Hotel,619230,393335,Inclusive of taxes,8.0,Legian
Jayâs Villa Umalas,1800000,936000,Inclusive of taxes,8.2,Umalas
"Alam Ubud Culture, Environment Villas & Residences",3600000,1260000,Inclusive of taxes,8.6,Tegallalang
Suites by Watermark Hotel and Spa,3070010,1535005,Inclusive of taxes,9.0,Jimbaran
Hotel Mahajaya,241190,209835,Inclusive of taxes,7.7,North Denpasar
OYO 90690 Pondok Dukuh,126922,98999,Inclusive of taxes,,Nusa Dua
OYO 1051 De Loran Hotel,540573,421647,Inclusive of taxes,8.5,Seririt
Jimbarwana Hotel,696667,522500,Inclusive of taxes,,Negara
The Aromas of Bali Hotel & Residence,434380,360000,Inclusive of taxes,7.6,Legian
Visesa Ubud Resort,3904251,2329251,Inclusive of taxes,8.9,Ubud
Nusabay Menjangan WHM,3572346,1250321,Inclusive of taxes,9.3,Menjangan
Arana Suite,2329200,1164600,Inclusive of taxes,9.0,Legian
Dea Graha,226667,170000,Inclusive of taxes,8.1,Denpasar
Taman Dharmawangsa Suites,3178058,1645000,Inclusive of taxes,,Nusa Dua
Jani's Place Cottage,2024000,769120,Inclusive of taxes,8.9,Monkey Forest
Taksu Nusa Dua Guest House,300000,225000,Inclusive of taxes,8.3,Nusa Dua Beach
OYO 1848 TB'S Homestay,298959,188344,Inclusive of taxes,7.8,Sanur
OYO 3975 Gita Inn,220081,138651,Inclusive of taxes,7.4,North Denpasar
diAtas by Art Cafe Bumbu Bali,733332,549999,Inclusive of taxes,8.2,Nusa Dua
Askara Villa,1805000,1660600,Inclusive of taxes,,Canggu
My Home @ Bali by Conary,294000,220500,Inclusive of taxes,8.4,Badung
OYO 3156 Hotel Warta Dua,197997,98999,Inclusive of taxes,7.5,North Denpasar
Nugraha Lovina Seaview Resort and Spa,1852500,1204125,Inclusive of taxes,8.8,Lovina
Rijasa Agung Resort & Villas,1766667,1325000,Inclusive of taxes,8.8,Payangan
Collection O 91125 Puri Dewa Bharata,251674,158555,Inclusive of taxes,7.0,Jimbaran
Kori Maharani Villas,906572,622404,Inclusive of taxes,8.3,Gianyar Kota
The Seiryu Boutique Villas,4636979,3755953,Inclusive of taxes,8.8,Seminyak
The Bali Dream Villa Canggu - CHSE Certified,5146819,3465001,Inclusive of taxes,,Canggu
Balam Bali Villa,628101,389423,Inclusive of taxes,8.9,Mengwi
SPOT ON 2426 Hotel Aget Jaya Ii,124137,96827,Inclusive of taxes,7.4,Denpasar
Kimono Hotel,337500,168750,Inclusive of taxes,7.1,Badung
Agata Villas,9161796,3226541,Inclusive of taxes,7.3,Seminyak
Puri Bali Lovina,753333,565000,Inclusive of taxes,8.5,Lovina
Vije Boutique Resort and Spa,1900000,1235000,Inclusive of taxes,8.8,Ubud
Kejora Suites,2580000,1935000,Inclusive of taxes,7.4,Sanur
Villa Kumuda By Nakula,4640625,3712500,Inclusive of taxes,,Canggu
Sumberkima Hill Private Villa Retreat,931231,852911,Inclusive of taxes,8.7,Menjangan
Core Hotel Benoa,631800,385398,Inclusive of taxes,8.5,Tanjung Benoa
Hotel Segara Mandala,337500,303750,Inclusive of taxes,7.7,Negara
Puri Payogan Resort,697500,453375,Inclusive of taxes,,Kedewatan
Umasari Rice Terrace Villa,573499,393673,Inclusive of taxes,8.8,Marga
Mimpi Resort Menjangan,1290372,885764,Inclusive of taxes,8.6,Menjangan
Bali Paradise City Hotel,720000,266400,Inclusive of taxes,7.6,Kerobokan
Asher Bali Transit,353333,265000,Inclusive of taxes,7.3,Tuban
Bali Caps Hostel,146667,110000,Inclusive of taxes,9.0,Badung
Container Smart Stay,589734,365635,Inclusive of taxes,,Bedugul
Seminyak Square Hotel,1652000,1156400,Inclusive of taxes,8.5,Seminyak
De Umah Bali - Eco Tradi Home,1320000,990000,Inclusive of taxes,,Tembuku
Trivara Kuta,380000,285000,Inclusive of taxes,8.7,Tuban
Canggu Village,1999999,1499999,Inclusive of taxes,8.9,Canggu
"Kuta Puri Bungalows, Villas and Resort",2520000,1764000,Inclusive of taxes,8.8,Poppies
Arkamara Dijiwa Ubud,6792831,5094623,Inclusive of taxes,8.9,Ubud
Munduk Heaven Luxury Villas,13086250,7851750,Inclusive of taxes,9.3,Munduk
Ubud Lestari Villa,1198471,715000,Inclusive of taxes,8.8,Ubud
Ubud Village Hotel,1696651,1164616,Inclusive of taxes,8.8,Monkey Forest
Lumbini Luxury Villas and Spa,2747965,1886350,Inclusive of taxes,8.8,Jimbaran
Hotel Puriartha Ubud,749999,389999,Inclusive of taxes,8.4,Ubud
Pondok Sari Hotel,675000,236250,Inclusive of taxes,8.5,Badung
Canggu Dream Village,3150900,1575450,Inclusive of taxes,8.4,Canggu
Taman Tirta Ayu Pool & Mansion,405000,263250,Inclusive of taxes,7.9,Tuban
The Sarining Hotel,701756,526317,Inclusive of taxes,,Tabanan Kota
OYO 90547 Pondok Saren Anyar,131141,82619,Inclusive of taxes,7.4,Mengwi
Matahari Guest House,200000,170000,Inclusive of taxes,8.1,West Denpasar
Ubud Raya Villa,2250000,1575000,Inclusive of taxes,9.0,Sayan
Three Brothers Guest House,333334,250000,Inclusive of taxes,9.2,Ubud
Akana Boutique Hotel,1593568,824849,Inclusive of taxes,8.7,Sanur
Meruhdani Boutique Hotel Ubud,719040,539280,Inclusive of taxes,8.9,Ubud
Hotel Melamun Lovina,562500,495000,Inclusive of taxes,8.9,Lovina
Sanur Seaview Hotel,662400,384192,Inclusive of taxes,7.7,Sanur
Melia Bali The Garden Villas (ex Melia Bali Villas and Spa Resort),2963027,2033977,Inclusive of taxes,,Nusa Dua Beach
The Mel Homestay,134400,100800,Inclusive of taxes,9.0,Nusa Penida
The Galuh Pekutatan,458333,334583,Inclusive of taxes,8.8,Pekutatan
Villa Ley Double Six by Best Deals Asia Hospitality,7375000,2950000,Inclusive of taxes,,Legian
Samudra Boutique Hotel and Villa,240964,180723,Inclusive of taxes,8.0,Badung
Sun Island Hotel & Spa Legian,1639800,918288,Inclusive of taxes,8.5,Legian
Star Semabu Resort,729000,444690,Inclusive of taxes,8.5,Nusa Penida
OYO 2580 Hotel Puri Royan,307014,153507,Inclusive of taxes,7.4,West Denpasar
Jasmine Inn Nusa Penida,226667,170000,Inclusive of taxes,8.6,Nusa Penida
The Kryamaha Villas,2903987,1732499,Inclusive of taxes,8.8,Tanah Lot
Bubble Hotel Bali Ubud,28899948,21674961,Inclusive of taxes,7.9,Tampaksiring
Jasmine Inn Nusa Penida,226667,170000,Inclusive of taxes,8.6,Nusa Penida
The Kryamaha Villas,2903987,1732499,Inclusive of taxes,8.8,Tanah Lot
The Dukuh Retreat,1080000,540000,Inclusive of taxes,9.7,Kerambitan
Pondok Dukuh Jati,200000,150000,Inclusive of taxes,8.2,Badung
The Kanjeng Hotel Kuta,1263157,315789,Inclusive of taxes,7.2,Tuban
Hotel Komune and Beach Club Bali,2509058,1722319,Inclusive of taxes,8.4,Keramas
Villas at The Patra Bali Resort & Villas - CHSE Certified,4514049,2200000,Inclusive of taxes,,Badung
The Sesari Jimbaran,367200,275400,Inclusive of taxes,8.2,Jimbaran
OYO 90576 St Tama,258762,129381,Inclusive of taxes,8.7,Nusa Dua
Uma Mani Villa,600000,450000,Inclusive of taxes,8.6,Jimbaran
The Lokha Legian Resort & Spa,1645600,658240,Inclusive of taxes,8.6,Legian
Bayside Residence,2399999,1799999,Inclusive of taxes,,Candidasa
Arimba at Bisma,585000,409500,Inclusive of taxes,7.9,Ubud
Hotel Oranjje,417083,212712,Inclusive of taxes,7.6,Denpasar
Waterside Inn Nusa Penida,361613,331200,Inclusive of taxes,7.6,Nusa Penida
Alam Candi Dive Resort,840000,630000,Inclusive of taxes,8.6,Candidasa
Casa Padma Suites Bali,1329975,731486,Inclusive of taxes,8.2,Legian
Wahyu Dana Hotel,420000,315000,Inclusive of taxes,8.2,Lovina
Prasi Sunset Bungalows,475000,332500,Inclusive of taxes,8.9,Nusa Penida
Disini Villa,4468461,3067368,Inclusive of taxes,,Seminyak
Radha homestay,420000,315000,Inclusive of taxes,,Sanur
Putu Guest House 2,735856,576924,Inclusive of taxes,8.5,Canggu
Sativa Sanur Cottages,840000,630000,Inclusive of taxes,8.0,Sanur
Grand Pondok Puri Ayu,320000,208000,Inclusive of taxes,8.0,West Denpasar
Hotel Karthi,266333,199750,Inclusive of taxes,8.4,Badung
The Kasih Villas & Spa,3141763,2544828,Inclusive of taxes,8.8,Seminyak
Mason Elephant Lodge,2514264,2106000,Inclusive of taxes,8.1,Taro
Bali Jungle Camping,1320000,990000,Inclusive of taxes,,Pupuan
Annora Villas Sanur,5318774,3173146,Inclusive of taxes,9.2,Sanur
Pertiwi Resorts And Spa,990000,594000,Inclusive of taxes,8.5,Monkey Forest
Hana Kuta Beach,405000,303750,Inclusive of taxes,8.4,Badung
Kampung 168 Jimbaran,637192,312224,Inclusive of taxes,8.2,Jimbaran
Anantara Seminyak Resort & Spa,7850765,5888074,Inclusive of taxes,8.3,Seminyak
Dewi Sinta Hotel and Restaurant by Wizzela,430312,301218,Inclusive of taxes,8.4,Tanah Lot
Puspa Graha Villatel,337500,253125,Inclusive of taxes,8.3,Jimbaran
New Garden View Resort,438518,355200,Inclusive of taxes,8.3,Legian
Cross Bali Breakers,4432612,3324459,Inclusive of taxes,,Jimbaran
Villa Bebek Cottages Sanur,1020000,765000,Inclusive of taxes,9.4,Sanur
Ozora Tiying Tutul Hostel @Canggu,120000,90000,Inclusive of taxes,8.1,Canggu
Samsara Homestay,237039,177779,Inclusive of taxes,9.2,Kintamani
Ozora Tiying Tutul Hostel @Canggu,120000,90000,Inclusive of taxes,8.1,Canggu
Samsara Homestay,237039,177779,Inclusive of taxes,9.2,Kintamani
Legian Village Hotel,918915,339999,Inclusive of taxes,7.6,Legian
Ecosfera Hotel,1240001,930001,Inclusive of taxes,8.2,Canggu
Pelangi Bali Hotel & Spa,3300000,2475000,Inclusive of taxes,8.1,Seminyak
Prasana by Arjani Resorts - Uluwatu,6742880,4382872,Inclusive of taxes,8.2,Ungasan
Holistic Villa by Holistic group,998667,749000,Inclusive of taxes,,Nusa Dua
Legian Bisma Suite,407333,305500,Inclusive of taxes,8.7,Legian
Rai House Sanur,240000,192000,Inclusive of taxes,8.7,Sanur
D'Tunjung Resort & Spa,380000,285000,Inclusive of taxes,8.4,Candidasa
Suryadina Guest House,380000,285000,Inclusive of taxes,8.6,Ubud
Batur Mountain View,666665,499999,Inclusive of taxes,7.7,Kintamani
Suarapura Resort & Spa,2400000,1800000,Inclusive of taxes,9.3,Sebatu
Ubud Nyuh Bali Resort & Spa,6786847,3715876,Inclusive of taxes,8.9,Ubud
The Wolas Villas & Spa,4971285,2237078,Inclusive of taxes,8.8,Seminyak
WakAsih,200000,150000,Inclusive of taxes,8.0,Semarapura Kelod
The Swaha Hotel,623297,311649,Inclusive of taxes,8.7,Batubulan
AQ-VA Hotel & Villas,953841,614998,Inclusive of taxes,8.6,Legian
OYO 90022 Puri Kramas Canggu,382418,240923,Inclusive of taxes,8.1,Canggu
Villa Ombak Kedungu,400000,300000,Inclusive of taxes,8.5,Tanah Lot
Amatara Arya Ubud,1662001,1090583,Inclusive of taxes,9.1,Ubud
Kupu Kupu Barong Villas and Tree Spa by LâOCCITANE,5086518,4069214,Inclusive of taxes,8.4,Kedewatan
Sanur Guest House,339999,254999,Inclusive of taxes,7.9,Sanur
Kubu Cempaka Seminyak,2029999,1522499,Inclusive of taxes,8.9,Seminyak
Kenran Resort Ubud by Soscomma,60980499,49394204,Inclusive of taxes,8.6,Tegallalang
Sanur Guest House,339999,254999,Inclusive of taxes,7.9,Sanur
Alam Puisi Villa,2514600,1005840,Inclusive of taxes,8.7,Tampaksiring
Segara Hotel and Restaurant Kintamani,440000,330000,Inclusive of taxes,8.0,Kintamani
The Garuda Villa and Restaurant,521333,391000,Inclusive of taxes,8.4,Bedugul
Honai Resort,5200000,1144000,Inclusive of taxes,8.8,Ubud
Abi Bali Resort Villas and Spa,3432800,1716400,Inclusive of taxes,8.5,Jimbaran
Beluran Serene Guesthouse,399999,299999,Inclusive of taxes,8.6,Kerambitan
Uma Emas Residence,225904,180723,Inclusive of taxes,7.4,Sanur
Kubu Indah Dive & Spa Resort,1095220,706154,Inclusive of taxes,,Tulamben
Plataran Menjangan Resort and Spa,4356000,3267000,Inclusive of taxes,8.9,Menjangan
The Wina Villa Canggu,5400000,4050000,Inclusive of taxes,8.7,Canggu
The Nyaman Bali,532000,399000,Inclusive of taxes,8.7,Badung
Puri Surya Hotel,368000,276000,Inclusive of taxes,7.6,Seririt
Harmony Beach Suite,1125000,843750,Inclusive of taxes,8.0,Seminyak
Aneka Lovina Villas & Spa,978750,636188,Inclusive of taxes,8.5,Lovina
Ultimate Residence Bali,556000,254092,Inclusive of taxes,,Denpasar
Wapa di Ume Resort & Spa,4230000,2453400,Inclusive of taxes,9.0,Ubud
Alam Pangkung Ubud,450000,328500,Inclusive of taxes,8.0,Ubud
Manyi Village Ubud,765000,573750,Inclusive of taxes,8.9,Tampaksiring
Jukung Guest House,450000,337500,Inclusive of taxes,8.9,Sanur
Kelan-Tel Bali,630000,302400,Inclusive of taxes,7.9,Tuban
Berlian Inn,305267,228950,Inclusive of taxes,8.2,Poppies
ROYAL RETREAT VILLAS LEMBONGAN,600000,450000,Inclusive of taxes,,Nusa Lembongan
Batan Sabo Cottage,1200000,900000,Inclusive of taxes,8.7,Nusa Penida
NEW Alron Hotel Kuta,424284,296999,Inclusive of taxes,8.4,Badung
La Roja Bungalows Penida,1078800,809100,Inclusive of taxes,8.9,Nusa Penida
Sari Bamboo Villas,3316500,2984850,Inclusive of taxes,8.5,Sayan
The Kirana Ungasan,1368745,803249,Inclusive of taxes,8.8,Jimbaran
Ubud Tropical,168000,126000,Inclusive of taxes,8.7,Ubud
Lahar Mas Inn,171000,128250,Inclusive of taxes,7.5,Amlapura
Papa Sun Villas,900000,720000,Inclusive of taxes,9.3,Nusa Penida
Nomad Hub Villa Bali,450000,292500,Inclusive of taxes,7.9,Umalas
OYO 2270 Hotel Taman Wirama,186181,117294,Inclusive of taxes,7.8,North Denpasar
Bali Kuwi Hotel,235293,176470,Inclusive of taxes,8.3,Negara
Radha Phala Resort & Spa,1516500,909900,Inclusive of taxes,8.9,Ubud
"Grand Sehati Hotel & Spa, Ubud",900000,675000,Inclusive of taxes,8.1,Monkey Forest
De Lemon Gatsu Hotel,400000,200000,Inclusive of taxes,8.2,North Denpasar
Rena Segara House,310644,192599,Inclusive of taxes,8.1,Badung
Tanjung Sari Inn,447059,335294,Inclusive of taxes,8.1,Tanjung Benoa
OYO 3244 Grand Chandra Hotel,139998,109198,Inclusive of taxes,7.1,West Denpasar
Nirmala Hotel Denpasar,566720,311696,Inclusive of taxes,7.4,West Denpasar
Desamuda Village,2241000,1456650,Inclusive of taxes,8.9,Seminyak
Bali Palms Resort Candidasa,1575000,787500,Inclusive of taxes,8.5,Candidasa
The Pavilion Hotel Kuta,306000,275400,Inclusive of taxes,8.4,Badung
Villa Mandi Resort & Spa,5670000,850500,Inclusive of taxes,,Ubud
THE VILLAGE HOME,468000,421200,Inclusive of taxes,8.7,Sanur
Nakula Guest House,270000,202500,Inclusive of taxes,8.6,Badung
Sanur Agung Suite,617500,333450,Inclusive of taxes,,Sanur
OYO 90053 Paradise Inn,209960,163769,Inclusive of taxes,8.7,Legian
The Kayon Resort,5040000,3528000,Inclusive of taxes,9.1,Tegallalang
The Studio Inn Nusa Dua,540000,405000,Inclusive of taxes,8.0,Nusa Dua
OYO 1356 Gusti Residence,139431,108756,Inclusive of taxes,8.4,Mengwi
Wayan Mansion,264000,198000,Inclusive of taxes,8.5,Denpasar
Linas Villas Nusa Penida,382500,229500,Inclusive of taxes,9.3,Nusa Penida
Villa Tangtu Beach Inn,1260000,315000,Inclusive of taxes,7.7,Sanur
The Baladewa,306000,149940,Inclusive of taxes,7.7,Ungasan
Puri Taman Sari Resort,937500,759375,Inclusive of taxes,8.4,Marga
Aurora House Ubud,254032,127016,Inclusive of taxes,8.2,Ubud
The Unique Homestay,203251,152438,Inclusive of taxes,8.5,Ubud
Poh Manis Lembongan,801000,400500,Inclusive of taxes,8.6,Nusa Lembongan
Dukuh Sebatu Villa,733332,549999,Inclusive of taxes,8.6,Sebatu
Adhi Jaya Suite,747040,321227,Inclusive of taxes,8.0,Jatiluwih
Nakula Stay Kuta,500000,215000,Inclusive of taxes,8.5,Legian
Hikers Camp at Toya Devasya,939255,649999,Inclusive of taxes,8.0,Kintamani
GM Hotel Lovina,585424,313553,Inclusive of taxes,8.5,Singaraja
OYO 3716 Dijobi,473704,369489,Inclusive of taxes,8.4,Mengwi
Padi Bali Eco Villas,894300,670725,Inclusive of taxes,8.5,Tegallalang
Jati Hotel Negara,159600,119700,Inclusive of taxes,8.2,Negara
Bali Chaya Hotel,531863,445499,Inclusive of taxes,8.5,Legian
The Tunjung Boutique Resort,466667,350000,Inclusive of taxes,,Canggu
Bali Bhuana Beach Cottage,486982,424999,Inclusive of taxes,9.0,Amed
OYO 2984 Berlian House Ungasan,264902,166888,Inclusive of taxes,7.8,Ungasan
OYO 2456 Purnama House Kuta,372490,234669,Inclusive of taxes,8.8,Tuban
The Mutiara Jimbaran Boutique Villas,4215671,2107836,Inclusive of taxes,8.6,Jimbaran
Hotel Ratu,310000,232500,Inclusive of taxes,7.8,Negara
Bali Dive Resort and Spa,1232315,910001,Inclusive of taxes,8.9,Tulamben
Puri Dajuma Beach Eco Resort & Spa,5136208,3081725,Inclusive of taxes,,Pekutatan
VIDI Boutique Hotel,741000,518700,Inclusive of taxes,8.8,Jimbaran
OYO 90363 Nira Guest House Sanur Bali,119242,93009,Inclusive of taxes,7.0,Denpasar
Bali Breezz Hotel,1140000,855000,Inclusive of taxes,8.8,Jimbaran
Sapta Petala,432429,159999,Inclusive of taxes,8.6,Badung
OYO 1952 Hotel Dewata Indah,299997,149999,Inclusive of taxes,8.2,North Denpasar
Aleesha Villas,3147685,1469999,Inclusive of taxes,8.4,Sanur
Disini Luxury Spa Villas,3777777,3060000,Inclusive of taxes,8.7,Seminyak
Bali Jungle Huts,1521136,907500,Inclusive of taxes,8.6,Sebatu
OYO 1741 Komala Indah Cottages,198146,154554,Inclusive of taxes,6.9,Legian
Maharaja Villas,4873500,1462050,Inclusive of taxes,9.1,Kerobokan
Mahatma Residence,438000,328500,Inclusive of taxes,8.1,Denpasar
Bluehill Resort Tulamben,814090,404999,Inclusive of taxes,8.9,Tulamben
Sindhu Mertha Suite,4250000,3187500,Inclusive of taxes,8.0,Sanur
The Acala Shri Sedana,4533333,3400000,Inclusive of taxes,8.5,Nusa Lembongan
Beraban Beach House,4536000,1134000,Inclusive of taxes,9.2,Selemadeg
Draper Startup House for Entrepreneurs Bali,128000,96000,Inclusive of taxes,8.4,Canggu
Blu-Zea Resort by Double-Six,2442630,1831973,Inclusive of taxes,8.7,Seminyak
Aqua Octaviana Villa,630000,504000,Inclusive of taxes,8.2,Umalas
Royal Casa Ganesha Resort & Spa,1786000,785840,Inclusive of taxes,8.5,Ubud
OYO 90817 Elite Star Tukad Badung,157136,98996,Inclusive of taxes,7.5,Denpasar
Kira Cottages Penida,359100,215460,Inclusive of taxes,9.1,Nusa Penida
Pondok Tepi Sungai,426000,319500,Inclusive of taxes,8.3,Sidemen
Kamajaya Villas,2700000,1620000,Inclusive of taxes,8.9,Sayan
Matahari Bungalow,622618,290768,Inclusive of taxes,8.0,Legian
Familytel Bali,603000,283410,Inclusive of taxes,8.3,Tuban
Abia Villa Legian,3321464,2280023,Inclusive of taxes,9.2,Legian
Nalika Beach Resort & Restaurant,1680000,1260000,Inclusive of taxes,,Umeanyar
OYO 2122 Puri Sanur,259647,202525,Inclusive of taxes,7.8,Sanur
The Hidden Paradise Ubud,4084961,1174062,Inclusive of taxes,8.7,Tampaksiring
OYO 3902 Pondok 828 Residence,258488,162847,Inclusive of taxes,7.4,Denpasar
dedanau Hotel,1933335,1450001,Inclusive of taxes,,Bedugul
Bali Bungalo,689067,516800,Inclusive of taxes,8.0,Badung
Maha Lokha Balangan,846000,507600,Inclusive of taxes,,Jimbaran
Ganggas Homestay,208049,166439,Inclusive of taxes,8.3,Jimbaran
Alengkong Double View,333333,250000,Inclusive of taxes,9.0,Kintamani
Green Field Hotel and Restaurant,1867025,1710000,Inclusive of taxes,8.9,Monkey Forest
Batu Ampar ECO Resort Menjangan,600000,480000,Inclusive of taxes,,Menjangan
Pondok Sebatu Ecolodge,1440000,1008000,Inclusive of taxes,8.9,Sebatu
Teba House Ubud by ecommerceloka,289080,127195,Inclusive of taxes,8.2,Ubud
Bali Seascape Beach Club,1575000,787500,Inclusive of taxes,8.3,Candidasa
Hotel Griya Ayu Inn Sanur,332179,249134,Inclusive of taxes,8.5,Sanur
Puri Mangga Sea View Boutique Resort and Spa,1020311,765233,Inclusive of taxes,,Lovina
Puri Astrani by WizZeLa,1084197,830375,Inclusive of taxes,,Ubud
Villa Puri Cili Ubud,807500,395675,Inclusive of taxes,7.9,Sukawati
Ananda Ubud Resort,1219500,914625,Inclusive of taxes,8.8,Kedewatan
Made Giri Homestay,240963,180722,Inclusive of taxes,8.5,Sanur
Gayatri Bungalows Nusa Penida,431100,258660,Inclusive of taxes,8.7,Nusa Penida
Sea Breeze Candidasa Bali,3040000,2280000,Inclusive of taxes,8.7,Candidasa
Bali Taman Beach Resort & Spa Lovina,1659421,990000,Inclusive of taxes,8.5,Lovina
The Paica,427500,213750,Inclusive of taxes,8.2,West Denpasar
Palm Beach Hotel Bali,425000,318750,Inclusive of taxes,8.2,Badung
The Rani Garden Bed & Breakfast,652500,261000,Inclusive of taxes,8.5,Denpasar
Three Brothers Bungalows and Villas,1260000,630000,Inclusive of taxes,8.6,Legian
Di Uma Residence Hotel & Dormitory,101204,75903,Inclusive of taxes,8.3,Denpasar
The VinHill Studio Bali Apartment,400000,300000,Inclusive of taxes,8.4,Denpasar
OYO 3190 Pondok Putra Bersaudara,143638,112038,Inclusive of taxes,6.8,Denpasar
Ayu Laba Beach Villa and Resto,566667,425000,Inclusive of taxes,,Nusa Penida
Tanah Penida Bungalow,237500,190000,Inclusive of taxes,9.0,Nusa Penida
Mimi Manis Bungalow,593300,444975,Inclusive of taxes,8.5,Kedewatan
Angsoka Hotel,234333,175750,Inclusive of taxes,8.5,Lovina
OYO 90302 Wisma Damai,156801,122305,Inclusive of taxes,5.9,West Denpasar
AB Kuta Hotel,569600,273408,Inclusive of taxes,8.7,Badung
Budhi Kuta Beach Inn,190000,142500,Inclusive of taxes,7.6,Badung
Khalisha Villa Medewi,456000,342000,Inclusive of taxes,8.4,Mendoyo
Balangan Inn,190000,142500,Inclusive of taxes,7.9,Jimbaran
The Janan Villa,800001,600001,Inclusive of taxes,8.3,Sanur
The Payogan Villa Resort & Spa,4230000,2664900,Inclusive of taxes,8.6,Kedewatan
Puri Sunset Homestay,380000,285000,Inclusive of taxes,8.8,Munduk
Awan Bali House,540000,270000,Inclusive of taxes,8.9,Ubud
Coliving Bali Sweet Home Kost Lengkap di Tabanan Kota,110400,82800,Inclusive of taxes,8.9,Tabanan Kota
Purana Boutique Resort,1500000,1125000,Inclusive of taxes,9.2,Ubud
Hotel Kumala Pantai,1457592,1000585,Inclusive of taxes,8.7,Legian
Klumpu Bali Resort,2719702,2254000,Inclusive of taxes,8.8,Sanur
WK Gamat Garden by WizZeLa,430312,258187,Inclusive of taxes,8.6,Nusa Penida
Kali Unda Cottage,400000,300000,Inclusive of taxes,7.0,Semarapura Kelod
Svarna Hotel Sanur,420000,315000,Inclusive of taxes,7.6,Sanur
Ubud Padi Villas,3872000,2904000,Inclusive of taxes,9.0,Kedewatan
OYO 3307 Ayudia Residence,270045,170128,Inclusive of taxes,8.2,North Denpasar
Jungut Guest House,259258,129629,Inclusive of taxes,,Ubud
Apple Suite,978599,733949,Inclusive of taxes,8.1,Kerobokan
Kuta Sari House,450000,202500,Inclusive of taxes,8.2,Badung
Serela Kuta by KAGUM Hotels,355500,302175,Inclusive of taxes,8.3,Badung
SEAHOUSE BALI INDAH BEACH INN,450000,292500,Inclusive of taxes,9.0,Legian
Regali Villas,4755869,2269539,Inclusive of taxes,8.2,Canggu
Argasoka Bungalows,316667,237500,Inclusive of taxes,8.8,Monkey Forest
Argasoka Bungalows,316667,237500,Inclusive of taxes,8.8,Monkey Forest
OYO 90714 Umah Pande Tabanan,126979,79997,Inclusive of taxes,,Tabanan Kota
Kawi Resort By Pramana,1056900,792675,Inclusive of taxes,8.7,Tampaksiring
Guesthouse 999,253333,190000,Inclusive of taxes,8.4,Kerobokan
Villa Ad,2533333,1900000,Inclusive of taxes,,Ungasan
Umah Hijau Tabanan,238110,147628,Inclusive of taxes,7.7,Tabanan Kota
Vista  Penginapan Tabanan,368000,276000,Inclusive of taxes,7.5,Tabanan Kota
Puri Karang Besakih,699999,524999,Inclusive of taxes,8.4,Besakih
The Sintesa Residence Jimbaran,4664901,1593000,Inclusive of taxes,8.1,Jimbaran
Dimpil Homestay,251988,188991,Inclusive of taxes,8.2,Pemuteran
Jukung Cottage by Pramana Villas,1017830,814264,Inclusive of taxes,8.7,Nusa Penida
Sri Phala Resort & Villa,1033975,703103,Inclusive of taxes,8.5,Sanur
AL Dewi Sri Villas - Nusa Penida,450000,202500,Inclusive of taxes,,Nusa Penida
Aashaya Jasri Resort,1066666,799999,Inclusive of taxes,,Amlapura
Bumi Ayu Bungalows - CHSE Certified,565020,517499,Inclusive of taxes,7.6,Sanur
Agung Alit Guest House,190000,142500,Inclusive of taxes,8.7,Ubud
Sedok Jineng Villa by WizZeLa,430312,236672,Inclusive of taxes,8.8,Nusa Lembongan
Sri Ratih Ubud,3542232,2351250,Inclusive of taxes,9.5,Sayan
L'amore Hotel Seminyak,666665,499999,Inclusive of taxes,8.3,West Denpasar
New Asta Graha,380000,152000,Inclusive of taxes,8.4,Jimbaran
PP Dream Guesthouse,340000,255000,Inclusive of taxes,,Singaraja
Keramas Sacred River Village,742500,631125,Inclusive of taxes,8.9,Keramas
Hotel Puri Bali,246667,185000,Inclusive of taxes,,Mendoyo
Sang Tirta Farm Living Resort,506667,380000,Inclusive of taxes,8.8,Penebel
Kusuma House,200933,150700,Inclusive of taxes,8.0,Badung
Indigo Blue Ceningan,1066667,800000,Inclusive of taxes,,Nusa Ceningan
Muaya Villa,1200000,900000,Inclusive of taxes,8.7,Jimbaran
The Legian 777,194793,170000,Inclusive of taxes,7.4,Legian
Gaing Mas Residence by Gaing Mas Group,503885,236826,Inclusive of taxes,,Jimbaran
City Garden Bali Dwipa Hotel,361932,224760,Inclusive of taxes,8.6,Legian
Chillhouse Lembongan Homestay,220002,165001,Inclusive of taxes,9.2,Nusa Lembongan
Cempaka Losmen,160000,120000,Inclusive of taxes,7.3,Legian
Maha Rama Suite Amed,765000,382500,Inclusive of taxes,8.0,Amed
Simona Hotel Canggu,197089,145540,Inclusive of taxes,6.2,Canggu
Kahayana Suites,1157000,462800,Inclusive of taxes,8.7,Ubud
Villa JJ and Spa Ubud,530909,440000,Inclusive of taxes,8.8,Ubud
Sahaja Sawah Resort,2261000,1695750,Inclusive of taxes,,Selemadeg
Ubud Glassy Villas by Pramana Villas,1186823,890117,Inclusive of taxes,8.8,Ubud
Kubu Benoa Guest House,600000,450000,Inclusive of taxes,9.6,Tanjung Benoa
Bagus Agro Pelaga,2079000,1559250,Inclusive of taxes,8.7,Plaga
Bali Royal Heritage Villas,900000,540000,Inclusive of taxes,,Seminyak
The Kutaya Guest House,312862,286013,Inclusive of taxes,8.2,Badung
Rama Beach Resort & Villas,3297619,2263620,Inclusive of taxes,8.6,Badung
Agung View Villa,850000,552500,Inclusive of taxes,,Nusa Penida
Ubud 18,240000,180000,Inclusive of taxes,8.0,Ubud
Taman Agung Hotel,926922,507501,Inclusive of taxes,8.4,Sanur
Soraya Apartment,466667,350000,Inclusive of taxes,8.3,Seminyak
OYO 1762 Hotel Astiti Graha Tanah Lot,179485,139998,Inclusive of taxes,7.0,Tanah Lot
Jangkrik Homestay,226667,170000,Inclusive of taxes,8.5,Ubud
Rahayu Guest House Ubud,215648,174675,Inclusive of taxes,9.2,Ubud
Hotel Satriya Cottages,950482,762300,Inclusive of taxes,8.7,Poppies
Ode Hostel,63333,47500,Inclusive of taxes,8.4,Monkey Forest
Bunut Garden Luxury Private Villa - CHSE Certified,1768760,1620000,Inclusive of taxes,8.8,Kedewatan
Tamarind Beach Bungalow Lembongan,540000,405000,Inclusive of taxes,7.9,Nusa Lembongan
Dukuh Village Villas,730800,548100,Inclusive of taxes,8.8,Tegallalang
The Village of Angels,2141810,1581616,Inclusive of taxes,,Candidasa
Laguna Reef Hut Lembongan,570000,456000,Inclusive of taxes,8.8,Nusa Lembongan
Tropical Garden Inn,239868,179901,Inclusive of taxes,,Nusa Penida
Hotel Segara Agung,906300,561906,Inclusive of taxes,,Sanur
Oki Taru Residence,500000,300000,Inclusive of taxes,,Tuban
Hotel Singasari Seririt,156877,117658,Inclusive of taxes,8.3,Seririt
Annapurna River View Villas,2933334,2200000,Inclusive of taxes,,Mengwi
Malibu Huts Nusa Penida,780000,585000,Inclusive of taxes,9.0,Nusa Penida
Champlung Sari Hotel Ubud,1390400,695200,Inclusive of taxes,8.3,Monkey Forest
Valomia Guesthouse,204705,153529,Inclusive of taxes,8.2,West Denpasar
Cameng Homestay,466668,350001,Inclusive of taxes,,Sanur
Bendesa Accomodation,357143,267857,Inclusive of taxes,7.3,Legian
Swastika Guest House,466668,350001,Inclusive of taxes,7.9,Sanur
Dekara Cottages Penida,269100,161460,Inclusive of taxes,,Nusa Penida
Fourteen Roses Beach Hotel,610517,422500,Inclusive of taxes,7.9,Legian
Bayak Bali Hotel,180000,135000,Inclusive of taxes,6.6,West Denpasar
Nakula Familiar Inn,450000,202500,Inclusive of taxes,9.0,North Denpasar
Dajan Buyan Homestay,418000,313500,Inclusive of taxes,8.6,Bedugul
The Garden Villa,797333,598000,Inclusive of taxes,8.3,Sanur
Bataran Garden Cottage,600000,450000,Inclusive of taxes,8.3,Nusa Penida
Pinggan Sunrise Camp,276817,207613,Inclusive of taxes,,Kintamani
Amed Lodge by Sudamala Resorts,1046900,674999,Inclusive of taxes,8.6,Amed
Nirmala Guest House,1147429,693461,Inclusive of taxes,8.5,Keramas
Risata Bali Resort & Spa,880000,616000,Inclusive of taxes,8.4,Badung
Suma Beach Hotel,324000,243000,Inclusive of taxes,7.9,Lovina
The Sanyas Retreat,1170000,1053000,Inclusive of taxes,8.5,Kerambitan
Hotel Sari,237000,201450,Inclusive of taxes,7.8,Gilimanuk
Hotel Duta Karya,399780,241612,Inclusive of taxes,6.7,Singaraja
Medewi Surf Lodge,240000,180000,Inclusive of taxes,7.0,Medewi
OYO 3096 Hotel Dewi Warsiki,163007,127145,Inclusive of taxes,7.3,Gilimanuk
Tarzan Marriott on Penida,690600,517950,Inclusive of taxes,,Nusa Penida
OYO 3062 Pondok Wisata Dewata,188561,118793,Inclusive of taxes,7.1,Batubulan
Tarzan Marriott on Penida,690600,517950,Inclusive of taxes,,Nusa Penida
OYO 3062 Pondok Wisata Dewata,188561,118793,Inclusive of taxes,7.1,Batubulan
Origin Uluwatu,1596500,1436850,Inclusive of taxes,9.2,Pecatu
Suji Bungalow,282450,246500,Inclusive of taxes,8.2,Poppies
Adiwana Warnakali Resort,3799430,2608083,Inclusive of taxes,9.1,Nusa Penida
XOXO Kuta Legian Hostel,278400,208800,Inclusive of taxes,8.2,Legian
Sariqu House,223940,167955,Inclusive of taxes,8.7,Badung
Margarita Surf Hostel Canggu,141845,78015,Inclusive of taxes,7.5,Canggu
Singgahan Bungalow,366667,275000,Inclusive of taxes,,Nusa Penida
Kangkung Cottages Karangasem,426000,319500,Inclusive of taxes,8.2,Amlapura
Ariks Hotel Ubud,361819,180001,Inclusive of taxes,,Ubud
Pradana Beach Inn,660000,495000,Inclusive of taxes,,Nusa Penida
Bali Eco Living Dormitory,102000,76500,Inclusive of taxes,7.8,Denpasar
Bali Diva Hotel,397914,246707,Inclusive of taxes,6.8,Poppies
Denays Guest House Jimbaran,404806,190259,Inclusive of taxes,7.6,Jimbaran
Puri Naga Beachfront Cottages,1696428,475000,Inclusive of taxes,7.6,Seminyak
Villa das Meer,629000,471750,Inclusive of taxes,8.6,Banjar
Villa Green House Penida aka Citronella Homestay,266666,141333,Inclusive of taxes,8.1,Nusa Penida
Yulia 2 Homestay Sanur Guesthouse,413333,310000,Inclusive of taxes,8.0,Sanur
Balitung Villa Seminyak,1557692,905580,Inclusive of taxes,,Seminyak
Abyan Guest House,349333,262000,Inclusive of taxes,7.6,Sanur
SPOT ON 1927 Hotel Candra Adigraha,146652,92391,Inclusive of taxes,7.2,North Denpasar
Surf Doggie Inn,145667,109250,Inclusive of taxes,8.3,Badung
Gora Beach Inn,735575,367788,Inclusive of taxes,8.2,Poppies
Svaha Private Villa Ceningan,569100,426825,Inclusive of taxes,,Nusa Ceningan
Wonder-Land Villa,253333,190000,Inclusive of taxes,8.0,Monkey Forest
Dolphin Beach Bali,1881322,840000,Inclusive of taxes,8.0,Lovina
Kibu Kauh Sunrise Cottage Penida,340000,255000,Inclusive of taxes,8.8,Nusa Penida
Relax Bali Dive & Spa Resort,1641444,1231083,Inclusive of taxes,,Tulamben
The Alena Resort by Pramana,4149832,1659933,Inclusive of taxes,8.7,Ubud
Hotel Cianjur Bali,322667,242000,Inclusive of taxes,7.8,East Denpasar
Pondok Bali Guest House,266667,200000,Inclusive of taxes,8.8,Lovina
Puri Padi Hotel,933333,700000,Inclusive of taxes,7.3,Monkey Forest
The Radiant Hotel and Spa,850000,425000,Inclusive of taxes,8.3,Tuban
The Backyard House,210667,158000,Inclusive of taxes,8.7,Tanah Lot
Taman Mekar Beach Inn,217858,135072,Inclusive of taxes,8.2,Poppies
Pradhana Residence,240000,180000,Inclusive of taxes,8.3,Tuban
"Puri Lumbung Restaurant, Cottage & Waterpark Mengwi",535476,401607,Inclusive of taxes,,Mengwi
Eat Sleep Skate,1179175,1080001,Inclusive of taxes,8.6,East Denpasar
OYO 90810 Ravaya Homestay,120796,76101,Inclusive of taxes,,Singaraja
Kubu B'dauh Homestay,313333,235000,Inclusive of taxes,7.9,Legian
Nusa Sedayu hotel,1066666,799999,Inclusive of taxes,,Nusa Penida
Jepun Bali Hotel,1046760,785070,Inclusive of taxes,8.7,Badung
Pertiwi Bisma 2,1575000,677250,Inclusive of taxes,8.3,Monkey Forest
Mimpi Resort Tulamben Dive and Spa,1508490,1001300,Inclusive of taxes,8.5,Tulamben
Karang Sari Guesthouse & Restaurant,348000,261000,Inclusive of taxes,8.7,Munduk
Taos House Nusa Lembongan by Best Deals Asia Hospitality,937500,375000,Inclusive of taxes,8.9,Nusa Lembongan
Bintang Bungalow Nusa Penida,834600,625950,Inclusive of taxes,8.7,Nusa Penida
Hotel Lestari Gilimanuk,220000,165000,Inclusive of taxes,8.2,Gilimanuk
Rise Apartment Sanur,414960,311220,Inclusive of taxes,,Sanur
Wadari Retreat Villa Ubud,2160000,1490400,Inclusive of taxes,8.5,Sukawati
Ocean Brothers Ceningan,599999,449999,Inclusive of taxes,8.5,Nusa Ceningan
Kumari Villa,2280000,1710000,Inclusive of taxes,7.8,Kerobokan
Asri Sari Ubud Resort & Villa,720000,288000,Inclusive of taxes,7.9,Ubud
Respati Beach Hotel,2399999,1799999,Inclusive of taxes,8.5,Sanur
Villa Baba Lovina,466667,350000,Inclusive of taxes,,Lovina
Bali Mountain Retreat,466667,350000,Inclusive of taxes,,Selemadeg
Wawa Wewe II Villas,699999,524999,Inclusive of taxes,8.2,Amed
Cozy Palm,266665,199999,Inclusive of taxes,8.3,Jimbaran
Tirta Ening Agung Hotel,540000,405000,Inclusive of taxes,8.3,Sanur
Antari Hotel Pemuteran,1066666,799999,Inclusive of taxes,8.3,Pemuteran
Trijaya Guest House,163875,147488,Inclusive of taxes,8.8,Pemuteran
Interconnection Kuta,418000,313500,Inclusive of taxes,8.9,Badung
Bukit Permata Lembongan,333334,250000,Inclusive of taxes,,Nusa Lembongan
OYO 90895 Giri Puspa Guest Hose,252537,196979,Inclusive of taxes,,Nusa Dua
Rumah Roda Home Stay,1317769,450001,Inclusive of taxes,8.9,Ubud
Balitone Guest House,360000,313200,Inclusive of taxes,8.3,West Denpasar
Made House Sanur,98264,90000,Inclusive of taxes,8.6,Sanur
Flamingo Dewata Suite,3350970,1005291,Inclusive of taxes,9.0,Pecatu
Uma Kutuh 2,288000,201600,Inclusive of taxes,8.0,Ubud
Utari Residence Legian,233333,175000,Inclusive of taxes,8.7,Legian
Gapul Homestay,204000,153000,Inclusive of taxes,8.1,Nusa Penida
Margareth Homestay,170000,158100,Inclusive of taxes,8.3,Ungasan
Jesen's Inn 2,399999,299999,Inclusive of taxes,8.1,Badung
Balian Paradise Resort,320000,224000,Inclusive of taxes,7.2,Balian
Yuda Homestay Nusa Penida,540000,405000,Inclusive of taxes,,Nusa Penida
Dream Beach Cottages,482644,399999,Inclusive of taxes,,Nusa Lembongan
Mejore Beach Hotel,1350000,945000,Inclusive of taxes,8.7,Amed
Kubu Mekarsari Homestay,448180,336135,Inclusive of taxes,8.2,Jimbaran
Bali Bobo Hostel,160001,120001,Inclusive of taxes,9.3,Jimbaran
Hill Dance Bali American Hotel,933333,700000,Inclusive of taxes,,Jimbaran
The Visala Boutique Suite Seminyak,2765703,1650000,Inclusive of taxes,8.6,Seminyak
Hartaning House by Pramana Villas,581382,319760,Inclusive of taxes,8.4,Ubud
Green Beach Inn,532471,487688,Inclusive of taxes,8.8,Nusa Penida
White Sandy Beach Menjangan,380000,285000,Inclusive of taxes,8.5,Menjangan
Scuba Tribe Bali,380000,239400,Inclusive of taxes,9.3,Tulamben
White Sandy Beach Menjangan,380000,285000,Inclusive of taxes,8.5,Menjangan
Scuba Tribe Bali,380000,239400,Inclusive of taxes,9.3,Tulamben
G7 Residence,380000,285000,Inclusive of taxes,8.2,Nusa Dua
The Amrita Salt Farm Villas,1266668,950001,Inclusive of taxes,,Tejakula
Namastay,198000,118800,Inclusive of taxes,9.2,Monkey Forest
Balisanti Bungalows,775798,710550,Inclusive of taxes,8.8,Candidasa
Bramasa Guesthouse & Gallery,630000,315000,Inclusive of taxes,,Ubud
Aru House Ubud,133333,100000,Inclusive of taxes,,Monkey Forest
Mutiara Kost - Imam Bonjol Denpasar,200000,150000,Inclusive of taxes,8.0,West Denpasar
Desila Beach House,289155,216866,Inclusive of taxes,,Nusa Penida
Kencana Ubud Cottage,348750,296438,Inclusive of taxes,9.1,Ubud
Svaha Ubud,360000,270000,Inclusive of taxes,7.9,Ubud
Sahera  Hotel Karangasem,733332,549999,Inclusive of taxes,9.0,Amed
Jati 3 Bungalow & Spa,466666,350000,Inclusive of taxes,7.6,Monkey Forest
Hotel The Flora Kuta Bali,420000,315000,Inclusive of taxes,8.5,Badung
Darba Guest House,585000,280800,Inclusive of taxes,9.3,Ubud
Liberty Dive Resort,966667,725000,Inclusive of taxes,7.3,Tulamben
Sing sing Residence,333333,250000,Inclusive of taxes,,West Denpasar
Umah Anila,300811,225608,Inclusive of taxes,8.9,Ubud
The Swell,222000,166500,Inclusive of taxes,8.7,Tanah Lot
Sayang Residence I,386289,239499,Inclusive of taxes,7.2,West Denpasar
Bali Nusa Cottage,300811,225608,Inclusive of taxes,8.3,Nusa Lembongan
The Ayudya Gelogor Carik,245662,225001,Inclusive of taxes,8.2,Denpasar
deSeruni Guest House,373939,231842,Inclusive of taxes,8.7,West Denpasar
Kubu Kalih,474942,292550,Inclusive of taxes,7.8,Denpasar
BB Homestay Two,250000,230000,Inclusive of taxes,6.9,Pecatu
Green Palace Homestay Nusa Penida,370291,229580,Inclusive of taxes,8.3,Nusa Penida
The Puncak Santhi Inn,200000,180000,Inclusive of taxes,,Nusa Penida
Nyuh Gading Bungalow,262800,197100,Inclusive of taxes,9.1,Nusa Penida
Genta House,369600,277200,Inclusive of taxes,,Badung
Sanur Ayu Hotel,329333,247000,Inclusive of taxes,7.7,Sanur
Doubleyou Home Stay Pemuteran,333335,250001,Inclusive of taxes,,Pemuteran
Sukanusa Luxury Huts,530627,485999,Inclusive of taxes,8.8,Nusa Lembongan
Kerti Beach Bungalow and Restaurant,307573,230680,Inclusive of taxes,7.2,Padangbai
Madu Sari Hotel Kintamani,306667,230000,Inclusive of taxes,7.8,Kintamani
The Somayan Bungalows,228160,190445,Inclusive of taxes,8.9,Nusa Penida
Mulia Home Stay,286666,214999,Inclusive of taxes,,Kutuh
Bhuwana Ubud Hotel and Farming,995330,734999,Inclusive of taxes,8.8,Ubud
Suly Vegetarian Resort & Spa,1068958,564000,Inclusive of taxes,7.8,Ubud
Sari Indah Cottages,348524,216085,Inclusive of taxes,8.4,Legian
Puri Sading Hotel,938664,560001,Inclusive of taxes,8.2,Sanur
Teba House Bisma Ubud,308137,156401,Inclusive of taxes,,Ubud
Wahyu Masari Homestay Penida,329400,247050,Inclusive of taxes,9.0,Nusa Penida
The Banana House Nusa Penida,202500,172125,Inclusive of taxes,9.3,Nusa Penida
OYO Flagship 91062 Antara Sunset Road,343194,267691,Inclusive of taxes,7.9,Denpasar
The Niti Hut's Lembongan,973333,730000,Inclusive of taxes,8.5,Nusa Lembongan
Ubud Sari Health Resort,895691,521699,Inclusive of taxes,8.5,Ubud
The Ruum,165636,91100,Inclusive of taxes,8.7,Canggu
Bale Bali House,260000,195000,Inclusive of taxes,,Ubud
Kondra Premiere Guest House,724104,354811,Inclusive of taxes,8.3,Legian
Kememai Hostel,138155,75985,Inclusive of taxes,8.6,Monkey Forest
Rita ZA Hotel,196078,137255,Inclusive of taxes,6.5,Legian
CHEZ IDA,600001,450001,Inclusive of taxes,8.4,Ubud
Shangrilah Villas,558347,360000,Inclusive of taxes,8.0,Baturiti
Teja Homestay,399999,299999,Inclusive of taxes,,Ubud
Kailash Homestay,532000,399000,Inclusive of taxes,8.5,Padangbai
Taxa Uma,295380,183136,Inclusive of taxes,8.2,Badung
THE AYUDYA PURA DEMAK,266667,200000,Inclusive of taxes,,West Denpasar
The Ocean Sunset Villas Ceningan,733332,549999,Inclusive of taxes,8.2,Nusa Ceningan
The Nicho's Bungalows & Villas,346962,332499,Inclusive of taxes,8.4,Nusa Lembongan
Gedhong Hostel,230557,115279,Inclusive of taxes,,Nusa Penida
Hotel Mawar II Denpasar,216600,162450,Inclusive of taxes,7.6,West Denpasar
Cool Breeze Bungalow Nusa Penida,337500,253125,Inclusive of taxes,,Nusa Penida
Mekar Jaya Bungalows,202667,152000,Inclusive of taxes,7.6,Legian
Van Santri Homestay Pemuteran,173333,130000,Inclusive of taxes,9.0,Pemuteran
LaGriya Guest House,637500,478125,Inclusive of taxes,7.6,East Denpasar
Putri Homestay,699999,524999,Inclusive of taxes,,Sanur
Kubu Turah Homestay,274716,166027,Inclusive of taxes,7.3,Jimbaran
Uma Kutuh Bungalow,191076,143307,Inclusive of taxes,7.3,Ubud
Bukit Indah Homestay,190000,142500,Inclusive of taxes,8.5,Amed
OYO 90089 Hotel Satria Syariah,129073,100677,Inclusive of taxes,8.8,North Denpasar
Ramp Cottage,399999,299999,Inclusive of taxes,,Nusa Penida
Buda Cottage Ubud,343925,314999,Inclusive of taxes,,Tampaksiring
Omah Nusa Villa,333334,250000,Inclusive of taxes,,Nusa Penida
Kubu Indah Guest House,235835,216000,Inclusive of taxes,,Nusa Penida
Bali Asli Lodge by EPS,395882,216750,Inclusive of taxes,8.5,Ubud
Ninja Suite Villa,511693,317250,Inclusive of taxes,7.8,East Denpasar
Matta Lodge Bali,228000,171000,Inclusive of taxes,8.6,Jimbaran
Bulan Bali Homestay & Hostel,300000,225000,Inclusive of taxes,8.9,Ubud
Ramaya Ubud View by EPS,268920,242028,Inclusive of taxes,7.5,Payangan
Ubud Canti Accommodation,266668,200001,Inclusive of taxes,8.1,Ubud
Amed Sari Beach Guesthouse,266668,200001,Inclusive of taxes,,Amed
Medal Jaya Hostel & Room,133333,100000,Inclusive of taxes,,Nusa Lembongan
The Warji Bisma,426515,275000,Inclusive of taxes,8.5,Ubud
Arnata Guest House,133333,100000,Inclusive of taxes,7.5,Susut
Eliska Sari Bungalows,276000,207000,Inclusive of taxes,9.0,Menjangan
Bulan Bali Hostel,100000,75000,Inclusive of taxes,,Ubud
Askara Guest House & Hostel,200000,150000,Inclusive of taxes,,Ubud
Write Hostel,127744,117000,Inclusive of taxes,9.0,Nusa Penida
The Calna Villa Bali,2254792,1826382,Inclusive of taxes,8.8,Badung
Artaloka Hotel Penida,666667,500000,Inclusive of taxes,,Nusa Penida
The Calna Villa Bali,2254792,1826382,Inclusive of taxes,8.8,Badung
Artaloka Hotel Penida,666667,500000,Inclusive of taxes,,Nusa Penida
Delight ART Villas,9684112,7263084,Inclusive of taxes,,Seminyak
The Garuda Homestay Sanur,320000,272000,Inclusive of taxes,,Sanur
Castaway Resort Lembongan,2857631,2143223,Inclusive of taxes,,Nusa Lembongan
"Dua Dari, a Residence by Hadiprana",3750000,3375000,Inclusive of taxes,,Ubud
Sebuluh Sunset Hill Penida,1403100,841860,Inclusive of taxes,9.5,Nusa Penida
Kania Villa by WizZeLa,700000,427000,Inclusive of taxes,,Nusa Dua
Watu Jineng by WizZeLa,382500,267750,Inclusive of taxes,,Nusa Penida
The Bhaswara Ubud,705750,529313,Inclusive of taxes,,Sukawati
The Kd Suites & Coffee Shop,1200000,600000,Inclusive of taxes,,Cemagi
Villa Paradise Uluwatu,12266666,9200000,Inclusive of taxes,,Ungasan
Aventus Resort Ubud,819000,573300,Inclusive of taxes,,Tegallalang
Prayatna Villas,2000000,1500000,Inclusive of taxes,,Sebatu
Lovina Beach 1 & 2,12118553,9088915,Inclusive of taxes,,Banjar
"Dua Dari, a Residence by Hadiprana",3750000,3375000,Inclusive of taxes,,Ubud
Sebuluh Sunset Hill Penida,1403100,841860,Inclusive of taxes,9.5,Nusa Penida
Kania Villa by WizZeLa,700000,427000,Inclusive of taxes,,Nusa Dua
Watu Jineng by WizZeLa,382500,267750,Inclusive of taxes,,Nusa Penida
GK Bali Resort,3022500,1360125,Inclusive of taxes,,Sebatu
Amala Villas Ubud,10694063,8555250,Inclusive of taxes,,Payangan
Danakha Villa Ubud,3750000,1500000,Inclusive of taxes,,Tegallalang
Kalya Villa by Supala,1074228,762702,Inclusive of taxes,,Ubud
The Sagara Penida,1866667,1400000,Inclusive of taxes,,Nusa Penida
The Royal Santrian,10585884,7266547,Inclusive of taxes,,Tanjung Benoa
Kelingking Sunset Point Hotel & Spa,1295000,971250,Inclusive of taxes,,Nusa Penida
Manda Villa.,2085616,1249476,Inclusive of taxes,,Nusa Dua
GK Bali Resort,3022500,1360125,Inclusive of taxes,,Sebatu
Homestay Mas Arjuna,291739,180878,Inclusive of taxes,,West Denpasar
The Sayan House,20000000,15000000,Inclusive of taxes,,Sayan
